# Blender v2.78 (sub 0) OBJ File: 'guard_house_guard_house.blend'
# www.blender.org
mtllib Guard_House_Guard_House.mtl
o Mesh12_Group10_Group3_Group1_Model
v 1.739828 0.607795 -1.180525
v 1.739828 0.607795 0.029438
v 1.739828 -0.002205 0.029438
v 1.739828 -0.002205 0.019438
v 1.739828 0.597795 0.019438
v 1.739828 0.597795 -1.180525
v 1.757828 -0.002205 0.019438
v 1.757828 0.597795 0.019438
v 1.739828 -0.002205 -1.180525
v 1.757828 -0.002205 -1.180525
v 1.757828 0.597795 -1.180525
v 1.759828 0.595795 0.017438
v 1.759828 0.595795 -1.178525
v 1.759828 -0.000205 0.017438
v 1.759828 -0.000205 -1.178525
v -1.850167 2.447799 -1.150525
v -1.850167 2.437799 -1.150525
v 1.709828 2.437799 -1.150525
v 1.709828 2.447799 -1.150525
v -1.850167 2.447788 1.199478
v -1.850167 2.437789 1.199478
v 1.709828 2.447788 1.199478
v 1.709828 2.437789 1.199478
v 2.216728 2.437799 -2.057415
v -2.357059 2.437799 -2.057415
v -2.357059 2.437789 2.106369
v 2.216728 2.437789 2.106369
v -1.880128 0.597795 1.229478
v -1.898128 0.597795 1.229478
v -1.898128 -0.002205 1.229478
v -1.880128 -0.002205 1.229478
v -1.880128 0.597795 0.029518
v -1.898128 0.597795 0.029518
v -1.880128 -0.002205 0.029518
v -1.898128 -0.002205 0.029518
v -1.900127 -0.000205 1.227478
v -1.900127 -0.000205 0.031518
v -1.900128 0.595795 1.227478
v -1.900128 0.595795 0.031518
v -1.880128 0.607795 1.229478
v -1.880127 0.607795 0.029518
v 1.739828 1.817799 -1.180525
v 0.539868 1.817799 -1.180525
v 0.539868 1.217795 -1.180525
v 0.529868 1.217795 -1.180525
v 0.529868 1.827799 -1.180525
v 1.739828 1.827799 -1.180525
v 1.739828 1.817799 -1.198525
v 0.539868 1.817799 -1.198525
v 1.739828 1.217795 -1.180525
v 1.739828 1.217795 -1.198525
v 0.539868 1.217795 -1.198525
v 0.541868 1.815799 -1.200525
v 0.541868 1.219795 -1.200525
v 1.737828 1.815799 -1.200525
v 1.737828 1.219795 -1.200525
v -1.855167 1.248105 -1.123041
v -1.855167 1.262715 -0.019232
v -1.855167 1.248105 -0.005012
v -1.855167 1.262715 -1.108830
v -1.855167 2.407489 -1.123041
v -1.855167 2.392869 -1.108830
v -1.857167 2.390869 -1.106884
v -1.857167 1.264715 -1.106884
v -1.855167 2.392869 -0.019232
v -1.857167 2.390869 -0.021172
v -1.857167 1.264715 -0.021172
v -1.855167 2.407489 -0.005012
v -1.852167 2.407489 -1.123041
v -1.852167 2.407489 -0.005012
v -1.852167 1.248105 -1.123041
v -1.852167 1.248105 -0.005012
v -1.850167 1.246105 -0.003062
v -1.850167 2.409489 -0.003062
v -1.850167 1.246105 -1.124987
v -1.850167 2.409489 -1.124987
v -1.850167 2.435799 -1.150579
v -1.850167 1.219795 -1.150579
v -1.850167 1.219795 0.022528
v -1.850167 2.435799 0.022528
v -1.852167 2.437799 0.024478
v -1.852167 1.217795 0.024478
v -1.852167 2.437799 -1.152525
v -1.852167 1.217795 -1.152525
v -1.898167 1.217795 -1.152525
v -1.898167 1.217795 0.024478
v -1.898167 2.437799 -1.152525
v -1.898167 2.437799 0.024478
v -1.900167 2.435799 -1.150579
v -1.900167 2.435799 0.022528
v -1.900167 2.409489 -0.003062
v -1.900167 2.409489 -1.124987
v -1.900167 1.246105 -1.124987
v -1.900167 1.219795 -1.150579
v -1.900167 1.219795 0.022528
v -1.900167 1.246105 -0.003062
v -1.898167 2.407489 -0.005012
v -1.898167 1.248105 -0.005012
v -1.898167 2.407489 -1.123041
v -1.898167 1.248105 -1.123041
v -1.885167 1.248105 -1.123041
v -1.885167 1.248105 -0.005012
v -1.885167 2.407489 -1.123041
v -1.885167 2.407489 -0.005012
v -1.885167 1.262715 -0.019232
v -1.885167 2.392869 -0.019232
v -1.883167 1.264715 -0.021172
v -1.883167 2.390869 -0.021172
v -1.883167 1.264715 -1.106884
v -1.885167 1.262715 -1.108830
v -1.883167 2.390869 -1.106884
v -1.885167 2.392869 -1.108830
v -0.710472 1.248105 -1.155525
v -1.845237 1.262715 -1.155525
v -1.859857 1.248105 -1.155525
v -0.725082 1.262715 -1.155525
v -0.710472 2.407489 -1.155525
v -0.725082 2.392869 -1.155525
v -0.727082 2.390869 -1.157525
v -0.727082 1.264715 -1.157525
v -1.845237 2.392869 -1.155525
v -1.843237 2.390869 -1.157525
v -1.843237 1.264715 -1.157525
v -1.859857 2.407489 -1.155525
v -0.710472 2.407489 -1.152525
v -1.859857 2.407489 -1.152525
v -0.710472 1.248105 -1.152525
v -1.859857 1.248105 -1.152525
v -1.861857 1.246105 -1.150525
v -1.861857 2.409489 -1.150525
v -0.708472 1.246105 -1.150525
v -0.708472 2.409489 -1.150525
v -0.682162 2.435799 -1.150525
v -0.682162 1.219795 -1.150525
v -1.888167 1.219795 -1.150525
v -1.888167 2.435799 -1.150525
v -1.890167 2.437799 -1.152525
v -1.890167 1.217795 -1.152525
v -0.680162 2.437799 -1.152525
v -0.680162 1.217795 -1.152525
v -0.680162 1.217795 -1.198525
v -1.890167 1.217795 -1.198525
v -0.680162 2.437799 -1.198525
v -1.890167 2.437799 -1.198525
v -0.682162 2.435799 -1.200525
v -1.888167 2.435799 -1.200525
v -1.861857 2.409489 -1.200525
v -0.708472 2.409489 -1.200525
v -0.708472 1.246105 -1.200525
v -0.682162 1.219795 -1.200525
v -1.888167 1.219795 -1.200525
v -1.861857 1.246105 -1.200525
v -1.859857 2.407489 -1.198525
v -1.859857 1.248105 -1.198525
v -0.710472 2.407489 -1.198525
v -0.710472 1.248105 -1.198525
v -0.710472 1.248105 -1.185525
v -1.859857 1.248105 -1.185525
v -0.710472 2.407489 -1.185525
v -1.859857 2.407489 -1.185525
v -1.845237 1.262715 -1.185525
v -1.845237 2.392869 -1.185525
v -1.843237 1.264715 -1.183525
v -1.843237 2.390869 -1.183525
v -0.727082 1.264715 -1.183525
v -0.725082 1.262715 -1.185525
v -0.727082 2.390869 -1.183525
v -0.725082 2.392869 -1.185525
v 1.739798 2.437799 1.229478
v 0.529828 2.437799 1.229478
v 0.529828 1.827798 1.229478
v 0.539828 1.827798 1.229478
v 0.539828 2.427799 1.229478
v 1.739798 2.427799 1.229478
v 0.539828 1.827798 1.247478
v 0.539828 2.427799 1.247478
v 1.739798 1.827798 1.229478
v 1.739798 1.827798 1.247478
v 1.739798 2.427799 1.247478
v 0.541828 2.425799 1.249478
v 1.737798 2.425799 1.249478
v 0.541828 1.829798 1.249478
v 1.737798 1.829798 1.249478
v 1.739828 1.827799 -1.180525
v 1.739828 1.827799 0.029438
v 1.739828 1.217795 0.029438
v 1.739828 1.217795 0.019438
v 1.739828 1.817799 0.019438
v 1.739828 1.817799 -1.180525
v 1.757828 1.217795 0.019438
v 1.757828 1.817799 0.019438
v 1.739828 1.217795 -1.180525
v 1.757828 1.217795 -1.180525
v 1.757828 1.817799 -1.180525
v 1.759828 1.815799 0.017438
v 1.759828 1.815799 -1.178525
v 1.759828 1.219795 0.017438
v 1.759828 1.219795 -1.178525
v -0.635232 2.390869 -1.170525
v 0.480918 2.390869 -1.170525
v 0.480918 1.264715 -1.170525
v -0.635232 1.264715 -1.170525
v 1.719828 2.437799 -1.180524
v 1.719828 -0.002205 -1.180525
v 1.719828 -0.002205 1.229478
v 1.719828 2.437799 1.229478
v 1.739828 1.827798 1.229478
v 1.757828 1.827798 1.229478
v 1.757828 2.427799 1.229478
v 1.739828 2.427799 1.229478
v 1.739828 1.827799 0.029518
v 1.757828 1.827799 0.029518
v 1.739828 2.427799 0.029518
v 1.757828 2.427799 0.029518
v 1.759828 2.425799 1.227479
v 1.759828 2.425799 0.031518
v 1.759828 1.829798 1.227479
v 1.759828 1.829799 0.031518
v 1.739828 2.437799 0.029518
v 1.739828 2.437799 1.229478
v 2.224708 2.627788 2.114359
v 2.224708 2.627799 -2.065400
v -2.365043 2.627799 -2.065400
v -2.365043 2.627788 2.114359
v 0.850638 2.432799 1.806368
v 0.853338 2.432799 1.785878
v 0.861248 2.432799 1.766778
v 0.873828 2.432799 1.750368
v 0.890238 2.432799 1.737788
v 0.909338 2.432799 1.729878
v 0.929828 2.432799 1.727178
v 0.950328 2.432799 1.729878
v 0.969428 2.432799 1.737788
v 0.985828 2.432799 1.750368
v 0.998418 2.432799 1.766778
v 1.006328 2.432799 1.785878
v 1.009028 2.432799 1.806368
v 1.006328 2.432799 1.826869
v 0.998418 2.432799 1.845968
v 0.985828 2.432799 1.862368
v 0.969428 2.432799 1.874959
v 0.950328 2.432799 1.882869
v 0.929828 2.432799 1.885568
v 0.909338 2.432799 1.882869
v 0.890238 2.432799 1.874959
v 0.873828 2.432799 1.862368
v 0.861248 2.432799 1.845968
v 0.853338 2.432799 1.826869
v 0.850638 2.429798 1.806368
v 0.853338 2.429798 1.785878
v 0.853338 2.429798 1.826869
v 0.861248 2.429798 1.845968
v 0.873828 2.429798 1.862368
v 0.890238 2.429798 1.874959
v 0.909338 2.429798 1.882869
v 0.929828 2.429798 1.885568
v 0.950328 2.429798 1.882869
v 0.969428 2.429798 1.874959
v 0.985828 2.429798 1.862368
v 0.998418 2.429798 1.845968
v 1.006328 2.429798 1.826869
v 1.009028 2.429798 1.806368
v 1.006328 2.429798 1.785878
v 0.998418 2.429798 1.766778
v 0.985828 2.429798 1.750368
v 0.969428 2.429798 1.737788
v 0.950328 2.429798 1.729878
v 0.929828 2.429798 1.727178
v 0.909338 2.429798 1.729878
v 0.890238 2.429798 1.737788
v 0.873828 2.429798 1.750368
v 0.861248 2.429798 1.766778
v 0.851388 2.427799 1.785348
v 0.848618 2.427799 1.806368
v 0.851388 2.427799 1.827389
v 0.859498 2.427799 1.846978
v 0.872408 2.427799 1.863798
v 0.889228 2.427799 1.876698
v 0.908808 2.427799 1.884819
v 0.929828 2.427799 1.887578
v 0.950848 2.427799 1.884819
v 0.970438 2.427799 1.876698
v 0.987258 2.427799 1.863798
v 1.000158 2.427799 1.846978
v 1.008278 2.427799 1.827389
v 1.011038 2.427799 1.806368
v 1.008278 2.427799 1.785348
v 1.000158 2.427799 1.765769
v 0.987258 2.427799 1.748948
v 0.970438 2.427799 1.736038
v 0.950848 2.427799 1.727928
v 0.929828 2.427799 1.725158
v 0.908808 2.427799 1.727928
v 0.889228 2.427799 1.736038
v 0.872408 2.427799 1.748948
v 0.859498 2.427799 1.765769
v 0.860548 2.427799 1.737088
v 0.844978 2.427799 1.757378
v 0.844978 2.427799 1.855358
v 0.835188 2.427799 1.831728
v 0.835188 2.427799 1.781008
v 0.831848 2.427799 1.806368
v 0.833238 2.429798 1.832248
v 0.829828 2.429798 1.806368
v 0.843228 2.429798 1.856369
v 0.859118 2.429798 1.877079
v 0.843228 2.437799 1.856369
v 0.859118 2.437799 1.877079
v 0.833238 2.437799 1.832248
v 0.829828 2.437799 1.806368
v 0.833238 2.437799 1.780488
v 0.833238 2.429798 1.780488
v 0.843228 2.437799 1.756368
v 0.843228 2.429798 1.756368
v 0.859118 2.437799 1.735658
v 0.859118 2.429798 1.735658
v 0.879828 2.437799 1.719769
v 0.879828 2.429798 1.719769
v 0.903948 2.437799 1.709779
v 0.903948 2.429798 1.709779
v 0.929828 2.437799 1.706368
v 0.929828 2.429798 1.706368
v 0.955708 2.437799 1.709779
v 0.955708 2.429798 1.709779
v 0.979828 2.437799 1.719769
v 0.979828 2.429798 1.719769
v 1.000538 2.437799 1.735658
v 1.000538 2.429798 1.735658
v 1.016428 2.437799 1.756368
v 1.016428 2.429798 1.756368
v 1.026418 2.437799 1.780488
v 1.026418 2.429798 1.780488
v 1.029828 2.437799 1.806368
v 1.029828 2.429798 1.806368
v 1.026418 2.437799 1.832248
v 1.026418 2.429798 1.832248
v 1.016428 2.437799 1.856369
v 1.016428 2.429798 1.856369
v 1.000538 2.437799 1.877079
v 1.000538 2.429798 1.877079
v 0.979828 2.437799 1.892968
v 0.979828 2.429798 1.892968
v 0.955708 2.437799 1.902958
v 0.955708 2.429798 1.902958
v 0.929828 2.437799 1.906368
v 0.929828 2.429798 1.906368
v 0.903948 2.437799 1.902958
v 0.903948 2.429798 1.902958
v 0.879828 2.437799 1.892968
v 0.879828 2.429798 1.892968
v 0.860548 2.427799 1.875659
v 0.880838 2.427799 1.891228
v 0.904468 2.427799 1.901018
v 0.929828 2.427799 1.904348
v 0.955188 2.427799 1.901018
v 0.978818 2.427799 1.891228
v 0.999118 2.427799 1.875659
v 1.014688 2.427799 1.855358
v 1.014688 2.427799 1.757378
v 0.999118 2.427799 1.737088
v 0.978818 2.427799 1.721519
v 0.955188 2.427799 1.711728
v 0.929828 2.427799 1.708388
v 0.904468 2.427799 1.711728
v 0.880838 2.427799 1.721519
v 1.024478 2.427799 1.781008
v 1.027808 2.427799 1.806368
v 1.024478 2.427799 1.831728
v 1.739798 0.607795 1.229478
v 0.529828 0.607795 1.229478
v 0.529828 -0.002205 1.229478
v 0.539828 -0.002205 1.229478
v 0.539828 0.597795 1.229478
v 1.739798 0.597795 1.229478
v 0.539828 -0.002205 1.247478
v 0.539828 0.597795 1.247478
v 1.739798 -0.002205 1.229478
v 1.739798 -0.002205 1.247478
v 1.739798 0.597795 1.247478
v 0.541828 0.595795 1.249478
v 1.737798 0.595795 1.249478
v 0.541828 -0.000205 1.249478
v 1.737798 -0.000205 1.249478
v 0.529798 0.607795 1.229478
v -0.680172 0.607795 1.229478
v -0.680172 -0.002205 1.229478
v -0.670172 -0.002205 1.229478
v -0.670172 0.597795 1.229478
v 0.529798 0.597795 1.229478
v -0.670172 -0.002205 1.247478
v -0.670172 0.597795 1.247478
v 0.529798 -0.002205 1.229478
v 0.529798 -0.002205 1.247478
v 0.529798 0.597795 1.247478
v -0.668172 0.595795 1.249478
v 0.527798 0.595795 1.249478
v -0.668172 -0.000205 1.249478
v 0.527798 -0.000205 1.249478
v -0.680162 0.097795 1.239478
v -0.687622 0.097795 1.239478
v -0.687622 0.097795 1.209478
v -0.680162 0.097795 1.209478
v -0.680162 2.437799 1.239478
v -1.420172 2.437799 1.239478
v -1.420172 0.097795 1.239478
v -1.412712 0.097795 1.239478
v -1.412712 2.280339 1.239478
v -0.687622 2.280339 1.239478
v -1.420172 2.437799 1.209478
v -0.680162 2.437799 1.209478
v -1.420172 0.097795 1.209478
v -0.687622 2.280339 1.209478
v -1.412712 2.280339 1.209478
v -1.412712 0.097795 1.209478
v -0.689612 0.099795 1.211478
v -0.689612 2.276338 1.211478
v -0.689612 0.099795 1.237478
v -0.689612 2.276338 1.237478
v -0.691622 2.278339 1.237478
v -1.408702 2.278339 1.237478
v -1.410712 2.276338 1.237478
v -1.410712 0.099795 1.237478
v -1.410712 0.099795 1.211478
v -1.410712 2.276338 1.211478
v -1.408702 2.278339 1.211478
v -0.691622 2.278339 1.211478
v 1.739828 1.207795 -1.180525
v 0.539868 1.207795 -1.180525
v 0.539868 0.607795 -1.180525
v 0.529868 0.607795 -1.180525
v 0.529868 1.217795 -1.180525
v 1.739828 1.217795 -1.180525
v 1.739828 1.207795 -1.198525
v 0.539868 1.207795 -1.198525
v 1.739828 0.607795 -1.180525
v 1.739828 0.607795 -1.198525
v 0.539868 0.607795 -1.198525
v 0.541868 1.205795 -1.200525
v 0.541868 0.609795 -1.200525
v 1.737828 1.205795 -1.200525
v 1.737828 0.609795 -1.200525
v 1.739828 0.607795 1.229478
v 1.757828 0.607795 1.229478
v 1.757828 1.207794 1.229478
v 1.739828 1.207794 1.229478
v 1.739828 0.607795 0.029518
v 1.757828 0.607795 0.029518
v 1.739828 1.207795 0.029518
v 1.757828 1.207795 0.029518
v 1.759828 1.205795 1.227478
v 1.759828 1.205795 0.031518
v 1.759828 0.609795 1.227478
v 1.759828 0.609795 0.031518
v 1.739828 1.217795 0.029518
v 1.739828 1.217795 1.229478
v -1.880127 0.607795 -1.180525
v -0.680172 0.607795 -1.180525
v -0.680172 0.597795 -1.180525
v -1.880127 0.597795 -1.180525
v -0.680172 0.597795 -1.198525
v -1.880127 0.597795 -1.198525
v -0.680172 -0.002205 -1.180525
v -0.680172 -0.002205 -1.198525
v -1.880127 -0.002205 -1.180525
v -1.880127 -0.002205 -1.198525
v -1.878128 0.595795 -1.200525
v -1.878128 -0.000205 -1.200525
v -0.682172 0.595795 -1.200525
v -0.682172 -0.000205 -1.200525
v -1.850167 1.217795 -1.160525
v -1.850167 1.217795 1.209478
v -1.850167 -0.002205 1.209478
v -1.850167 -0.002205 -1.160525
v -1.420172 1.217795 1.209478
v -1.420172 -0.002205 1.209478
v 0.497528 1.248105 -1.155525
v -0.637242 1.262715 -1.155525
v -0.651852 1.248105 -1.155525
v 0.482918 1.262715 -1.155525
v 0.497528 2.407489 -1.155525
v 0.482918 2.392869 -1.155525
v 0.480918 2.390869 -1.157525
v 0.480918 1.264715 -1.157525
v -0.637242 2.392869 -1.155525
v -0.635242 2.390869 -1.157525
v -0.635242 1.264715 -1.157525
v -0.651852 2.407489 -1.155525
v 0.497528 2.407489 -1.152525
v -0.651852 2.407489 -1.152525
v 0.497528 1.248105 -1.152525
v -0.651852 1.248105 -1.152525
v -0.653862 1.246105 -1.150525
v -0.653862 2.409489 -1.150525
v 0.499528 1.246105 -1.150525
v 0.499528 2.409489 -1.150525
v 0.525838 2.435799 -1.150525
v 0.525838 1.219795 -1.150525
v -0.680172 1.219795 -1.150525
v -0.680172 2.435799 -1.150525
v -0.682172 2.437799 -1.152525
v -0.682172 1.217795 -1.152525
v 0.527838 2.437799 -1.152525
v 0.527838 1.217795 -1.152525
v 0.527838 1.217795 -1.198525
v -0.682172 1.217795 -1.198525
v 0.527838 2.437799 -1.198525
v -0.682172 2.437799 -1.198525
v 0.525838 2.435799 -1.200525
v -0.680172 2.435799 -1.200525
v -0.653862 2.409489 -1.200525
v 0.499528 2.409489 -1.200525
v 0.499528 1.246105 -1.200525
v 0.525838 1.219795 -1.200525
v -0.680172 1.219795 -1.200525
v -0.653862 1.246105 -1.200525
v -0.651852 2.407489 -1.198525
v -0.651852 1.248105 -1.198525
v 0.497528 2.407489 -1.198525
v 0.497528 1.248105 -1.198525
v 0.497528 1.248105 -1.185525
v -0.651852 1.248105 -1.185525
v 0.497528 2.407489 -1.185525
v -0.651852 2.407489 -1.185525
v -0.637242 1.262715 -1.185525
v -0.637242 2.392869 -1.185525
v -0.635242 1.264715 -1.183525
v -0.635242 2.390869 -1.183525
v 0.480918 1.264715 -1.183525
v 0.482918 1.262715 -1.185525
v 0.480918 2.390869 -1.183525
v 0.482918 2.392869 -1.185525
v -1.150022 2.432799 -1.757413
v -1.147322 2.432799 -1.777912
v -1.139412 2.432799 -1.797013
v -1.126822 2.432799 -1.813413
v -1.110422 2.432799 -1.826003
v -1.091322 2.432799 -1.833912
v -1.070822 2.432799 -1.836613
v -1.050332 2.432799 -1.833912
v -1.031232 2.432799 -1.826003
v -1.014832 2.432799 -1.813413
v -1.002242 2.432799 -1.797013
v -0.994332 2.432799 -1.777912
v -0.991632 2.432799 -1.757413
v -0.994332 2.432799 -1.736923
v -1.002242 2.432799 -1.717823
v -1.014832 2.432799 -1.701413
v -1.031232 2.432799 -1.688833
v -1.050332 2.432799 -1.680923
v -1.070822 2.432799 -1.678223
v -1.091322 2.432799 -1.680923
v -1.110422 2.432799 -1.688833
v -1.126822 2.432799 -1.701413
v -1.139412 2.432799 -1.717823
v -1.147322 2.432799 -1.736923
v -1.150022 2.429799 -1.757413
v -1.147322 2.429799 -1.777912
v -1.147322 2.429799 -1.736923
v -1.139412 2.429799 -1.717823
v -1.126822 2.429799 -1.701413
v -1.110422 2.429799 -1.688833
v -1.091322 2.429799 -1.680923
v -1.070822 2.429799 -1.678223
v -1.050332 2.429799 -1.680923
v -1.031232 2.429799 -1.688833
v -1.014832 2.429799 -1.701413
v -1.002242 2.429799 -1.717823
v -0.994332 2.429799 -1.736923
v -0.991632 2.429799 -1.757413
v -0.994332 2.429799 -1.777912
v -1.002242 2.429799 -1.797013
v -1.014832 2.429799 -1.813413
v -1.031232 2.429799 -1.826003
v -1.050332 2.429799 -1.833912
v -1.070822 2.429799 -1.836613
v -1.091322 2.429799 -1.833912
v -1.110422 2.429799 -1.826003
v -1.126822 2.429799 -1.813413
v -1.139412 2.429799 -1.797013
v -1.141162 2.427799 -1.798023
v -1.149272 2.427799 -1.778433
v -1.152042 2.427799 -1.757413
v -1.149272 2.427799 -1.736393
v -1.141162 2.427799 -1.716812
v -1.128252 2.427799 -1.699993
v -1.111432 2.427799 -1.687083
v -1.091842 2.427799 -1.678973
v -1.070822 2.427799 -1.676203
v -1.049812 2.427799 -1.678973
v -1.030222 2.427799 -1.687083
v -1.013402 2.427799 -1.699993
v -1.000492 2.427799 -1.716812
v -0.992382 2.427799 -1.736393
v -0.989612 2.427799 -1.757413
v -0.992382 2.427799 -1.778433
v -1.000492 2.427799 -1.798023
v -1.013402 2.427799 -1.814843
v -1.030222 2.427799 -1.827743
v -1.049812 2.427799 -1.835863
v -1.070822 2.427799 -1.838623
v -1.091842 2.427799 -1.835863
v -1.111432 2.427799 -1.827743
v -1.128252 2.427799 -1.814843
v -1.140112 2.427799 -1.826703
v -1.155682 2.427799 -1.806403
v -1.155682 2.427799 -1.708423
v -1.165472 2.427799 -1.732053
v -1.165472 2.427799 -1.782773
v -1.168822 2.427799 -1.757413
v -1.167422 2.429799 -1.731533
v -1.170822 2.429799 -1.757413
v -1.170822 2.437799 -1.757413
v -1.167422 2.437799 -1.731533
v -1.167422 2.437799 -1.783293
v -1.167422 2.429799 -1.783293
v -1.157432 2.437799 -1.807413
v -1.157432 2.429799 -1.807413
v -1.141532 2.437799 -1.828122
v -1.141532 2.429799 -1.828122
v -1.120822 2.437799 -1.844013
v -1.120822 2.429799 -1.844013
v -1.096712 2.437799 -1.854003
v -1.096712 2.429799 -1.854003
v -1.070822 2.437799 -1.857413
v -1.070822 2.429799 -1.857413
v -1.044942 2.437799 -1.854003
v -1.044942 2.429799 -1.854003
v -1.020822 2.437799 -1.844013
v -1.020822 2.429799 -1.844013
v -1.000112 2.437799 -1.828122
v -1.000112 2.429799 -1.828122
v -0.984222 2.437799 -1.807413
v -0.984222 2.429799 -1.807413
v -0.974232 2.437799 -1.783293
v -0.974232 2.429799 -1.783293
v -0.970822 2.437799 -1.757413
v -0.970822 2.429799 -1.757413
v -0.974232 2.437799 -1.731533
v -0.974232 2.429799 -1.731533
v -0.984222 2.437799 -1.707413
v -0.984222 2.429799 -1.707413
v -1.000112 2.437799 -1.686703
v -1.000112 2.429799 -1.686703
v -1.020822 2.437799 -1.670813
v -1.020822 2.429799 -1.670813
v -1.044942 2.437799 -1.660823
v -1.044942 2.429799 -1.660823
v -1.070822 2.437799 -1.657413
v -1.070822 2.429799 -1.657413
v -1.096712 2.437799 -1.660823
v -1.096712 2.429799 -1.660823
v -1.120822 2.437799 -1.670813
v -1.120822 2.429799 -1.670813
v -1.141532 2.437799 -1.686703
v -1.141532 2.429799 -1.686703
v -1.157432 2.437799 -1.707413
v -1.157432 2.429799 -1.707413
v -1.140112 2.427799 -1.688133
v -1.119822 2.427799 -1.672563
v -1.096182 2.427799 -1.662773
v -1.070822 2.427799 -1.659433
v -1.045462 2.427799 -1.662773
v -1.021832 2.427799 -1.672563
v -1.001542 2.427799 -1.688133
v -0.985972 2.427799 -1.708423
v -0.985972 2.427799 -1.806403
v -1.001542 2.427799 -1.826703
v -1.021832 2.427799 -1.842273
v -1.045462 2.427799 -1.852063
v -1.070822 2.427799 -1.855393
v -1.096182 2.427799 -1.852063
v -1.119822 2.427799 -1.842273
v -0.976182 2.427799 -1.782773
v -0.972842 2.427799 -1.757413
v -0.976182 2.427799 -1.732053
v -1.880167 0.607795 1.229478
v -1.880167 0.607795 1.247478
v -1.880167 1.207794 1.247478
v -1.880167 1.207794 1.229478
v -1.430172 0.607795 1.229478
v -1.430172 0.607795 1.247478
v -1.430172 1.207794 1.229478
v -1.430172 1.207794 1.247478
v -1.878167 1.205795 1.249478
v -1.432172 1.205795 1.249478
v -1.878167 0.609795 1.249478
v -1.432172 0.609795 1.249478
v -1.420172 0.607795 1.229478
v -1.420172 1.217795 1.229478
v -1.880167 1.217795 1.229478
v -0.680172 1.217795 1.209478
v 0.529828 1.217795 1.209478
v 0.529828 2.437799 1.209478
v 1.719828 2.437799 1.209478
v 1.719828 -0.002205 1.209478
v -0.680172 -0.002205 1.209478
v -1.880128 1.207795 -1.180525
v -1.880128 1.207795 0.019438
v -1.880127 0.607795 0.019438
v -1.880127 0.607795 0.029438
v -1.880128 1.217795 0.029438
v -1.880128 1.217795 -1.180525
v -1.898128 1.207795 -1.180525
v -1.898128 1.207795 0.019438
v -1.880127 0.607795 -1.180525
v -1.898127 0.607795 -1.180525
v -1.898127 0.607795 0.019438
v -1.900127 1.205795 0.017438
v -1.900127 0.609795 0.017438
v -1.900127 1.205795 -1.178525
v -1.900127 0.609795 -1.178525
v 1.739798 1.217795 1.229478
v 0.529828 1.217795 1.229478
v 0.529828 0.607795 1.229478
v 0.539828 0.607795 1.229478
v 0.539828 1.207794 1.229478
v 1.739798 1.207794 1.229478
v 0.539828 0.607795 1.247478
v 0.539828 1.207794 1.247478
v 1.739798 0.607795 1.229478
v 1.739798 0.607795 1.247478
v 1.739798 1.207794 1.247478
v 0.541828 1.205795 1.249478
v 1.737798 1.205795 1.249478
v 0.541828 0.609795 1.249478
v 1.737798 0.609795 1.249478
v 0.529868 0.597795 -1.180525
v -0.670092 0.597795 -1.180525
v -0.670092 -0.002205 -1.180525
v -0.680092 -0.002205 -1.180525
v -0.680092 0.607795 -1.180525
v 0.529868 0.607795 -1.180525
v 0.529868 0.597795 -1.198525
v -0.670092 0.597795 -1.198525
v 0.529868 -0.002205 -1.180525
v 0.529868 -0.002205 -1.198525
v -0.670092 -0.002205 -1.198525
v -0.668092 0.595795 -1.200525
v -0.668092 -0.000205 -1.200525
v 0.527868 0.595795 -1.200525
v 0.527868 -0.000205 -1.200525
v -1.870167 2.390869 -0.021172
v -1.870167 2.390869 -1.106884
v -1.870167 1.264715 -1.106884
v -1.870167 1.264715 -0.021172
v -1.843237 2.390869 -1.170525
v -0.727092 2.390869 -1.170525
v -0.727092 1.264715 -1.170525
v -1.843237 1.264715 -1.170525
v 0.529868 1.207795 -1.180525
v -0.670092 1.207795 -1.180525
v -0.670092 0.607795 -1.180525
v -0.680092 0.607795 -1.180525
v -0.680092 1.217795 -1.180525
v 0.529868 1.217795 -1.180525
v 0.529868 1.207795 -1.198525
v -0.670092 1.207795 -1.198525
v 0.529868 0.607795 -1.180525
v 0.529868 0.607795 -1.198525
v -0.670092 0.607795 -1.198525
v -0.668092 1.205795 -1.200525
v -0.668092 0.609795 -1.200524
v 0.527868 1.205795 -1.200525
v 0.527868 0.609795 -1.200524
v 1.739828 2.437799 -1.180525
v 1.739828 2.437799 0.029438
v 1.739828 1.827799 0.029438
v 1.739828 1.827799 0.019438
v 1.739828 2.427799 0.019438
v 1.739828 2.427799 -1.180525
v 1.757828 1.827799 0.019438
v 1.757828 2.427799 0.019438
v 1.739828 1.827799 -1.180525
v 1.757828 1.827799 -1.180525
v 1.757828 2.427799 -1.180525
v 1.759828 2.425799 0.017438
v 1.759828 2.425799 -1.178525
v 1.759828 1.829799 0.017438
v 1.759828 1.829799 -1.178525
v -1.862328 1.264714 1.219478
v -1.438008 1.264714 1.219478
v -1.438008 2.390868 1.219478
v -1.862328 2.390868 1.219478
v -1.150022 2.432799 1.806368
v -1.147322 2.432799 1.785878
v -1.139412 2.432799 1.766778
v -1.126822 2.432799 1.750368
v -1.110422 2.432799 1.737788
v -1.091322 2.432799 1.729878
v -1.070822 2.432799 1.727178
v -1.050332 2.432799 1.729878
v -1.031232 2.432799 1.737788
v -1.014832 2.432799 1.750368
v -1.002242 2.432799 1.766778
v -0.994332 2.432799 1.785878
v -0.991632 2.432799 1.806368
v -0.994332 2.432799 1.826869
v -1.002242 2.432799 1.845968
v -1.014832 2.432799 1.862368
v -1.031232 2.432799 1.874959
v -1.050332 2.432799 1.882869
v -1.070822 2.432799 1.885568
v -1.091322 2.432799 1.882869
v -1.110422 2.432799 1.874959
v -1.126822 2.432799 1.862368
v -1.139412 2.432799 1.845968
v -1.147322 2.432799 1.826869
v -1.150022 2.429798 1.806368
v -1.147322 2.429798 1.785878
v -1.147322 2.429798 1.826869
v -1.139412 2.429798 1.845968
v -1.126822 2.429798 1.862368
v -1.110422 2.429798 1.874959
v -1.091322 2.429798 1.882869
v -1.070822 2.429798 1.885568
v -1.050332 2.429798 1.882869
v -1.031232 2.429798 1.874959
v -1.014832 2.429798 1.862368
v -1.002242 2.429798 1.845968
v -0.994332 2.429798 1.826869
v -0.991632 2.429798 1.806368
v -0.994332 2.429798 1.785878
v -1.002242 2.429798 1.766778
v -1.014832 2.429798 1.750368
v -1.031232 2.429798 1.737788
v -1.050332 2.429798 1.729878
v -1.070822 2.429798 1.727178
v -1.091322 2.429798 1.729878
v -1.110422 2.429798 1.737788
v -1.126822 2.429798 1.750368
v -1.139412 2.429798 1.766778
v -1.141162 2.427799 1.765769
v -1.149272 2.427799 1.785348
v -1.128252 2.427799 1.748948
v -1.140112 2.427799 1.737088
v -1.155682 2.427799 1.757378
v -1.152042 2.427799 1.806368
v -1.155682 2.427799 1.855358
v -1.165472 2.427799 1.831728
v -1.165472 2.427799 1.781008
v -1.168822 2.427799 1.806368
v -1.167422 2.429798 1.832248
v -1.170822 2.429798 1.806368
v -1.170822 2.437799 1.806368
v -1.167422 2.437799 1.832248
v -1.167422 2.437799 1.780488
v -1.167422 2.429798 1.780488
v -1.157432 2.437799 1.756368
v -1.157432 2.429798 1.756368
v -1.141532 2.437799 1.735658
v -1.141532 2.429798 1.735658
v -1.120822 2.437799 1.719769
v -1.120822 2.429798 1.719769
v -1.096712 2.437799 1.709779
v -1.096712 2.429798 1.709779
v -1.070822 2.437799 1.706368
v -1.070822 2.429798 1.706368
v -1.044942 2.437799 1.709779
v -1.044942 2.429798 1.709779
v -1.020822 2.437799 1.719769
v -1.020822 2.429798 1.719769
v -1.000112 2.437799 1.735658
v -1.000112 2.429798 1.735658
v -0.984222 2.437799 1.756368
v -0.984222 2.429798 1.756368
v -0.974232 2.437799 1.780488
v -0.974232 2.429798 1.780488
v -0.970822 2.437799 1.806368
v -0.970822 2.429798 1.806368
v -0.974232 2.437799 1.832248
v -0.974232 2.429798 1.832248
v -0.984222 2.437799 1.856369
v -0.984222 2.429798 1.856369
v -1.000112 2.437799 1.877079
v -1.000112 2.429798 1.877079
v -1.020822 2.437799 1.892968
v -1.020822 2.429798 1.892968
v -1.044942 2.437799 1.902958
v -1.044942 2.429798 1.902958
v -1.070822 2.437799 1.906368
v -1.070822 2.429798 1.906368
v -1.096712 2.437799 1.902958
v -1.096712 2.429798 1.902958
v -1.120822 2.437799 1.892968
v -1.120822 2.429798 1.892968
v -1.141532 2.437799 1.877079
v -1.141532 2.429798 1.877079
v -1.157432 2.437799 1.856369
v -1.157432 2.429798 1.856369
v -1.140112 2.427799 1.875659
v -1.149272 2.427799 1.827389
v -1.141162 2.427799 1.846978
v -1.128252 2.427799 1.863798
v -1.111432 2.427799 1.876698
v -1.091842 2.427799 1.884819
v -1.070822 2.427799 1.887578
v -1.049812 2.427799 1.884819
v -1.030222 2.427799 1.876698
v -1.013402 2.427799 1.863798
v -1.000492 2.427799 1.846978
v -0.992382 2.427799 1.827389
v -0.989612 2.427799 1.806368
v -0.992382 2.427799 1.785348
v -1.000492 2.427799 1.765769
v -1.013402 2.427799 1.748948
v -1.030222 2.427799 1.736038
v -1.049812 2.427799 1.727928
v -1.070822 2.427799 1.725158
v -1.091842 2.427799 1.727928
v -1.111432 2.427799 1.736038
v -1.119822 2.427799 1.721519
v -1.096182 2.427799 1.711728
v -1.070822 2.427799 1.708388
v -1.045462 2.427799 1.711728
v -1.021832 2.427799 1.721519
v -1.001542 2.427799 1.737088
v -0.985972 2.427799 1.757378
v -0.976182 2.427799 1.781008
v -0.972842 2.427799 1.806368
v -0.976182 2.427799 1.831728
v -0.985972 2.427799 1.855358
v -1.001542 2.427799 1.875659
v -1.021832 2.427799 1.891228
v -1.045462 2.427799 1.901018
v -1.070822 2.427799 1.904348
v -1.096182 2.427799 1.901018
v -1.119822 2.427799 1.891228
v 1.739828 2.427799 -1.180525
v 0.539868 2.427799 -1.180525
v 0.539868 1.827799 -1.180525
v 0.529868 1.827799 -1.180525
v 0.529868 2.437799 -1.180525
v 1.739828 2.437799 -1.180525
v 1.739828 2.427799 -1.198525
v 0.539868 2.427799 -1.198525
v 1.739828 1.827799 -1.180525
v 1.739828 1.827799 -1.198525
v 0.539868 1.827799 -1.198525
v 0.541868 2.425799 -1.200525
v 0.541868 1.829799 -1.200525
v 1.737828 2.425799 -1.200525
v 1.737828 1.829799 -1.200525
v 1.739828 -0.002205 1.229478
v 1.757828 -0.002205 1.229478
v 1.757828 0.597795 1.229478
v 1.739828 0.597795 1.229478
v 1.739828 -0.002205 0.029518
v 1.757828 -0.002205 0.029518
v 1.739828 0.597795 0.029518
v 1.757828 0.597795 0.029518
v 1.759828 0.595795 1.227478
v 1.759828 0.595795 0.031518
v 1.759828 -0.000205 1.227478
v 1.759828 -0.000205 0.031518
v 1.739828 0.607795 0.029518
v 1.739828 0.607795 1.229478
v -0.689612 2.287799 1.239478
v -0.689612 2.287799 1.247478
v -1.410712 2.287799 1.247478
v -1.410712 2.287799 1.239478
v -0.689612 2.437799 1.239478
v -0.689612 2.437799 1.247478
v -1.410712 2.437799 1.239478
v -1.410712 2.437799 1.247478
v -1.408712 2.289798 1.249478
v -1.408712 2.435798 1.249478
v -0.691612 2.289798 1.249478
v -0.691612 2.435798 1.249478
v -1.880128 1.207794 1.229478
v -1.898128 1.207794 1.229478
v -1.898127 0.607795 1.229478
v -1.880127 0.607795 1.229478
v -1.880128 1.207795 0.029518
v -1.898128 1.207795 0.029518
v -1.880127 0.607795 0.029518
v -1.898127 0.607795 0.029518
v -1.900127 0.609795 1.227478
v -1.900127 0.609795 0.031518
v -1.900127 1.205795 1.227478
v -1.900127 1.205795 0.031518
v -1.880128 1.217795 1.229478
v -1.880128 1.217795 0.029518
v -1.431692 1.248105 1.234478
v -1.431692 1.248105 1.247478
v -1.431692 2.407489 1.247478
v -1.431692 2.407489 1.234478
v -1.868637 1.248105 1.234478
v -1.868637 1.248105 1.247478
v -1.868637 2.407489 1.234478
v -1.868637 2.407489 1.247478
v -1.429692 2.409488 1.249478
v -1.870637 2.409488 1.249478
v -1.429692 1.246104 1.249478
v -1.870637 1.246104 1.249478
v -1.878167 2.435798 1.249478
v -1.878167 1.219795 1.249478
v -1.422172 1.219795 1.249478
v -1.422172 2.435798 1.249478
v -1.420172 1.217795 1.247478
v -1.420172 2.437799 1.247478
v -1.880167 1.217795 1.247478
v -1.880167 2.437799 1.247478
v -1.880167 2.437799 1.201478
v -1.420172 2.437799 1.201478
v -1.880167 1.217795 1.201478
v -1.420172 1.217795 1.201478
v -1.878167 1.219795 1.199478
v -1.422172 1.219795 1.199478
v -1.878167 2.435798 1.199478
v -1.422172 2.435798 1.199478
v -1.429692 1.246104 1.199478
v -1.870637 1.246104 1.199478
v -1.870637 2.409488 1.199478
v -1.429692 2.409488 1.199478
v -1.431692 1.248105 1.201478
v -1.431692 2.407489 1.201478
v -1.431692 2.407489 1.204479
v -1.431692 1.248105 1.204478
v -1.868637 2.407489 1.204479
v -1.868637 2.407489 1.201478
v -1.868637 1.248105 1.204478
v -1.868637 1.248105 1.201478
v -1.864327 1.262715 1.204478
v -1.864327 2.392869 1.204479
v -1.436007 2.392869 1.204479
v -1.436007 1.262715 1.204478
v -1.862327 1.264714 1.206478
v -1.438008 1.264714 1.206478
v -1.438008 1.264714 1.232478
v -1.862327 1.264714 1.232478
v -1.438008 2.390868 1.232478
v -1.438008 2.390868 1.206478
v -1.436007 1.262715 1.234478
v -1.436007 2.392869 1.234478
v -1.864327 1.262715 1.234478
v -1.864327 2.392869 1.234478
v -1.862327 2.390868 1.232478
v -1.862327 2.390868 1.206478
v -1.855167 1.248105 0.053958
v -1.855167 1.262715 1.157768
v -1.855167 1.248105 1.171988
v -1.855167 1.262715 0.068168
v -1.855167 2.407489 0.053958
v -1.855167 2.392869 0.068168
v -1.857167 2.390869 0.070118
v -1.857167 1.264715 0.070118
v -1.855167 2.392869 1.157768
v -1.857167 2.390868 1.155828
v -1.857167 1.264714 1.155828
v -1.855167 2.407489 1.171988
v -1.852167 2.407489 0.053958
v -1.852167 2.407489 1.171988
v -1.852167 1.248105 0.053958
v -1.852167 1.248105 1.171988
v -1.850167 1.246104 1.173938
v -1.850167 2.409488 1.173939
v -1.850167 1.246105 0.052008
v -1.850167 2.409489 0.052008
v -1.850167 2.435799 0.026418
v -1.850167 1.219795 0.026418
v -1.850167 1.219795 1.199528
v -1.850167 2.435798 1.199528
v -1.852167 2.437799 1.201478
v -1.852167 1.217795 1.201478
v -1.852167 2.437799 0.024478
v -1.852167 1.217795 0.024478
v -1.898167 1.217795 0.024478
v -1.898167 1.217795 1.201478
v -1.898167 2.437799 0.024478
v -1.898167 2.437799 1.201478
v -1.900168 2.435799 0.026418
v -1.900168 2.435798 1.199528
v -1.900168 2.409488 1.173939
v -1.900168 2.409489 0.052008
v -1.900167 1.246105 0.052008
v -1.900167 1.219795 0.026418
v -1.900167 1.219795 1.199528
v -1.900167 1.246104 1.173938
v -1.898167 2.407489 1.171988
v -1.898167 1.248105 1.171988
v -1.898167 2.407489 0.053958
v -1.898167 1.248105 0.053958
v -1.885167 1.248105 0.053958
v -1.885167 1.248105 1.171988
v -1.885167 2.407489 0.053958
v -1.885167 2.407489 1.171988
v -1.885167 1.262715 1.157768
v -1.885167 2.392869 1.157768
v -1.883167 1.264714 1.155828
v -1.883167 2.390868 1.155828
v -1.883167 1.264715 0.070118
v -1.885167 1.262715 0.068168
v -1.883167 2.390869 0.070118
v -1.885167 2.392869 0.068168
v -1.870167 2.390868 1.155828
v -1.870167 2.390869 0.070118
v -1.870167 1.264715 0.070118
v -1.870167 1.264714 1.155828
v -1.880167 -0.002205 1.229478
v -1.880167 -0.002205 1.247478
v -1.880167 0.597795 1.247478
v -1.880167 0.597795 1.229478
v -1.430172 -0.002205 1.229478
v -1.430172 -0.002205 1.247478
v -1.430172 0.597795 1.229478
v -1.430172 0.597795 1.247478
v -1.878167 0.595795 1.249478
v -1.432172 0.595795 1.249478
v -1.878167 -0.000205 1.249478
v -1.432172 -0.000205 1.249478
v -1.420172 -0.002205 1.229478
v -1.420172 0.607795 1.229478
v -1.880167 0.607795 1.229478
v 1.709828 2.447799 -0.748525
v 1.709828 2.447799 -0.652525
v 1.709828 2.495799 -0.652525
v 1.709828 2.495799 -0.748525
v 1.707828 2.495799 -0.650525
v 1.707828 2.449799 -0.650525
v 1.707828 2.497799 -0.652525
v 1.707828 2.497799 -0.748525
v -1.848167 2.497799 -0.652525
v -1.848167 2.497799 -0.748525
v -1.850167 2.495799 -0.652525
v -1.850167 2.495799 -0.748525
v -1.848167 2.495799 -0.650525
v -1.848167 2.449799 -0.650525
v 1.709828 2.447799 -0.648525
v -1.850167 2.447799 -0.648525
v 1.709828 2.447799 -0.552525
v -1.850167 2.447799 -0.552525
v -1.848167 2.449799 -0.550525
v 1.707828 2.449799 -0.550525
v -1.850167 2.447799 -0.548525
v -1.848167 2.495799 -0.550525
v -1.850167 2.495799 -0.548525
v -1.848167 2.497799 -0.548525
v -1.848167 2.497799 -0.452525
v -1.850167 2.495799 -0.452525
v 1.707828 2.497799 -0.452525
v 1.707828 2.497799 -0.548525
v 1.707828 2.495799 -0.450525
v -1.848167 2.495799 -0.450525
v 1.709828 2.495799 -0.452525
v 1.709828 2.495799 -0.548525
v 1.707828 2.495799 -0.550525
v 1.709828 2.447799 -0.548525
v 1.709828 2.447799 -0.452525
v 1.707828 2.449799 -0.450525
v 1.709828 2.447799 -0.448525
v -1.850167 2.447799 -0.448525
v -1.848167 2.449799 -0.450525
v -1.850167 2.447799 -0.352525
v 1.709828 2.447799 -0.352525
v -1.848167 2.449799 -0.350525
v 1.707828 2.449799 -0.350525
v -1.850167 2.447799 -0.348522
v -1.848167 2.495799 -0.350525
v -1.850167 2.495799 -0.348522
v -1.848167 2.497799 -0.348522
v -1.848167 2.497799 -0.252521
v -1.850167 2.495799 -0.252521
v 1.707828 2.497799 -0.348522
v 1.707828 2.497799 -0.252521
v 1.709828 2.495799 -0.348522
v 1.709828 2.495799 -0.252521
v 1.707828 2.495799 -0.350525
v 1.709828 2.447799 -0.348522
v 1.709828 2.447799 -0.252522
v 1.707828 2.495799 -0.250522
v 1.707828 2.449799 -0.250522
v -1.848167 2.495799 -0.250522
v -1.848167 2.449799 -0.250522
v 1.709828 2.447799 -0.248522
v -1.850167 2.447799 -0.248522
v -1.850167 2.447799 -0.152522
v 1.709828 2.447799 -0.152522
v -1.848167 2.449799 -0.150522
v 1.707828 2.449799 -0.150522
v -1.850167 2.447799 -0.148522
v -1.848167 2.495799 -0.150522
v -1.850167 2.495799 -0.148522
v -1.848167 2.497799 -0.148522
v -1.848167 2.497799 -0.052522
v -1.850167 2.495799 -0.052522
v 1.707828 2.497799 -0.148522
v 1.707828 2.497799 -0.052522
v 1.709828 2.495799 -0.148522
v 1.709828 2.495799 -0.052522
v 1.707828 2.495799 -0.150522
v 1.709828 2.447799 -0.148522
v 1.709828 2.447799 -0.052522
v 1.707828 2.495799 -0.050522
v 1.707828 2.449799 -0.050522
v -1.848167 2.495799 -0.050522
v -1.848167 2.449799 -0.050522
v 1.709828 2.447799 -0.048522
v -1.850167 2.447799 -0.048522
v -1.850167 2.447799 0.047478
v 1.709828 2.447799 0.047478
v -1.848167 2.449799 0.049478
v 1.707828 2.449799 0.049478
v -1.850167 2.447799 0.051478
v -1.848167 2.495799 0.049478
v -1.850167 2.495799 0.051478
v -1.848167 2.497799 0.051478
v -1.848167 2.497799 0.147478
v -1.850167 2.495799 0.147478
v 1.707828 2.497799 0.051478
v 1.707828 2.497799 0.147478
v 1.707828 2.495799 0.049478
v 1.709828 2.447799 0.051478
v 1.709828 2.495799 0.051478
v 1.709828 2.447799 0.147478
v 1.709828 2.495799 0.147478
v 1.707828 2.495799 0.149478
v 1.707828 2.449799 0.149478
v -1.848167 2.495799 0.149478
v -1.848167 2.449799 0.149478
v -1.850167 2.447799 0.147478
v -1.850167 2.447799 0.151478
v 1.709828 2.447799 0.151478
v -1.850167 2.447799 0.247478
v 1.709828 2.447799 0.247478
v -1.848167 2.449799 0.249478
v 1.707828 2.449799 0.249478
v -1.850167 2.447799 0.251478
v -1.848167 2.495799 0.249478
v -1.850167 2.495799 0.251478
v -1.848167 2.497799 0.251478
v -1.848167 2.497799 0.347478
v -1.850167 2.495799 0.347478
v 1.707828 2.497799 0.251478
v 1.707828 2.497799 0.347478
v 1.707828 2.495799 0.249478
v 1.709828 2.447799 0.251478
v 1.709828 2.495799 0.251478
v 1.709828 2.447799 0.347478
v 1.709828 2.495799 0.347478
v 1.707828 2.495799 0.349479
v 1.707828 2.449799 0.349478
v -1.848167 2.495799 0.349479
v -1.848167 2.449799 0.349478
v -1.850167 2.447799 0.347478
v -1.850167 2.447799 0.351478
v 1.709828 2.447799 0.351478
v 1.709828 2.447799 0.447478
v -1.850167 2.447799 0.447478
v -1.848167 2.449799 0.449478
v 1.707828 2.449799 0.449478
v -1.850167 2.447799 0.451478
v -1.848167 2.495799 0.449478
v -1.850167 2.495799 0.451479
v -1.848167 2.497799 0.451479
v -1.848167 2.497799 0.547478
v -1.850167 2.495799 0.547478
v 1.707828 2.497799 0.547478
v 1.707828 2.497799 0.451479
v 1.707828 2.495799 0.549478
v -1.848167 2.495799 0.549478
v 1.709828 2.495799 0.547478
v 1.709828 2.495799 0.451479
v 1.707828 2.495799 0.449478
v 1.709828 2.447799 0.451478
v 1.709828 2.447799 0.547478
v 1.707828 2.449799 0.549478
v 1.709828 2.447799 0.551478
v -1.850167 2.447799 0.551478
v -1.848167 2.449799 0.549478
v 1.709828 2.447799 0.647478
v -1.850167 2.447799 0.647478
v -1.848167 2.449799 0.649478
v 1.707828 2.449799 0.649478
v -1.850167 2.447799 0.651479
v -1.848167 2.495799 0.649478
v -1.850167 2.495799 0.651479
v -1.848167 2.497799 0.651479
v -1.848167 2.497799 0.747478
v -1.850167 2.495798 0.747478
v 1.707828 2.497799 0.651479
v 1.707828 2.497799 0.747478
v 1.709828 2.495799 0.651479
v 1.709828 2.495798 0.747478
v 1.707828 2.495799 0.649478
v 1.709828 2.447799 0.651479
v 1.709828 2.447798 0.747478
v 1.707828 2.495798 0.749478
v 1.707828 2.449798 0.749478
v -1.848167 2.495798 0.749478
v -1.848167 2.449798 0.749478
v -1.850167 2.447798 0.747478
v -1.850167 2.447798 0.751478
v 1.709828 2.447798 0.751478
v -1.850167 2.447798 0.847478
v 1.709828 2.447798 0.847478
v -1.848167 2.449798 0.849478
v 1.707828 2.449798 0.849478
v -1.850167 2.447798 0.851478
v -1.848167 2.495798 0.849478
v -1.850167 2.495798 0.851478
v -1.848167 2.497799 0.851478
v -1.848167 2.497799 0.947479
v -1.850167 2.495798 0.947479
v 1.707828 2.497799 0.851478
v 1.707828 2.497799 0.947479
v 1.707828 2.495798 0.849478
v 1.709828 2.447798 0.851478
v 1.709828 2.495798 0.851478
v 1.709828 2.447798 0.947479
v 1.709828 2.495798 0.947479
v 1.707828 2.495798 0.949478
v 1.707828 2.449798 0.949478
v -1.848167 2.495798 0.949478
v -1.848167 2.449798 0.949478
v 1.709828 2.447798 0.951478
v -1.850167 2.447798 0.951478
v -1.850167 2.447798 1.047478
v 1.709828 2.447798 1.047478
v -1.848167 2.449798 1.049479
v 1.707828 2.449798 1.049479
v -1.850167 2.447798 1.051478
v -1.848167 2.495798 1.049479
v -1.850167 2.495798 1.051478
v -1.848167 2.497799 1.051478
v -1.848167 2.497799 1.147478
v -1.850167 2.495798 1.147478
v 1.707828 2.497799 1.051478
v 1.707828 2.497799 1.147478
v 1.707828 2.495798 1.049479
v 1.709828 2.447798 1.051478
v 1.709828 2.495798 1.051478
v 1.709828 2.447798 1.147478
v 1.709828 2.495798 1.147478
v 1.707828 2.495798 1.149478
v 1.707828 2.449798 1.149478
v -1.848167 2.495798 1.149478
v -1.848167 2.449798 1.149478
v 1.709828 2.447798 1.151479
v -1.850167 2.447798 1.151479
v -1.850167 2.447798 1.199478
v 1.709828 2.447798 1.199478
v -1.850167 2.447798 1.147478
v -1.850167 2.447798 0.947479
v -1.850167 2.447799 0.547478
v -1.850167 2.447799 -0.052522
v -1.850167 2.447799 -0.252522
v -1.850167 2.447799 -0.452525
v -1.850167 2.447799 -0.652525
v -1.850167 2.447799 -0.748525
v -1.848167 2.495799 -0.750525
v -1.848167 2.449799 -0.750525
v 1.707828 2.495799 -0.750525
v 1.707828 2.449799 -0.750525
v -1.850167 2.447799 -0.752525
v 1.709828 2.447799 -0.752525
v 1.709828 2.447799 -0.848525
v -1.850167 2.447799 -0.848525
v -1.848167 2.449799 -0.850525
v 1.707828 2.449799 -0.850525
v -1.850167 2.447799 -0.852525
v -1.848167 2.495799 -0.850525
v -1.850167 2.495799 -0.852525
v 1.707828 2.495799 -0.850525
v -1.848167 2.497799 -0.852525
v 1.707828 2.497799 -0.852525
v -1.848167 2.497799 -0.948525
v 1.707828 2.497799 -0.948525
v -1.850167 2.495799 -0.948525
v -1.850167 2.447799 -0.948525
v -1.848167 2.495799 -0.950525
v -1.848167 2.449799 -0.950525
v 1.707828 2.495799 -0.950525
v 1.707828 2.449799 -0.950525
v -1.850167 2.447799 -0.952525
v 1.709828 2.447799 -0.952525
v 1.709828 2.447799 -1.048524
v -1.850167 2.447799 -1.048524
v -1.848167 2.449799 -1.050525
v 1.707828 2.449799 -1.050525
v -1.850167 2.447799 -1.052525
v -1.848167 2.495799 -1.050525
v -1.850167 2.495799 -1.052525
v 1.707828 2.495799 -1.050525
v -1.848167 2.497799 -1.052525
v 1.707828 2.497799 -1.052525
v -1.848167 2.497799 -1.148525
v 1.707828 2.497799 -1.148525
v -1.850167 2.495799 -1.148525
v -1.850167 2.447799 -1.148525
v -1.848167 2.447799 -1.150525
v -1.848167 2.495799 -1.150525
v -1.850167 2.447799 -1.150525
v 1.707828 2.447799 -1.150525
v 1.707828 2.495799 -1.150525
v 1.709828 2.447799 -1.148525
v 1.709828 2.495799 -1.148525
v 1.709828 2.447799 -1.052525
v 1.709828 2.495799 -1.052525
v 1.709828 2.447799 -1.150525
v 1.709828 2.447799 -0.948525
v 1.709828 2.495799 -0.948525
v 1.709828 2.447799 -0.852525
v 1.709828 2.495799 -0.852525
v 1.739798 1.827798 1.229478
v 0.529828 1.827798 1.229478
v 0.529828 1.217795 1.229478
v 0.539828 1.217795 1.229478
v 0.539828 1.817798 1.229478
v 1.739798 1.817798 1.229478
v 0.539828 1.217795 1.247478
v 0.539828 1.817798 1.247478
v 1.739798 1.217795 1.229478
v 1.739798 1.217795 1.247478
v 1.739798 1.817798 1.247478
v 0.541828 1.815799 1.249478
v 1.737798 1.815799 1.249478
v 0.541828 1.219795 1.249478
v 1.737798 1.219795 1.249478
v 0.955708 2.437799 -1.660823
v 0.955708 2.429799 -1.660823
v 0.979828 2.429799 -1.670813
v 0.979828 2.437799 -1.670813
v 0.929828 2.437799 -1.657413
v 0.929828 2.429799 -1.657413
v 0.903948 2.437799 -1.660823
v 0.903948 2.429799 -1.660823
v 0.879828 2.437799 -1.670813
v 0.879828 2.429799 -1.670813
v 0.859118 2.437799 -1.686703
v 0.859118 2.429799 -1.686703
v 0.843228 2.437799 -1.707413
v 0.843228 2.429799 -1.707413
v 0.833238 2.437799 -1.731533
v 0.833238 2.429799 -1.731533
v 0.829828 2.437799 -1.757413
v 0.829828 2.429799 -1.757413
v 0.833238 2.437799 -1.783293
v 0.833238 2.429799 -1.783293
v 0.843228 2.437799 -1.807413
v 0.843228 2.429799 -1.807413
v 0.859118 2.437799 -1.828122
v 0.859118 2.429799 -1.828122
v 0.879828 2.437799 -1.844013
v 0.879828 2.429799 -1.844013
v 0.903948 2.437799 -1.854003
v 0.903948 2.429799 -1.854003
v 0.929828 2.437799 -1.857413
v 0.929828 2.429799 -1.857413
v 0.955708 2.437799 -1.854003
v 0.955708 2.429799 -1.854003
v 0.979828 2.437799 -1.844013
v 0.979828 2.429799 -1.844013
v 1.000538 2.437799 -1.828122
v 1.000538 2.429799 -1.828122
v 1.016428 2.437799 -1.807413
v 1.016428 2.429799 -1.807413
v 1.026418 2.437799 -1.783293
v 1.026418 2.429799 -1.783293
v 1.029828 2.437799 -1.757413
v 1.029828 2.429799 -1.757413
v 1.026418 2.437799 -1.731533
v 1.026418 2.429799 -1.731533
v 1.016428 2.437799 -1.707413
v 1.016428 2.429799 -1.707413
v 1.000538 2.437799 -1.686703
v 1.000538 2.429799 -1.686703
v 0.978818 2.427799 -1.672563
v 0.955188 2.427799 -1.662773
v 0.929828 2.427799 -1.659433
v 0.904468 2.427799 -1.662773
v 0.880838 2.427799 -1.672563
v 0.860548 2.427799 -1.688133
v 0.844978 2.427799 -1.708423
v 0.835188 2.427799 -1.732053
v 0.831848 2.427799 -1.757413
v 0.835188 2.427799 -1.782773
v 0.844978 2.427799 -1.806403
v 0.860548 2.427799 -1.826703
v 0.880838 2.427799 -1.842273
v 0.904468 2.427799 -1.852063
v 0.929828 2.427799 -1.855393
v 0.955188 2.427799 -1.852063
v 0.978818 2.427799 -1.842273
v 0.999118 2.427799 -1.826703
v 1.014688 2.427799 -1.806403
v 1.024478 2.427799 -1.782773
v 1.027808 2.427799 -1.757413
v 1.024478 2.427799 -1.732053
v 1.014688 2.427799 -1.708423
v 0.999118 2.427799 -1.688133
v 0.987258 2.427799 -1.699993
v 0.970438 2.427799 -1.687083
v 0.950848 2.427799 -1.678973
v 0.929828 2.427799 -1.676203
v 0.908808 2.427799 -1.678973
v 0.889228 2.427799 -1.687083
v 0.872408 2.427799 -1.699993
v 0.859498 2.427799 -1.716812
v 0.851388 2.427799 -1.736393
v 0.848618 2.427799 -1.757413
v 0.851388 2.427799 -1.778433
v 0.859498 2.427799 -1.798023
v 0.872408 2.427799 -1.814843
v 0.889228 2.427799 -1.827743
v 0.908808 2.427799 -1.835863
v 0.929828 2.427799 -1.838623
v 0.950848 2.427799 -1.835863
v 0.970438 2.427799 -1.827743
v 0.987258 2.427799 -1.814843
v 1.000158 2.427799 -1.798023
v 1.008278 2.427799 -1.778433
v 1.011038 2.427799 -1.757413
v 1.008278 2.427799 -1.736393
v 1.000158 2.427799 -1.716812
v 0.998418 2.429799 -1.717823
v 1.006328 2.429799 -1.736923
v 1.006328 2.432799 -1.736923
v 0.998418 2.432799 -1.717823
v 1.009028 2.432799 -1.757413
v 1.009028 2.429799 -1.757413
v 1.006328 2.432799 -1.777912
v 1.006328 2.429799 -1.777912
v 0.998418 2.432799 -1.797013
v 0.998418 2.429799 -1.797013
v 0.985828 2.432799 -1.813413
v 0.985828 2.429799 -1.813413
v 0.969428 2.432799 -1.826003
v 0.969428 2.429799 -1.826003
v 0.950328 2.432799 -1.833912
v 0.950328 2.429799 -1.833912
v 0.929828 2.432799 -1.836613
v 0.929828 2.429799 -1.836613
v 0.909338 2.432799 -1.833912
v 0.909338 2.429799 -1.833912
v 0.890238 2.432799 -1.826003
v 0.890238 2.429799 -1.826003
v 0.873828 2.432799 -1.813413
v 0.873828 2.429799 -1.813413
v 0.861248 2.432799 -1.797013
v 0.861248 2.429799 -1.797013
v 0.853338 2.432799 -1.777912
v 0.853338 2.429799 -1.777912
v 0.850638 2.432799 -1.757413
v 0.850638 2.429799 -1.757413
v 0.853338 2.432799 -1.736923
v 0.853338 2.429799 -1.736923
v 0.861248 2.432799 -1.717823
v 0.861248 2.429799 -1.717823
v 0.873828 2.432799 -1.701413
v 0.873828 2.429799 -1.701413
v 0.890238 2.432799 -1.688833
v 0.890238 2.429799 -1.688833
v 0.909338 2.432799 -1.680923
v 0.909338 2.429799 -1.680923
v 0.929828 2.432799 -1.678223
v 0.929828 2.429799 -1.678223
v 0.950328 2.432799 -1.680923
v 0.950328 2.429799 -1.680923
v 0.969428 2.432799 -1.688833
v 0.969428 2.429799 -1.688833
v 0.985828 2.432799 -1.701413
v 0.985828 2.429799 -1.701413
v -1.880167 1.217795 -1.180525
v -0.680172 1.217795 -1.180525
v -0.680172 1.207795 -1.180525
v -1.880127 1.207795 -1.180525
v -0.680172 1.207795 -1.198525
v -1.880127 1.207795 -1.198525
v -0.680172 0.607795 -1.180525
v -0.680172 0.607795 -1.198525
v -1.880127 0.607795 -1.180525
v -1.880127 0.607795 -1.198525
v -1.878128 1.205795 -1.200525
v -1.878128 0.609795 -1.200525
v -0.682172 1.205795 -1.200525
v -0.682172 0.609795 -1.200525
v -2.363043 2.627799 -2.065400
v 2.222708 2.627799 -2.065400
v 2.222708 2.745789 -2.065400
v -2.363043 2.745789 -2.065400
v 2.224708 2.627799 -2.063401
v 2.224708 2.745789 -2.063401
v 2.224708 2.627788 2.112358
v 2.224708 2.745788 2.112358
v 2.222708 2.627788 2.114359
v 2.222708 2.745788 2.114359
v -2.363043 2.627788 2.114359
v -2.363043 2.745788 2.114359
v -2.365043 2.627788 2.112358
v -2.365043 2.745788 2.112358
v -2.365043 2.627799 -2.063401
v -2.365043 2.745789 -2.063401
v -2.367043 2.747789 -2.067400
v 2.226708 2.747789 -2.067400
v 2.257828 2.747789 -2.098524
v -2.398167 2.747789 -2.098524
v -2.367043 2.747789 2.116359
v -2.398167 2.747789 2.147478
v 2.257828 2.747789 2.147478
v -2.398167 2.745788 2.149479
v 2.257828 2.745788 2.149479
v -2.400167 2.745788 2.147478
v -2.400167 2.745789 -2.098524
v -2.398167 2.745789 -2.100524
v 2.257828 2.745789 -2.100524
v 2.259828 2.745789 -2.098524
v 2.259828 2.745788 2.147478
v 2.226708 2.747789 2.116359
v 2.259828 2.429788 2.147478
v 2.257828 2.429788 2.149479
v 2.259828 2.429799 -2.098524
v 2.257828 2.429799 -2.100524
v -2.398167 2.429799 -2.100524
v 2.257828 2.427799 -2.098524
v -2.398167 2.427799 -2.098524
v -2.359059 2.427799 -2.059417
v -2.398167 2.427788 2.147478
v -2.359059 2.427788 2.108369
v 2.257828 2.427788 2.147478
v 2.218728 2.427788 2.108369
v -2.355059 2.429788 2.106369
v 2.214728 2.429788 2.106369
v -2.357059 2.429788 2.104368
v -2.357059 2.429799 -2.055416
v -2.355059 2.429799 -2.057415
v 2.218728 2.427799 -2.059417
v 2.214728 2.429799 -2.057415
v -2.398167 2.429788 2.149479
v -2.400167 2.429788 2.147478
v -2.400167 2.429799 -2.098524
v 2.216728 2.429788 2.104368
v 2.216728 2.429799 -2.055416
v 2.214728 2.437789 2.106369
v 2.216728 2.437789 2.104368
v -2.355059 2.437789 2.106369
v -2.357059 2.437789 2.104368
v -2.357059 2.437799 -2.055416
v -2.355059 2.437799 -2.057415
v 2.214728 2.437799 -2.057415
v 2.216728 2.437799 -2.055416
v 0.529828 2.437799 -1.160524
v 0.529828 1.217795 -1.160525
v -1.880167 1.217795 -1.160525
v -1.880167 -0.002205 -1.160525
v 1.719828 -0.002205 -1.160525
v 1.719828 2.437799 -1.160524
v 1.739828 1.217795 1.229478
v 1.757828 1.217795 1.229478
v 1.757828 1.817798 1.229478
v 1.739828 1.817798 1.229478
v 1.739828 1.217795 0.029518
v 1.757828 1.217795 0.029518
v 1.739828 1.817799 0.029518
v 1.757828 1.817799 0.029518
v 1.759828 1.815799 1.227478
v 1.759828 1.815799 0.031518
v 1.759828 1.219795 1.227478
v 1.759828 1.219795 0.031518
v 1.739828 1.827799 0.029518
v 1.739828 1.827798 1.229478
v -1.880127 0.597795 -1.180525
v -1.880127 0.597795 0.019438
v -1.880127 -0.002205 0.019438
v -1.880127 -0.002205 0.029438
v -1.880127 0.607795 0.029438
v -1.880127 0.607795 -1.180525
v -1.898127 0.597795 -1.180525
v -1.898127 0.597795 0.019438
v -1.880127 -0.002205 -1.180525
v -1.898127 -0.002205 -1.180525
v -1.898127 -0.002205 0.019438
v -1.900127 0.595795 0.017438
v -1.900127 -0.000205 0.017438
v -1.900127 0.595795 -1.178525
v -1.900127 -0.000205 -1.178525
v -0.649902 1.248105 1.204478
v -0.635282 1.262715 1.204478
v 0.499488 1.248105 1.204478
v -0.649902 2.407489 1.204479
v -0.649902 1.248105 1.201478
v -0.649902 2.407489 1.201478
v 0.499488 1.248105 1.201478
v 0.499488 2.407489 1.204479
v 0.499488 2.407489 1.201478
v -0.651902 2.409488 1.199478
v 0.501488 2.409488 1.199478
v -0.651902 1.246104 1.199478
v 0.501488 1.246104 1.199478
v 0.527798 2.435798 1.199478
v 0.527798 1.219795 1.199478
v -0.678212 1.219795 1.199478
v -0.678212 2.435798 1.199478
v -0.680212 1.217795 1.201478
v -0.680212 2.437799 1.201478
v -0.680212 2.437799 1.247478
v -0.680212 1.217795 1.247478
v 0.529798 2.437799 1.247478
v 0.529798 2.437799 1.201478
v -0.678212 2.435798 1.249478
v 0.527798 2.435798 1.249478
v -0.678212 1.219795 1.249478
v 0.529798 1.217795 1.247478
v 0.527798 1.219795 1.249478
v 0.529798 1.217795 1.201478
v 0.501488 1.246104 1.249478
v -0.651902 1.246104 1.249478
v -0.651902 2.409488 1.249478
v -0.649902 1.248105 1.247478
v -0.649902 2.407489 1.247478
v -0.649902 2.407489 1.234478
v -0.649902 1.248105 1.234478
v 0.499488 2.407489 1.234478
v 0.499488 2.407489 1.247478
v 0.499488 1.248105 1.234478
v 0.499488 1.248105 1.247478
v 0.501488 2.409488 1.249478
v 0.484878 1.262715 1.234478
v 0.484878 2.392869 1.234478
v -0.635282 2.392869 1.234478
v -0.635282 1.262715 1.234478
v -0.633282 1.264714 1.232478
v 0.482878 1.264714 1.232478
v -0.633282 2.390868 1.232478
v 0.482878 2.390868 1.232478
v -0.633282 2.390868 1.206478
v 0.482878 2.390868 1.206478
v -0.633282 1.264714 1.206478
v 0.482878 1.264714 1.206478
v 0.484878 1.262715 1.204478
v 0.484878 2.392869 1.204479
v -0.635282 2.392869 1.204479
v -0.633272 1.264714 1.219478
v 0.482878 1.264714 1.219478
v 0.482878 2.390868 1.219478
v -0.633272 2.390868 1.219478
v 1.739828 1.217795 -1.180525
v 1.739828 1.217795 0.029438
v 1.739828 0.607795 0.029438
v 1.739828 0.607795 0.019438
v 1.739828 1.207795 0.019438
v 1.739828 1.207795 -1.180525
v 1.757828 0.607795 0.019438
v 1.757828 1.207795 0.019438
v 1.739828 0.607795 -1.180525
v 1.757828 0.607795 -1.180525
v 1.757828 1.207795 -1.180525
v 1.759828 1.205795 0.017438
v 1.759828 1.205795 -1.178525
v 1.759828 0.609795 0.017438
v 1.759828 0.609795 -1.178525
v -1.418162 -0.002205 1.244478
v -0.682152 -0.002205 1.244478
v -0.682152 0.095794 1.244478
v -1.418162 0.095794 1.244478
v -0.680152 -0.002205 1.242478
v -0.680152 0.095794 1.242478
v -0.680152 -0.002205 1.199478
v -0.680152 0.095794 1.199478
v -0.682152 0.097795 1.199478
v -0.682152 0.097795 1.242478
v -1.418162 0.097795 1.199478
v -1.418162 0.097795 1.242478
v -0.682152 0.097795 1.209478
v 1.719828 0.097795 1.209478
v 1.719828 0.097795 -1.160525
v -1.850157 0.097795 -1.160525
v -1.850157 0.097795 1.209478
v -1.418162 0.097795 1.209478
v -1.420162 0.095794 1.199478
v -1.420162 0.095794 1.242478
v -1.420162 -0.002205 1.199478
v -1.420162 -0.002205 1.242478
v 0.529798 1.217795 1.229478
v -0.680172 1.217795 1.229478
v -0.680172 0.607795 1.229478
v -0.670172 0.607795 1.229478
v -0.670172 1.207794 1.229478
v 0.529798 1.207794 1.229478
v -0.670172 0.607795 1.247478
v -0.670172 1.207794 1.247478
v 0.529798 0.607795 1.229478
v 0.529798 0.607795 1.247478
v 0.529798 1.207794 1.247478
v -0.668172 1.205795 1.249478
v 0.527798 1.205795 1.249478
v -0.668172 0.609795 1.249478
v 0.527798 0.609795 1.249478
v 1.739828 0.597795 -1.180525
v 0.539868 0.597795 -1.180525
v 0.539868 -0.002205 -1.180525
v 0.529868 -0.002205 -1.180525
v 0.529868 0.607795 -1.180525
v 1.739828 0.607795 -1.180525
v 1.739828 0.597795 -1.198525
v 0.539868 0.597795 -1.198525
v 1.739828 -0.002205 -1.180525
v 1.739828 -0.002205 -1.198525
v 0.539868 -0.002205 -1.198525
v 0.541868 0.595795 -1.200525
v 0.541868 -0.000205 -1.200525
v 1.737828 0.595795 -1.200525
v 1.737828 -0.000205 -1.200525
vt 0.0050 0.5088
vt 0.0050 0.0050
vt 0.5133 0.0050
vt 0.5133 0.5088
vt 0.0050 0.5088
vt 0.0050 0.0050
vt 0.5133 0.0050
vt 0.5133 0.5088
vt 0.0050 0.5088
vt 0.0050 0.0050
vt 0.5133 0.0050
vt 0.5133 0.5088
vt 0.9950 0.7072
vt 0.9950 0.5157
vt 0.4867 0.5157
vt 0.4867 0.7072
vt 0.0050 0.5088
vt 0.0050 0.0050
vt 0.5133 0.0050
vt 0.5133 0.5088
vt 0.5133 0.5088
vt 0.5133 0.0050
vt 0.0050 0.0050
vt 0.0050 0.5088
vt 0.4503 0.8250
vt 0.0050 0.8250
vt 0.0049 0.6005
vt 0.0086 0.6005
vt 0.0087 0.8213
vt 0.4503 0.8213
vt 0.7742 0.4025
vt 0.7742 0.3959
vt 0.5534 0.3959
vt 0.5534 0.4025
vt 0.8445 0.3447
vt 0.8379 0.3447
vt 0.8379 0.7863
vt 0.8445 0.7863
vt 0.2381 0.6885
vt 0.2381 0.6951
vt 0.0173 0.6951
vt 0.0173 0.6885
vt 0.8522 0.3549
vt 0.8588 0.3549
vt 0.8588 0.7965
vt 0.8522 0.7965
vt 0.5542 0.2803
vt 0.9943 0.2803
vt 0.9950 0.2810
vt 0.5534 0.2810
vt 0.5542 0.0610
vt 0.9943 0.0610
vt 0.5534 0.0603
vt 0.9950 0.0603
vt 0.2381 0.6885
vt 0.2381 0.6951
vt 0.0173 0.6951
vt 0.0173 0.6885
vt 0.8522 0.3549
vt 0.8588 0.3549
vt 0.8588 0.7965
vt 0.8522 0.7965
vt 0.7742 0.4025
vt 0.7742 0.3959
vt 0.5534 0.3959
vt 0.5534 0.4025
vt 0.8445 0.3447
vt 0.8379 0.3447
vt 0.8379 0.7863
vt 0.8445 0.7863
vt 0.9943 0.0610
vt 0.5542 0.0610
vt 0.5534 0.0603
vt 0.9950 0.0603
vt 0.9943 0.2803
vt 0.5542 0.2803
vt 0.9950 0.2810
vt 0.5534 0.2810
vt 0.0087 0.8213
vt 0.4503 0.8213
vt 0.4503 0.8249
vt 0.0087 0.8249
vt 0.4503 0.8213
vt 0.0087 0.8213
vt 0.0086 0.6005
vt 0.0049 0.6005
vt 0.0050 0.8250
vt 0.4503 0.8250
vt 0.8522 0.7965
vt 0.8588 0.7965
vt 0.8588 0.3549
vt 0.8522 0.3549
vt 0.0173 0.6885
vt 0.0173 0.6951
vt 0.2381 0.6951
vt 0.2381 0.6885
vt 0.8445 0.7863
vt 0.8379 0.7863
vt 0.8379 0.3447
vt 0.8445 0.3447
vt 0.5534 0.4025
vt 0.5534 0.3959
vt 0.7742 0.3959
vt 0.7742 0.4025
vt 0.5534 0.0603
vt 0.5534 0.2810
vt 0.5542 0.2803
vt 0.5542 0.0610
vt 0.9950 0.2810
vt 0.9943 0.2803
vt 0.9950 0.0603
vt 0.9943 0.0610
vt 0.4503 0.8250
vt 0.0050 0.8250
vt 0.0049 0.6005
vt 0.0086 0.6005
vt 0.0087 0.8213
vt 0.4503 0.8213
vt 0.7742 0.4025
vt 0.7742 0.3959
vt 0.5534 0.3959
vt 0.5534 0.4025
vt 0.8445 0.3447
vt 0.8379 0.3447
vt 0.8379 0.7863
vt 0.8445 0.7863
vt 0.2381 0.6885
vt 0.2381 0.6951
vt 0.0173 0.6951
vt 0.0173 0.6885
vt 0.8522 0.3549
vt 0.8588 0.3549
vt 0.8588 0.7965
vt 0.8522 0.7965
vt 0.5542 0.2803
vt 0.9943 0.2803
vt 0.9950 0.2810
vt 0.5534 0.2810
vt 0.5542 0.0610
vt 0.9943 0.0610
vt 0.5534 0.0603
vt 0.9950 0.0603
vt 0.4503 0.8250
vt 0.0050 0.8250
vt 0.0049 0.6005
vt 0.0086 0.6005
vt 0.0087 0.8213
vt 0.4503 0.8213
vt 0.7742 0.4025
vt 0.7742 0.3959
vt 0.5534 0.3959
vt 0.5534 0.4025
vt 0.8445 0.3447
vt 0.8379 0.3447
vt 0.8379 0.7863
vt 0.8445 0.7863
vt 0.2381 0.6885
vt 0.2381 0.6951
vt 0.0173 0.6951
vt 0.0173 0.6885
vt 0.8522 0.3549
vt 0.8588 0.3549
vt 0.8588 0.7965
vt 0.8522 0.7965
vt 0.5542 0.2803
vt 0.9943 0.2803
vt 0.9950 0.2810
vt 0.5534 0.2810
vt 0.5542 0.0610
vt 0.9943 0.0610
vt 0.5534 0.0603
vt 0.9950 0.0603
vt 0.0173 0.6885
vt 0.0173 0.6951
vt 0.2381 0.6951
vt 0.2381 0.6885
vt 0.8445 0.7863
vt 0.8379 0.7863
vt 0.8379 0.3447
vt 0.8445 0.3447
vt 0.5534 0.4025
vt 0.5534 0.3959
vt 0.7742 0.3959
vt 0.7742 0.4025
vt 0.8522 0.7965
vt 0.8588 0.7965
vt 0.8588 0.3549
vt 0.8522 0.3549
vt 0.5534 0.2810
vt 0.9950 0.2810
vt 0.9943 0.2803
vt 0.5542 0.2803
vt 0.9950 0.0603
vt 0.9943 0.0610
vt 0.5534 0.0603
vt 0.5542 0.0610
vt 0.0087 0.8250
vt 0.4503 0.8250
vt 0.4503 0.8213
vt 0.0087 0.8213
vt 0.4503 0.8250
vt 0.0050 0.8250
vt 0.0049 0.6005
vt 0.0086 0.6005
vt 0.0087 0.8213
vt 0.4503 0.8213
vt 0.7742 0.4025
vt 0.7742 0.3959
vt 0.5534 0.3959
vt 0.5534 0.4025
vt 0.8445 0.3447
vt 0.8379 0.3447
vt 0.8379 0.7863
vt 0.8445 0.7863
vt 0.2381 0.6885
vt 0.2381 0.6951
vt 0.0173 0.6951
vt 0.0173 0.6885
vt 0.8522 0.3549
vt 0.8588 0.3549
vt 0.8588 0.7965
vt 0.8522 0.7965
vt 0.5542 0.2803
vt 0.9943 0.2803
vt 0.9950 0.2810
vt 0.5534 0.2810
vt 0.5542 0.0610
vt 0.9943 0.0610
vt 0.5534 0.0603
vt 0.9950 0.0603
vt 0.4503 0.8250
vt 0.0050 0.8250
vt 0.0049 0.6005
vt 0.0086 0.6005
vt 0.0087 0.8213
vt 0.4503 0.8213
vt 0.7742 0.4025
vt 0.7742 0.3959
vt 0.5534 0.3959
vt 0.5534 0.4025
vt 0.8445 0.3447
vt 0.8379 0.3447
vt 0.8379 0.7863
vt 0.8445 0.7863
vt 0.2381 0.6885
vt 0.2381 0.6951
vt 0.0173 0.6951
vt 0.0173 0.6885
vt 0.8522 0.3549
vt 0.8588 0.3549
vt 0.8588 0.7965
vt 0.8522 0.7965
vt 0.5542 0.2803
vt 0.9943 0.2803
vt 0.9950 0.2810
vt 0.5534 0.2810
vt 0.5542 0.0610
vt 0.9943 0.0610
vt 0.5534 0.0603
vt 0.9950 0.0603
vt 0.4503 0.8213
vt 0.0087 0.8213
vt 0.0086 0.6005
vt 0.0049 0.6005
vt 0.0050 0.8250
vt 0.4503 0.8250
vt 0.8522 0.7965
vt 0.8588 0.7965
vt 0.8588 0.3549
vt 0.8522 0.3549
vt 0.0173 0.6885
vt 0.0173 0.6951
vt 0.2381 0.6951
vt 0.2381 0.6885
vt 0.8445 0.7863
vt 0.8379 0.7863
vt 0.8379 0.3447
vt 0.8445 0.3447
vt 0.5534 0.4025
vt 0.5534 0.3959
vt 0.7742 0.3959
vt 0.7742 0.4025
vt 0.5534 0.0603
vt 0.5534 0.2810
vt 0.5542 0.2803
vt 0.5542 0.0610
vt 0.9950 0.2810
vt 0.9943 0.2803
vt 0.9950 0.0603
vt 0.9943 0.0610
vt 0.0173 0.6885
vt 0.0173 0.6951
vt 0.2381 0.6951
vt 0.2381 0.6885
vt 0.8445 0.7863
vt 0.8379 0.7863
vt 0.8379 0.3447
vt 0.8445 0.3447
vt 0.5534 0.4025
vt 0.5534 0.3959
vt 0.7742 0.3959
vt 0.7742 0.4025
vt 0.8522 0.7965
vt 0.8588 0.7965
vt 0.8588 0.3549
vt 0.8522 0.3549
vt 0.5534 0.2810
vt 0.9950 0.2810
vt 0.9943 0.2803
vt 0.5542 0.2803
vt 0.9950 0.0603
vt 0.9943 0.0610
vt 0.5534 0.0603
vt 0.5542 0.0610
vt 0.0087 0.8250
vt 0.4503 0.8250
vt 0.4503 0.8213
vt 0.0087 0.8213
vt 0.0087 0.8250
vt 0.4503 0.8250
vt 0.4503 0.8213
vt 0.0087 0.8213
vt 0.8522 0.7965
vt 0.8588 0.7965
vt 0.8588 0.3549
vt 0.8522 0.3549
vt 0.0173 0.6885
vt 0.0173 0.6951
vt 0.2381 0.6951
vt 0.2381 0.6885
vt 0.8445 0.7863
vt 0.8379 0.7863
vt 0.8379 0.3447
vt 0.8445 0.3447
vt 0.5534 0.4025
vt 0.5534 0.3959
vt 0.7742 0.3959
vt 0.7742 0.4025
vt 0.5534 0.0603
vt 0.5534 0.2810
vt 0.5542 0.2803
vt 0.5542 0.0610
vt 0.9950 0.2810
vt 0.9943 0.2803
vt 0.9950 0.0603
vt 0.9943 0.0610
vt 0.7742 0.3656
vt 0.7742 0.3590
vt 0.5534 0.3590
vt 0.5534 0.3656
vt 0.1590 0.0193
vt 0.1523 0.0193
vt 0.1523 0.1849
vt 0.1590 0.1849
vt 0.7742 0.3447
vt 0.7742 0.3513
vt 0.5534 0.3513
vt 0.5534 0.3447
vt 0.1380 0.0193
vt 0.1446 0.0193
vt 0.1446 0.1849
vt 0.1380 0.1849
vt 0.0262 0.6343
vt 0.1903 0.6343
vt 0.1911 0.6351
vt 0.0255 0.6351
vt 0.0262 0.4150
vt 0.1903 0.4150
vt 0.0255 0.4143
vt 0.1911 0.4143
vt 0.6598 0.8254
vt 0.8254 0.8254
vt 0.8254 0.6046
vt 0.8291 0.6046
vt 0.8291 0.8291
vt 0.6598 0.8291
vt 0.4503 0.8213
vt 0.0087 0.8213
vt 0.0086 0.6005
vt 0.0049 0.6005
vt 0.0050 0.8250
vt 0.4503 0.8250
vt 0.8522 0.7965
vt 0.8588 0.7965
vt 0.8588 0.3549
vt 0.8522 0.3549
vt 0.0173 0.6885
vt 0.0173 0.6951
vt 0.2381 0.6951
vt 0.2381 0.6885
vt 0.8445 0.7863
vt 0.8379 0.7863
vt 0.8379 0.3447
vt 0.8445 0.3447
vt 0.5534 0.4025
vt 0.5534 0.3959
vt 0.7742 0.3959
vt 0.7742 0.4025
vt 0.5534 0.0603
vt 0.5534 0.2810
vt 0.5542 0.2803
vt 0.5542 0.0610
vt 0.9950 0.2810
vt 0.9943 0.2803
vt 0.9950 0.0603
vt 0.9943 0.0610
vt 0.4503 0.8250
vt 0.0050 0.8250
vt 0.0049 0.6005
vt 0.0086 0.6005
vt 0.0087 0.8213
vt 0.4503 0.8213
vt 0.7742 0.4025
vt 0.7742 0.3959
vt 0.5534 0.3959
vt 0.5534 0.4025
vt 0.8445 0.3447
vt 0.8379 0.3447
vt 0.8379 0.7863
vt 0.8445 0.7863
vt 0.2381 0.6885
vt 0.2381 0.6951
vt 0.0173 0.6951
vt 0.0173 0.6885
vt 0.8522 0.3549
vt 0.8588 0.3549
vt 0.8588 0.7965
vt 0.8522 0.7965
vt 0.5542 0.2803
vt 0.9943 0.2803
vt 0.9950 0.2810
vt 0.5534 0.2810
vt 0.5542 0.0610
vt 0.9943 0.0610
vt 0.5534 0.0603
vt 0.9950 0.0603
vt 0.4503 0.8213
vt 0.0087 0.8213
vt 0.0086 0.6005
vt 0.0049 0.6005
vt 0.0050 0.8250
vt 0.4503 0.8250
vt 0.8522 0.7965
vt 0.8588 0.7965
vt 0.8588 0.3549
vt 0.8522 0.3549
vt 0.0173 0.6885
vt 0.0173 0.6951
vt 0.2381 0.6951
vt 0.2381 0.6885
vt 0.8445 0.7863
vt 0.8379 0.7863
vt 0.8379 0.3447
vt 0.8445 0.3447
vt 0.5534 0.4025
vt 0.5534 0.3959
vt 0.7742 0.3959
vt 0.7742 0.4025
vt 0.5534 0.0603
vt 0.5534 0.2810
vt 0.5542 0.2803
vt 0.5542 0.0610
vt 0.9950 0.2810
vt 0.9943 0.2803
vt 0.9950 0.0603
vt 0.9943 0.0610
vt 0.4503 0.8213
vt 0.0087 0.8213
vt 0.0086 0.6005
vt 0.0049 0.6005
vt 0.0050 0.8250
vt 0.4503 0.8250
vt 0.8522 0.7965
vt 0.8588 0.7965
vt 0.8588 0.3549
vt 0.8522 0.3549
vt 0.0173 0.6885
vt 0.0173 0.6951
vt 0.2381 0.6951
vt 0.2381 0.6885
vt 0.8445 0.7863
vt 0.8379 0.7863
vt 0.8379 0.3447
vt 0.8445 0.3447
vt 0.5534 0.4025
vt 0.5534 0.3959
vt 0.7742 0.3959
vt 0.7742 0.4025
vt 0.5534 0.0603
vt 0.5534 0.2810
vt 0.5542 0.2803
vt 0.5542 0.0610
vt 0.9950 0.2810
vt 0.9943 0.2803
vt 0.9950 0.0603
vt 0.9943 0.0610
vt 0.4503 0.8250
vt 0.0050 0.8250
vt 0.0049 0.6005
vt 0.0086 0.6005
vt 0.0087 0.8213
vt 0.4503 0.8213
vt 0.7742 0.4025
vt 0.7742 0.3959
vt 0.5534 0.3959
vt 0.5534 0.4025
vt 0.8445 0.3447
vt 0.8379 0.3447
vt 0.8379 0.7863
vt 0.8445 0.7863
vt 0.2381 0.6885
vt 0.2381 0.6951
vt 0.0173 0.6951
vt 0.0173 0.6885
vt 0.8522 0.3549
vt 0.8588 0.3549
vt 0.8588 0.7965
vt 0.8522 0.7965
vt 0.5542 0.2803
vt 0.9943 0.2803
vt 0.9950 0.2810
vt 0.5534 0.2810
vt 0.5542 0.0610
vt 0.9943 0.0610
vt 0.5534 0.0603
vt 0.9950 0.0603
vt 0.4503 0.8213
vt 0.0087 0.8213
vt 0.0086 0.6005
vt 0.0049 0.6005
vt 0.0050 0.8250
vt 0.4503 0.8250
vt 0.8522 0.7965
vt 0.8588 0.7965
vt 0.8588 0.3549
vt 0.8522 0.3549
vt 0.0173 0.6885
vt 0.0173 0.6951
vt 0.2381 0.6951
vt 0.2381 0.6885
vt 0.8445 0.7863
vt 0.8379 0.7863
vt 0.8379 0.3447
vt 0.8445 0.3447
vt 0.5534 0.4025
vt 0.5534 0.3959
vt 0.7742 0.3959
vt 0.7742 0.4025
vt 0.5534 0.0603
vt 0.5534 0.2810
vt 0.5542 0.2803
vt 0.5542 0.0610
vt 0.9950 0.2810
vt 0.9943 0.2803
vt 0.9950 0.0603
vt 0.9943 0.0610
vt 0.0173 0.6885
vt 0.0173 0.6951
vt 0.2381 0.6951
vt 0.2381 0.6885
vt 0.8445 0.7863
vt 0.8379 0.7863
vt 0.8379 0.3447
vt 0.8445 0.3447
vt 0.5534 0.4025
vt 0.5534 0.3959
vt 0.7742 0.3959
vt 0.7742 0.4025
vt 0.8522 0.7965
vt 0.8588 0.7965
vt 0.8588 0.3549
vt 0.8522 0.3549
vt 0.5534 0.2810
vt 0.9950 0.2810
vt 0.9943 0.2803
vt 0.5542 0.2803
vt 0.9950 0.0603
vt 0.9943 0.0610
vt 0.5534 0.0603
vt 0.5542 0.0610
vt 0.0087 0.8249
vt 0.4503 0.8249
vt 0.4503 0.8213
vt 0.0087 0.8213
vt 0.2023 0.4143
vt 0.1994 0.4143
vt 0.1994 0.6796
vt 0.2023 0.6796
vt 0.6086 0.3733
vt 0.6086 0.3763
vt 0.5534 0.3763
vt 0.5534 0.3733
vt 0.2403 0.0480
vt 0.2433 0.0480
vt 0.2433 0.3133
vt 0.2403 0.3133
vt 0.1093 0.0591
vt 0.1093 0.0562
vt 0.0541 0.0562
vt 0.0541 0.0591
vt 0.0050 0.8890
vt 0.0050 0.8338
vt 0.0057 0.8345
vt 0.0057 0.8882
vt 0.2704 0.8338
vt 0.2696 0.8345
vt 0.2704 0.8890
vt 0.2696 0.8882
vt 0.2381 0.6885
vt 0.2381 0.6951
vt 0.0173 0.6951
vt 0.0173 0.6885
vt 0.8522 0.3549
vt 0.8588 0.3549
vt 0.8588 0.7965
vt 0.8522 0.7965
vt 0.7742 0.4025
vt 0.7742 0.3959
vt 0.5534 0.3959
vt 0.5534 0.4025
vt 0.8445 0.3447
vt 0.8379 0.3447
vt 0.8379 0.7863
vt 0.8445 0.7863
vt 0.9943 0.0610
vt 0.5542 0.0610
vt 0.5534 0.0603
vt 0.9950 0.0603
vt 0.9943 0.2803
vt 0.5542 0.2803
vt 0.9950 0.2810
vt 0.5534 0.2810
vt 0.0087 0.8213
vt 0.4503 0.8213
vt 0.4503 0.8250
vt 0.0087 0.8250
vt 0.7742 0.3656
vt 0.7742 0.3590
vt 0.5534 0.3590
vt 0.5534 0.3656
vt 0.1590 0.0193
vt 0.1523 0.0193
vt 0.1523 0.1849
vt 0.1590 0.1849
vt 0.7742 0.3447
vt 0.7742 0.3513
vt 0.5534 0.3513
vt 0.5534 0.3447
vt 0.1380 0.0193
vt 0.1446 0.0193
vt 0.1446 0.1849
vt 0.1380 0.1849
vt 0.0262 0.6343
vt 0.1903 0.6343
vt 0.1911 0.6351
vt 0.0255 0.6351
vt 0.0262 0.4150
vt 0.1903 0.4150
vt 0.0255 0.4143
vt 0.1911 0.4143
vt 0.6598 0.8254
vt 0.8254 0.8254
vt 0.8254 0.6046
vt 0.8291 0.6046
vt 0.8291 0.8291
vt 0.6598 0.8291
vt 0.4503 0.8250
vt 0.0050 0.8250
vt 0.0049 0.6005
vt 0.0086 0.6005
vt 0.0087 0.8213
vt 0.4503 0.8213
vt 0.7742 0.4025
vt 0.7742 0.3959
vt 0.5534 0.3959
vt 0.5534 0.4025
vt 0.8445 0.3447
vt 0.8379 0.3447
vt 0.8379 0.7863
vt 0.8445 0.7863
vt 0.2381 0.6885
vt 0.2381 0.6951
vt 0.0173 0.6951
vt 0.0173 0.6885
vt 0.8522 0.3549
vt 0.8588 0.3549
vt 0.8588 0.7965
vt 0.8522 0.7965
vt 0.5542 0.2803
vt 0.9943 0.2803
vt 0.9950 0.2810
vt 0.5534 0.2810
vt 0.5542 0.0610
vt 0.9943 0.0610
vt 0.5534 0.0603
vt 0.9950 0.0603
vt 0.0087 0.8250
vt 0.4503 0.8250
vt 0.4503 0.8213
vt 0.0087 0.8213
vt 0.8522 0.7965
vt 0.8588 0.7965
vt 0.8588 0.3549
vt 0.8522 0.3549
vt 0.0173 0.6885
vt 0.0173 0.6951
vt 0.2381 0.6951
vt 0.2381 0.6885
vt 0.8445 0.7863
vt 0.8379 0.7863
vt 0.8379 0.3447
vt 0.8445 0.3447
vt 0.5534 0.4025
vt 0.5534 0.3959
vt 0.7742 0.3959
vt 0.7742 0.4025
vt 0.5534 0.0603
vt 0.5534 0.2810
vt 0.5542 0.2803
vt 0.5542 0.0610
vt 0.9950 0.2810
vt 0.9943 0.2803
vt 0.9950 0.0603
vt 0.9943 0.0610
vt 0.0173 0.6885
vt 0.0173 0.6951
vt 0.2381 0.6951
vt 0.2381 0.6885
vt 0.8445 0.7863
vt 0.8379 0.7863
vt 0.8379 0.3447
vt 0.8445 0.3447
vt 0.5534 0.4025
vt 0.5534 0.3959
vt 0.7742 0.3959
vt 0.7742 0.4025
vt 0.8522 0.7965
vt 0.8588 0.7965
vt 0.8588 0.3549
vt 0.8522 0.3549
vt 0.5534 0.2810
vt 0.9950 0.2810
vt 0.9943 0.2803
vt 0.5542 0.2803
vt 0.9950 0.0603
vt 0.9943 0.0610
vt 0.5534 0.0603
vt 0.5542 0.0610
vt 0.0087 0.8250
vt 0.4503 0.8250
vt 0.4503 0.8213
vt 0.0087 0.8213
vt 0.4503 0.8213
vt 0.0087 0.8213
vt 0.0086 0.6005
vt 0.0049 0.6005
vt 0.0050 0.8250
vt 0.4503 0.8250
vt 0.8522 0.7965
vt 0.8588 0.7965
vt 0.8588 0.3549
vt 0.8522 0.3549
vt 0.0173 0.6885
vt 0.0173 0.6951
vt 0.2381 0.6951
vt 0.2381 0.6885
vt 0.8445 0.7863
vt 0.8379 0.7863
vt 0.8379 0.3447
vt 0.8445 0.3447
vt 0.5534 0.4025
vt 0.5534 0.3959
vt 0.7742 0.3959
vt 0.7742 0.4025
vt 0.5534 0.0603
vt 0.5534 0.2810
vt 0.5542 0.2803
vt 0.5542 0.0610
vt 0.9950 0.2810
vt 0.9943 0.2803
vt 0.9950 0.0603
vt 0.9943 0.0610
vt 0.4503 0.8250
vt 0.0050 0.8250
vt 0.0049 0.6005
vt 0.0086 0.6005
vt 0.0087 0.8213
vt 0.4503 0.8213
vt 0.7742 0.4025
vt 0.7742 0.3959
vt 0.5534 0.3959
vt 0.5534 0.4025
vt 0.8445 0.3447
vt 0.8379 0.3447
vt 0.8379 0.7863
vt 0.8445 0.7863
vt 0.2381 0.6885
vt 0.2381 0.6951
vt 0.0173 0.6951
vt 0.0173 0.6885
vt 0.8522 0.3549
vt 0.8588 0.3549
vt 0.8588 0.7965
vt 0.8522 0.7965
vt 0.5542 0.2803
vt 0.9943 0.2803
vt 0.9950 0.2810
vt 0.5534 0.2810
vt 0.5542 0.0610
vt 0.9943 0.0610
vt 0.5534 0.0603
vt 0.9950 0.0603
vt 0.4503 0.8250
vt 0.0050 0.8250
vt 0.0049 0.6005
vt 0.0086 0.6005
vt 0.0087 0.8213
vt 0.4503 0.8213
vt 0.7742 0.4025
vt 0.7742 0.3959
vt 0.5534 0.3959
vt 0.5534 0.4025
vt 0.8445 0.3447
vt 0.8379 0.3447
vt 0.8379 0.7863
vt 0.8445 0.7863
vt 0.2381 0.6885
vt 0.2381 0.6951
vt 0.0173 0.6951
vt 0.0173 0.6885
vt 0.8522 0.3549
vt 0.8588 0.3549
vt 0.8588 0.7965
vt 0.8522 0.7965
vt 0.5542 0.2803
vt 0.9943 0.2803
vt 0.9950 0.2810
vt 0.5534 0.2810
vt 0.5542 0.0610
vt 0.9943 0.0610
vt 0.5534 0.0603
vt 0.9950 0.0603
vt 0.4503 0.8213
vt 0.0087 0.8213
vt 0.0086 0.6005
vt 0.0049 0.6005
vt 0.0050 0.8250
vt 0.4503 0.8250
vt 0.8522 0.7965
vt 0.8588 0.7965
vt 0.8588 0.3549
vt 0.8522 0.3549
vt 0.0173 0.6885
vt 0.0173 0.6951
vt 0.2381 0.6951
vt 0.2381 0.6885
vt 0.8445 0.7863
vt 0.8379 0.7863
vt 0.8379 0.3447
vt 0.8445 0.3447
vt 0.5534 0.4025
vt 0.5534 0.3959
vt 0.7742 0.3959
vt 0.7742 0.4025
vt 0.5534 0.0603
vt 0.5534 0.2810
vt 0.5542 0.2803
vt 0.5542 0.0610
vt 0.9950 0.2810
vt 0.9943 0.2803
vt 0.9950 0.0603
vt 0.9943 0.0610
vt 0.1493 0.8544
vt 0.1503 0.8544
vt 0.1503 0.4904
vt 0.1493 0.4904
vt 0.1061 0.3043
vt 0.1050 0.3043
vt 0.1050 0.0640
vt 0.1061 0.0640
vt 0.1575 0.8544
vt 0.1585 0.8544
vt 0.1585 0.4904
vt 0.1575 0.4904
vt 0.1132 0.3043
vt 0.1143 0.3043
vt 0.1143 0.0640
vt 0.1132 0.0640
vt 0.3380 0.0568
vt 0.4307 0.0050
vt 0.0977 0.0568
vt 0.3380 0.4208
vt 0.4307 0.4726
vt 0.0050 0.4726
vt 0.0977 0.4208
vt 0.0050 0.0050
vt 0.8652 0.0050
vt 0.4379 0.0050
vt 0.4379 0.4742
vt 0.8652 0.4742
vt 0.9174 0.9560
vt 0.9174 0.4871
vt 0.9053 0.4871
vt 0.9053 0.9560
vt 0.1313 0.9177
vt 0.1433 0.9177
vt 0.1433 0.9175
vt 0.1313 0.9175
vt 0.1433 0.4906
vt 0.1313 0.4906
vt 0.1433 0.4904
vt 0.1313 0.4904
vt 0.8993 0.9560
vt 0.8993 0.4871
vt 0.8873 0.4871
vt 0.8873 0.9560
vt 0.1132 0.9175
vt 0.1253 0.9175
vt 0.1253 0.9177
vt 0.1132 0.9177
vt 0.1132 0.4906
vt 0.1253 0.4906
vt 0.1132 0.4904
vt 0.1253 0.4904
vt 0.0086 0.4844
vt 0.0084 0.4840
vt 0.0088 0.4842
vt 0.0084 0.9536
vt 0.0086 0.9532
vt 0.0052 0.9568
vt 0.0052 0.4808
vt 0.4361 0.4840
vt 0.4393 0.4808
vt 0.4393 0.9568
vt 0.4361 0.9536
vt 0.4395 0.4808
vt 0.4395 0.9568
vt 0.4393 0.4806
vt 0.0052 0.4806
vt 0.0050 0.4808
vt 0.0050 0.9568
vt 0.1064 0.4904
vt 0.1066 0.4906
vt 0.1064 0.4906
vt 0.1066 0.9247
vt 0.1064 0.9247
vt 0.4359 0.9532
vt 0.4359 0.4844
vt 0.4357 0.9534
vt 0.0088 0.9534
vt 0.4357 0.4842
vt 0.1064 0.9249
vt 0.0741 0.9247
vt 0.0741 0.9249
vt 0.0741 0.4906
vt 0.0741 0.4904
vt 0.9549 0.9627
vt 0.4789 0.9627
vt 0.4789 0.9950
vt 0.9549 0.9950
vt 0.8804 0.4806
vt 0.8804 0.9566
vt 0.8806 0.9566
vt 0.8806 0.4806
vt 0.8764 0.9526
vt 0.4464 0.9566
vt 0.4504 0.9526
vt 0.4464 0.4806
vt 0.4504 0.4846
vt 0.8764 0.4846
vt 0.4503 0.4846
vt 0.4503 0.9526
vt 0.4505 0.9522
vt 0.4505 0.4850
vt 0.4507 0.9524
vt 0.8760 0.9524
vt 0.8762 0.9522
vt 0.8762 0.4850
vt 0.0739 0.9247
vt 0.0739 0.4906
vt 0.4463 0.9566
vt 0.4463 0.4806
vt 0.4461 0.4806
vt 0.4461 0.9566
vt 0.8873 0.0050
vt 0.8873 0.4810
vt 0.9196 0.4810
vt 0.9196 0.0050
vt 0.0345 0.4906
vt 0.0668 0.4906
vt 0.0668 0.4904
vt 0.0345 0.4904
vt 0.0345 0.9247
vt 0.0668 0.9247
vt 0.9551 0.9950
vt 0.9551 0.9627
vt 0.8804 0.9568
vt 0.4463 0.9568
vt 0.4507 0.4848
vt 0.8760 0.4848
vt 0.0052 0.9635
vt 0.0052 0.9627
vt 0.0050 0.9627
vt 0.0050 0.9635
vt 0.4724 0.9627
vt 0.4724 0.9635
vt 0.4726 0.9635
vt 0.4726 0.9627
vt 0.0255 0.4904
vt 0.0255 0.9157
vt 0.0247 0.9157
vt 0.0247 0.4904
vt 0.0052 0.9709
vt 0.0052 0.9717
vt 0.0050 0.9717
vt 0.0050 0.9709
vt 0.4724 0.9717
vt 0.4724 0.9709
vt 0.4726 0.9709
vt 0.4726 0.9717
vt 0.0148 0.4904
vt 0.0148 0.9157
vt 0.0157 0.9157
vt 0.0157 0.4904
vt 0.0050 0.9151
vt 0.2987 0.9112
vt 0.3025 0.9150
vt 0.0088 0.9113
vt 0.0050 0.6150
vt 0.0088 0.6187
vt 0.2987 0.6187
vt 0.3025 0.6149
vt 0.0093 0.6192
vt 0.0093 0.9107
vt 0.0088 0.9112
vt 0.2982 0.6192
vt 0.2982 0.9107
vt 0.1695 0.0507
vt 0.1702 0.0507
vt 0.1702 0.3482
vt 0.1695 0.3482
vt 0.9081 0.7428
vt 0.9081 0.7436
vt 0.6080 0.7436
vt 0.6080 0.7428
vt 0.1634 0.0507
vt 0.1626 0.0507
vt 0.1626 0.3482
vt 0.1634 0.3482
vt 0.9081 0.7687
vt 0.9081 0.7679
vt 0.6080 0.7679
vt 0.6080 0.7687
vt 0.7038 0.6333
vt 0.7033 0.6327
vt 0.7033 0.3326
vt 0.7038 0.3321
vt 0.4052 0.6333
vt 0.4057 0.6327
vt 0.4052 0.3321
vt 0.4057 0.3326
vt 0.3984 0.3253
vt 0.3984 0.6401
vt 0.7106 0.6401
vt 0.7106 0.3253
vt 0.7111 0.3248
vt 0.7111 0.6406
vt 0.3979 0.3248
vt 0.3979 0.6406
vt 0.1763 0.0507
vt 0.1882 0.0507
vt 0.1882 0.3639
vt 0.1763 0.3639
vt 0.9238 0.7159
vt 0.9238 0.7040
vt 0.6080 0.7040
vt 0.6080 0.7159
vt 0.1352 0.3639
vt 0.1471 0.3639
vt 0.1471 0.0507
vt 0.1352 0.0507
vt 0.7106 0.3203
vt 0.3984 0.3203
vt 0.3979 0.3208
vt 0.7111 0.3208
vt 0.4052 0.3135
vt 0.7038 0.3135
vt 0.7038 0.0123
vt 0.7106 0.0055
vt 0.4052 0.0123
vt 0.3984 0.0055
vt 0.7111 0.0050
vt 0.3979 0.0050
vt 0.4057 0.3129
vt 0.4057 0.0128
vt 0.7033 0.3129
vt 0.7033 0.0128
vt 0.3396 0.3025
vt 0.3430 0.3025
vt 0.3430 0.0050
vt 0.3396 0.0050
vt 0.6080 0.7633
vt 0.6080 0.7599
vt 0.9081 0.7599
vt 0.9081 0.7633
vt 0.3350 0.3025
vt 0.3316 0.3025
vt 0.3316 0.0050
vt 0.3350 0.0050
vt 0.6080 0.7737
vt 0.6080 0.7770
vt 0.9081 0.7770
vt 0.9081 0.7737
vt 0.3066 0.9447
vt 0.3104 0.6484
vt 0.3066 0.6446
vt 0.3104 0.9409
vt 0.6040 0.9447
vt 0.6003 0.9409
vt 0.6003 0.6484
vt 0.6040 0.6446
vt 0.3108 0.6489
vt 0.3103 0.6484
vt 0.3103 0.9409
vt 0.3108 0.9404
vt 0.5997 0.6489
vt 0.5997 0.9404
vt 0.6080 0.7553
vt 0.6080 0.7485
vt 0.8995 0.7485
vt 0.8995 0.7553
vt 0.1512 0.0507
vt 0.1579 0.0507
vt 0.1579 0.3396
vt 0.1512 0.3396
vt 0.8995 0.8044
vt 0.8995 0.7976
vt 0.6080 0.7976
vt 0.6080 0.8044
vt 0.0266 0.0632
vt 0.0198 0.0632
vt 0.0198 0.3522
vt 0.0266 0.3522
vt 0.9238 0.6560
vt 0.9238 0.6679
vt 0.6080 0.6679
vt 0.6080 0.6560
vt 0.0050 0.9151
vt 0.2987 0.9112
vt 0.3025 0.9150
vt 0.0088 0.9113
vt 0.0050 0.6150
vt 0.0088 0.6187
vt 0.2987 0.6187
vt 0.3025 0.6149
vt 0.0093 0.6192
vt 0.0093 0.9107
vt 0.0088 0.9112
vt 0.2982 0.6192
vt 0.2982 0.9107
vt 0.1695 0.0507
vt 0.1702 0.0507
vt 0.1702 0.3482
vt 0.1695 0.3482
vt 0.9081 0.7428
vt 0.9081 0.7436
vt 0.6080 0.7436
vt 0.6080 0.7428
vt 0.1634 0.0507
vt 0.1626 0.0507
vt 0.1626 0.3482
vt 0.1634 0.3482
vt 0.9081 0.7687
vt 0.9081 0.7679
vt 0.6080 0.7679
vt 0.6080 0.7687
vt 0.7038 0.6333
vt 0.7033 0.6327
vt 0.7033 0.3326
vt 0.7038 0.3321
vt 0.4052 0.6333
vt 0.4057 0.6327
vt 0.4052 0.3321
vt 0.4057 0.3326
vt 0.3984 0.3253
vt 0.3984 0.6401
vt 0.7106 0.6401
vt 0.7106 0.3253
vt 0.7111 0.3248
vt 0.7111 0.6406
vt 0.3979 0.3248
vt 0.3979 0.6406
vt 0.1763 0.0507
vt 0.1882 0.0507
vt 0.1882 0.3639
vt 0.1763 0.3639
vt 0.9238 0.7159
vt 0.9238 0.7040
vt 0.6080 0.7040
vt 0.6080 0.7159
vt 0.1352 0.3639
vt 0.1471 0.3639
vt 0.1471 0.0507
vt 0.1352 0.0507
vt 0.7106 0.3203
vt 0.3984 0.3203
vt 0.3979 0.3208
vt 0.7111 0.3208
vt 0.4052 0.3135
vt 0.7038 0.3135
vt 0.7038 0.0123
vt 0.7106 0.0055
vt 0.4052 0.0123
vt 0.3984 0.0055
vt 0.7111 0.0050
vt 0.3979 0.0050
vt 0.4057 0.3129
vt 0.4057 0.0128
vt 0.7033 0.3129
vt 0.7033 0.0128
vt 0.3396 0.3025
vt 0.3430 0.3025
vt 0.3430 0.0050
vt 0.3396 0.0050
vt 0.6080 0.7633
vt 0.6080 0.7599
vt 0.9081 0.7599
vt 0.9081 0.7633
vt 0.3350 0.3025
vt 0.3316 0.3025
vt 0.3316 0.0050
vt 0.3350 0.0050
vt 0.6080 0.7737
vt 0.6080 0.7770
vt 0.9081 0.7770
vt 0.9081 0.7737
vt 0.3066 0.9447
vt 0.3104 0.6484
vt 0.3066 0.6446
vt 0.3104 0.9409
vt 0.6040 0.9447
vt 0.6003 0.9409
vt 0.6003 0.6484
vt 0.6040 0.6446
vt 0.3108 0.6489
vt 0.3103 0.6484
vt 0.3103 0.9409
vt 0.3108 0.9404
vt 0.5997 0.6489
vt 0.5997 0.9404
vt 0.6080 0.7553
vt 0.6080 0.7485
vt 0.8995 0.7485
vt 0.8995 0.7553
vt 0.1512 0.0507
vt 0.1579 0.0507
vt 0.1579 0.3396
vt 0.1512 0.3396
vt 0.8995 0.8044
vt 0.8995 0.7976
vt 0.6080 0.7976
vt 0.6080 0.8044
vt 0.0266 0.0632
vt 0.0198 0.0632
vt 0.0198 0.3522
vt 0.0266 0.3522
vt 0.9238 0.6560
vt 0.9238 0.6679
vt 0.6080 0.6679
vt 0.6080 0.6560
vt 0.1055 0.1809
vt 0.1055 0.1828
vt 0.1133 0.1828
vt 0.1133 0.1809
vt 0.3930 0.6107
vt 0.2014 0.6107
vt 0.2014 0.0050
vt 0.2034 0.0050
vt 0.2034 0.5699
vt 0.3911 0.5699
vt 0.3911 0.0050
vt 0.3930 0.0050
vt 0.0313 0.0632
vt 0.0390 0.0632
vt 0.0390 0.2548
vt 0.0313 0.2548
vt 0.0050 0.9573
vt 0.6107 0.9573
vt 0.6107 0.9495
vt 0.0050 0.9495
vt 0.1965 0.6107
vt 0.1965 0.0050
vt 0.0050 0.0050
vt 0.0050 0.6107
vt 0.0069 0.6107
vt 0.0069 0.0458
vt 0.1946 0.0458
vt 0.1946 0.6107
vt 0.0050 0.9621
vt 0.6107 0.9621
vt 0.6107 0.9699
vt 0.0050 0.9699
vt 0.0050 0.9950
vt 0.5699 0.9950
vt 0.5694 0.9945
vt 0.0060 0.9945
vt 0.5699 0.9872
vt 0.5694 0.9878
vt 0.0050 0.9872
vt 0.0060 0.9878
vt 0.3905 0.5689
vt 0.3900 0.5694
vt 0.2044 0.5694
vt 0.2039 0.5689
vt 0.5699 0.9824
vt 0.0050 0.9824
vt 0.0055 0.9819
vt 0.5689 0.9819
vt 0.0050 0.9747
vt 0.0055 0.9752
vt 0.0722 0.1885
vt 0.0722 0.1866
vt 0.0644 0.1866
vt 0.0644 0.1885
vt 0.5699 0.9747
vt 0.5689 0.9752
vt 0.0597 0.2504
vt 0.0602 0.2509
vt 0.0597 0.2499
vt 0.0602 0.0632
vt 0.0597 0.0643
vt 0.0597 0.0638
vt 0.0530 0.0638
vt 0.0530 0.0643
vt 0.0530 0.2499
vt 0.0530 0.2504
vt 0.0050 0.9151
vt 0.2987 0.9112
vt 0.3025 0.9150
vt 0.0088 0.9113
vt 0.0050 0.6150
vt 0.0088 0.6187
vt 0.2987 0.6187
vt 0.3025 0.6149
vt 0.0093 0.6192
vt 0.0093 0.9107
vt 0.0088 0.9112
vt 0.2982 0.6192
vt 0.2982 0.9107
vt 0.1695 0.0507
vt 0.1702 0.0507
vt 0.1702 0.3482
vt 0.1695 0.3482
vt 0.9081 0.7428
vt 0.9081 0.7436
vt 0.6080 0.7436
vt 0.6080 0.7428
vt 0.1634 0.0507
vt 0.1626 0.0507
vt 0.1626 0.3482
vt 0.1634 0.3482
vt 0.9081 0.7687
vt 0.9081 0.7679
vt 0.6080 0.7679
vt 0.6080 0.7687
vt 0.7038 0.6333
vt 0.7033 0.6327
vt 0.7033 0.3326
vt 0.7038 0.3321
vt 0.4052 0.6333
vt 0.4057 0.6327
vt 0.4052 0.3321
vt 0.4057 0.3326
vt 0.3984 0.3253
vt 0.3984 0.6401
vt 0.7106 0.6401
vt 0.7106 0.3253
vt 0.7111 0.3248
vt 0.7111 0.6406
vt 0.3979 0.3248
vt 0.3979 0.6406
vt 0.1763 0.0507
vt 0.1882 0.0507
vt 0.1882 0.3639
vt 0.1763 0.3639
vt 0.9238 0.7159
vt 0.9238 0.7040
vt 0.6080 0.7040
vt 0.6080 0.7159
vt 0.1352 0.3639
vt 0.1471 0.3639
vt 0.1471 0.0507
vt 0.1352 0.0507
vt 0.7106 0.3203
vt 0.3984 0.3203
vt 0.3979 0.3208
vt 0.7111 0.3208
vt 0.4052 0.3135
vt 0.7038 0.3135
vt 0.7038 0.0123
vt 0.7106 0.0055
vt 0.4052 0.0123
vt 0.3984 0.0055
vt 0.7111 0.0050
vt 0.3979 0.0050
vt 0.4057 0.3129
vt 0.4057 0.0128
vt 0.7033 0.3129
vt 0.7033 0.0128
vt 0.3396 0.3025
vt 0.3430 0.3025
vt 0.3430 0.0050
vt 0.3396 0.0050
vt 0.6080 0.7633
vt 0.6080 0.7599
vt 0.9081 0.7599
vt 0.9081 0.7633
vt 0.3350 0.3025
vt 0.3316 0.3025
vt 0.3316 0.0050
vt 0.3350 0.0050
vt 0.6080 0.7737
vt 0.6080 0.7770
vt 0.9081 0.7770
vt 0.9081 0.7737
vt 0.3066 0.9447
vt 0.3104 0.6484
vt 0.3066 0.6446
vt 0.3104 0.9409
vt 0.6040 0.9447
vt 0.6003 0.9409
vt 0.6003 0.6484
vt 0.6040 0.6446
vt 0.3108 0.6489
vt 0.3103 0.6484
vt 0.3103 0.9409
vt 0.3108 0.9404
vt 0.5997 0.6489
vt 0.5997 0.9404
vt 0.6080 0.7553
vt 0.6080 0.7485
vt 0.8995 0.7485
vt 0.8995 0.7553
vt 0.1512 0.0507
vt 0.1579 0.0507
vt 0.1579 0.3396
vt 0.1512 0.3396
vt 0.8995 0.8044
vt 0.8995 0.7976
vt 0.6080 0.7976
vt 0.6080 0.8044
vt 0.0266 0.0632
vt 0.0198 0.0632
vt 0.0198 0.3522
vt 0.0266 0.3522
vt 0.9238 0.6560
vt 0.9238 0.6679
vt 0.6080 0.6679
vt 0.6080 0.6560
vt 0.9081 0.7850
vt 0.9081 0.7817
vt 0.6080 0.7817
vt 0.6080 0.7850
vt 0.0804 0.0632
vt 0.0837 0.0632
vt 0.0837 0.1764
vt 0.0804 0.1764
vt 0.9081 0.7896
vt 0.9081 0.7930
vt 0.6080 0.7930
vt 0.6080 0.7896
vt 0.0472 0.0632
vt 0.0438 0.0632
vt 0.0438 0.1764
vt 0.0472 0.1764
vt 0.0148 0.3586
vt 0.1279 0.3586
vt 0.1285 0.3591
vt 0.0143 0.3591
vt 0.1279 0.0585
vt 0.1285 0.0580
vt 0.0148 0.0585
vt 0.0143 0.0580
vt 0.0124 0.3659
vt 0.0144 0.3591
vt 0.0124 0.0512
vt 0.1304 0.0512
vt 0.1304 0.3659
vt 0.1304 0.3660
vt 0.1309 0.0507
vt 0.1309 0.3665
vt 0.0119 0.0507
vt 0.0124 0.3660
vt 0.0119 0.3665
vt 0.0895 0.0632
vt 0.1014 0.0632
vt 0.1014 0.1823
vt 0.0895 0.1823
vt 0.9238 0.6999
vt 0.9238 0.6880
vt 0.6080 0.6880
vt 0.6080 0.6999
vt 0.0644 0.1823
vt 0.0763 0.1823
vt 0.0763 0.0632
vt 0.0644 0.0632
vt 0.2083 0.3208
vt 0.3274 0.3208
vt 0.3269 0.3203
vt 0.2088 0.3203
vt 0.3274 0.0050
vt 0.3269 0.0055
vt 0.2083 0.0050
vt 0.2088 0.0055
vt 0.6080 0.6839
vt 0.6080 0.6720
vt 0.9238 0.6720
vt 0.9238 0.6839
vt 0.2108 0.3135
vt 0.3249 0.3135
vt 0.3249 0.0123
vt 0.2108 0.0123
vt 0.2113 0.3129
vt 0.2113 0.0128
vt 0.6080 0.7371
vt 0.6080 0.7379
vt 0.9081 0.7379
vt 0.9081 0.7371
vt 0.1169 0.1764
vt 0.1177 0.1764
vt 0.1177 0.0632
vt 0.1169 0.0632
vt 0.6080 0.7208
vt 0.6080 0.7200
vt 0.9081 0.7200
vt 0.9081 0.7208
vt 0.2171 0.2449
vt 0.2163 0.2449
vt 0.2163 0.1318
vt 0.2171 0.1318
vt 0.3244 0.3129
vt 0.3244 0.0128
vt 0.8285 0.6100
vt 0.8274 0.6062
vt 0.7154 0.6100
vt 0.8285 0.3099
vt 0.8274 0.3137
vt 0.7165 0.3137
vt 0.7154 0.3099
vt 0.7165 0.6062
vt 0.8269 0.6058
vt 0.7170 0.6058
vt 0.7165 0.6063
vt 0.8274 0.6063
vt 0.2230 0.1274
vt 0.2163 0.1274
vt 0.2163 0.0176
vt 0.2230 0.0176
vt 0.8995 0.7324
vt 0.8995 0.7257
vt 0.6080 0.7257
vt 0.6080 0.7324
vt 0.8274 0.0088
vt 0.8274 0.3013
vt 0.8269 0.3008
vt 0.8269 0.0093
vt 0.8285 0.3051
vt 0.8285 0.0050
vt 0.7155 0.0049
vt 0.7166 0.0087
vt 0.7155 0.3050
vt 0.7166 0.3013
vt 0.7170 0.3008
vt 0.7165 0.3013
vt 0.7165 0.0088
vt 0.7170 0.0093
vt 0.1122 0.0632
vt 0.1055 0.0632
vt 0.1055 0.1731
vt 0.1122 0.1731
vt 0.6080 0.6513
vt 0.6080 0.6446
vt 0.8995 0.6446
vt 0.8995 0.6513
vt 0.8269 0.3143
vt 0.7170 0.3143
vt 0.0050 0.9151
vt 0.2987 0.9112
vt 0.3025 0.9150
vt 0.0088 0.9113
vt 0.0050 0.6150
vt 0.0088 0.6187
vt 0.2987 0.6187
vt 0.3025 0.6149
vt 0.0093 0.6192
vt 0.0093 0.9107
vt 0.0088 0.9112
vt 0.2982 0.6192
vt 0.2982 0.9107
vt 0.1695 0.0507
vt 0.1702 0.0507
vt 0.1702 0.3482
vt 0.1695 0.3482
vt 0.9081 0.7428
vt 0.9081 0.7436
vt 0.6080 0.7436
vt 0.6080 0.7428
vt 0.1634 0.0507
vt 0.1626 0.0507
vt 0.1626 0.3482
vt 0.1634 0.3482
vt 0.9081 0.7687
vt 0.9081 0.7679
vt 0.6080 0.7679
vt 0.6080 0.7687
vt 0.7038 0.6333
vt 0.7033 0.6327
vt 0.7033 0.3326
vt 0.7038 0.3321
vt 0.4052 0.6333
vt 0.4057 0.6327
vt 0.4052 0.3321
vt 0.4057 0.3326
vt 0.3984 0.3253
vt 0.3984 0.6401
vt 0.7106 0.6401
vt 0.7106 0.3253
vt 0.7111 0.3248
vt 0.7111 0.6406
vt 0.3979 0.3248
vt 0.3979 0.6406
vt 0.1763 0.0507
vt 0.1882 0.0507
vt 0.1882 0.3639
vt 0.1763 0.3639
vt 0.9238 0.7159
vt 0.9238 0.7040
vt 0.6080 0.7040
vt 0.6080 0.7159
vt 0.1352 0.3639
vt 0.1471 0.3639
vt 0.1471 0.0507
vt 0.1352 0.0507
vt 0.7106 0.3203
vt 0.3984 0.3203
vt 0.3979 0.3208
vt 0.7111 0.3208
vt 0.4052 0.3135
vt 0.7038 0.3135
vt 0.7038 0.0123
vt 0.7106 0.0055
vt 0.4052 0.0123
vt 0.3984 0.0055
vt 0.7111 0.0050
vt 0.3979 0.0050
vt 0.4057 0.3129
vt 0.4057 0.0128
vt 0.7033 0.3129
vt 0.7033 0.0128
vt 0.3396 0.3025
vt 0.3430 0.3025
vt 0.3430 0.0050
vt 0.3396 0.0050
vt 0.6080 0.7633
vt 0.6080 0.7599
vt 0.9081 0.7599
vt 0.9081 0.7633
vt 0.3350 0.3025
vt 0.3316 0.3025
vt 0.3316 0.0050
vt 0.3350 0.0050
vt 0.6080 0.7737
vt 0.6080 0.7770
vt 0.9081 0.7770
vt 0.9081 0.7737
vt 0.3066 0.9447
vt 0.3104 0.6484
vt 0.3066 0.6446
vt 0.3104 0.9409
vt 0.6040 0.9447
vt 0.6003 0.9409
vt 0.6003 0.6484
vt 0.6040 0.6446
vt 0.3108 0.6489
vt 0.3103 0.6484
vt 0.3103 0.9409
vt 0.3108 0.9404
vt 0.5997 0.6489
vt 0.5997 0.9404
vt 0.6080 0.7553
vt 0.6080 0.7485
vt 0.8995 0.7485
vt 0.8995 0.7553
vt 0.1512 0.0507
vt 0.1579 0.0507
vt 0.1579 0.3396
vt 0.1512 0.3396
vt 0.8995 0.8044
vt 0.8995 0.7976
vt 0.6080 0.7976
vt 0.6080 0.8044
vt 0.0266 0.0632
vt 0.0198 0.0632
vt 0.0198 0.3522
vt 0.0266 0.3522
vt 0.9238 0.6560
vt 0.9238 0.6679
vt 0.6080 0.6679
vt 0.6080 0.6560
vt 0.3025 0.9150
vt 0.2987 0.9112
vt 0.0050 0.9151
vt 0.3025 0.6149
vt 0.0088 0.9113
vt 0.0050 0.6150
vt 0.0088 0.6187
vt 0.2987 0.6187
vt 0.6080 0.7687
vt 0.6080 0.7679
vt 0.9081 0.7679
vt 0.9081 0.7687
vt 0.1634 0.3482
vt 0.1626 0.3482
vt 0.1626 0.0507
vt 0.1634 0.0507
vt 0.6080 0.7428
vt 0.6080 0.7436
vt 0.9081 0.7436
vt 0.9081 0.7428
vt 0.1695 0.3482
vt 0.1702 0.3482
vt 0.1702 0.0507
vt 0.1695 0.0507
vt 0.4057 0.3326
vt 0.7033 0.3326
vt 0.7038 0.3321
vt 0.4052 0.3321
vt 0.7033 0.6327
vt 0.7038 0.6333
vt 0.4057 0.6327
vt 0.4052 0.6333
vt 0.3984 0.3253
vt 0.3984 0.6401
vt 0.7106 0.6401
vt 0.7106 0.3253
vt 0.7111 0.6406
vt 0.7111 0.3248
vt 0.6080 0.6560
vt 0.6080 0.6679
vt 0.9238 0.6679
vt 0.9238 0.6560
vt 0.1352 0.0507
vt 0.1471 0.0507
vt 0.1471 0.3639
vt 0.1352 0.3639
vt 0.7111 0.3208
vt 0.3979 0.3208
vt 0.3984 0.3203
vt 0.7106 0.3203
vt 0.3979 0.0050
vt 0.3984 0.0055
vt 0.7111 0.0050
vt 0.7106 0.0055
vt 0.1763 0.3639
vt 0.1882 0.3639
vt 0.1882 0.0507
vt 0.1763 0.0507
vt 0.3979 0.6406
vt 0.3979 0.3248
vt 0.6080 0.7159
vt 0.6080 0.7040
vt 0.9238 0.7040
vt 0.9238 0.7159
vt 0.7038 0.0123
vt 0.4052 0.0123
vt 0.4052 0.3135
vt 0.7038 0.3135
vt 0.4057 0.0128
vt 0.4057 0.3129
vt 0.9081 0.7737
vt 0.9081 0.7770
vt 0.6080 0.7770
vt 0.6080 0.7737
vt 0.3350 0.0050
vt 0.3316 0.0050
vt 0.3316 0.3025
vt 0.3350 0.3025
vt 0.9081 0.7633
vt 0.9081 0.7599
vt 0.6080 0.7599
vt 0.6080 0.7633
vt 0.3396 0.0050
vt 0.3430 0.0050
vt 0.3430 0.3025
vt 0.3396 0.3025
vt 0.7033 0.0128
vt 0.7033 0.3129
vt 0.6040 0.6446
vt 0.6003 0.6484
vt 0.3066 0.6446
vt 0.6040 0.9447
vt 0.6003 0.9409
vt 0.3104 0.9409
vt 0.3066 0.9447
vt 0.3104 0.6484
vt 0.3108 0.6489
vt 0.3103 0.6484
vt 0.5997 0.6489
vt 0.3108 0.9404
vt 0.3103 0.9409
vt 0.5997 0.9404
vt 0.1512 0.3396
vt 0.1579 0.3396
vt 0.1579 0.0507
vt 0.1512 0.0507
vt 0.6080 0.8044
vt 0.6080 0.7976
vt 0.8995 0.7976
vt 0.8995 0.8044
vt 0.0266 0.3522
vt 0.0198 0.3522
vt 0.0198 0.0632
vt 0.0266 0.0632
vt 0.8995 0.7553
vt 0.8995 0.7485
vt 0.6080 0.7485
vt 0.6080 0.7553
vt 0.0088 0.9112
vt 0.0093 0.9107
vt 0.0093 0.6192
vt 0.2982 0.9107
vt 0.2982 0.6192
vt 0.0050 0.9890
vt 0.4950 0.9890
vt 0.4950 0.5050
vt 0.0050 0.5050
vt 0.9810 0.0050
vt 0.9810 0.4809
vt 0.7360 0.4809
vt 0.7360 0.0050
vt 0.9810 0.0050
vt 0.9810 0.0913
vt 0.7360 0.0913
vt 0.7360 0.0050
vt 0.9870 0.7500
vt 0.7440 0.7500
vt 0.7440 0.5050
vt 0.5050 0.5050
vt 0.5050 0.9950
vt 0.9870 0.9950
vt 0.4890 0.4950
vt 0.4890 0.2500
vt 0.0050 0.2500
vt 0.0050 0.0050
vt 0.7279 0.0050
vt 0.7279 0.4950
vt 0.8626 0.9950
vt 0.8964 0.9905
vt 0.9280 0.9775
vt 0.9551 0.9567
vt 0.9759 0.9296
vt 0.9889 0.8981
vt 0.9934 0.8642
vt 0.9889 0.8304
vt 0.9759 0.7988
vt 0.9551 0.7718
vt 0.9280 0.7510
vt 0.8964 0.7379
vt 0.8626 0.7334
vt 0.8288 0.7379
vt 0.7972 0.7510
vt 0.7701 0.7718
vt 0.7493 0.7988
vt 0.7363 0.8304
vt 0.7318 0.8642
vt 0.7363 0.8981
vt 0.7493 0.9296
vt 0.7701 0.9567
vt 0.7972 0.9775
vt 0.8288 0.9905
vt 0.2246 0.1544
vt 0.2196 0.1544
vt 0.2196 0.1205
vt 0.2246 0.1205
vt 0.2246 0.1882
vt 0.2196 0.1882
vt 0.2246 0.2198
vt 0.2196 0.2198
vt 0.2246 0.2469
vt 0.2196 0.2469
vt 0.1629 0.3920
vt 0.1629 0.3969
vt 0.1900 0.3969
vt 0.1900 0.3920
vt 0.1313 0.3920
vt 0.1313 0.3969
vt 0.0975 0.3920
vt 0.0975 0.3969
vt 0.0636 0.3920
vt 0.0636 0.3969
vt 0.0321 0.3920
vt 0.0321 0.3969
vt 0.0050 0.3920
vt 0.0050 0.3969
vt 0.0993 0.0971
vt 0.1043 0.0971
vt 0.1043 0.0700
vt 0.0993 0.0700
vt 0.0993 0.1287
vt 0.1043 0.1287
vt 0.0993 0.1625
vt 0.1043 0.1625
vt 0.0993 0.1964
vt 0.1043 0.1964
vt 0.0993 0.2279
vt 0.1043 0.2279
vt 0.0993 0.2550
vt 0.1043 0.2550
vt 0.1629 0.3856
vt 0.1629 0.3806
vt 0.1900 0.3806
vt 0.1900 0.3856
vt 0.1313 0.3856
vt 0.1313 0.3806
vt 0.0975 0.3856
vt 0.0975 0.3806
vt 0.0636 0.3856
vt 0.0636 0.3806
vt 0.0321 0.3856
vt 0.0321 0.3806
vt 0.0050 0.3856
vt 0.0050 0.3806
vt 0.2246 0.0890
vt 0.2196 0.0890
vt 0.2196 0.0619
vt 0.2246 0.0619
vt 0.4745 0.5224
vt 0.4430 0.5355
vt 0.4439 0.5387
vt 0.4092 0.5399
vt 0.4092 0.5433
vt 0.4092 0.5400
vt 0.3753 0.5355
vt 0.3745 0.5387
vt 0.3744 0.5387
vt 0.3437 0.5225
vt 0.3421 0.5253
vt 0.3167 0.5016
vt 0.3438 0.5224
vt 0.3143 0.5040
vt 0.2959 0.4745
vt 0.2930 0.4762
vt 0.2796 0.4439
vt 0.2828 0.4430
vt 0.2750 0.4092
vt 0.2784 0.4092
vt 0.2796 0.3744
vt 0.2828 0.3753
vt 0.2959 0.3438
vt 0.2930 0.3421
vt 0.3167 0.3167
vt 0.3143 0.3143
vt 0.3421 0.2930
vt 0.3438 0.2959
vt 0.3744 0.2796
vt 0.3753 0.2828
vt 0.4092 0.2784
vt 0.4092 0.2750
vt 0.4430 0.2828
vt 0.4439 0.2796
vt 0.4745 0.2959
vt 0.4762 0.2930
vt 0.5040 0.3143
vt 0.5016 0.3167
vt 0.5253 0.3421
vt 0.5224 0.3438
vt 0.5355 0.3753
vt 0.5387 0.3744
vt 0.5399 0.4092
vt 0.5433 0.4092
vt 0.5399 0.4091
vt 0.5354 0.4430
vt 0.5387 0.4438
vt 0.5432 0.4091
vt 0.5224 0.4745
vt 0.5387 0.4439
vt 0.5355 0.4430
vt 0.5253 0.4762
vt 0.5040 0.5040
vt 0.5016 0.5016
vt 0.4762 0.5253
vt 0.5236 0.5235
vt 0.4901 0.5493
vt 0.3283 0.5493
vt 0.3673 0.5654
vt 0.4510 0.5654
vt 0.4092 0.5709
vt 0.3673 0.5655
vt 0.3664 0.5687
vt 0.4092 0.5743
vt 0.4092 0.5710
vt 0.3282 0.5493
vt 0.3266 0.5522
vt 0.3672 0.5655
vt 0.2924 0.5259
vt 0.4229 0.3237
vt 0.4361 0.3237
vt 0.4361 0.2895
vt 0.4229 0.2895
vt 0.4229 0.3636
vt 0.4361 0.3636
vt 0.4229 0.4063
vt 0.4361 0.4063
vt 0.4229 0.4491
vt 0.4361 0.4491
vt 0.4229 0.4889
vt 0.4361 0.4889
vt 0.4229 0.5231
vt 0.4361 0.5231
vt 0.7295 0.1383
vt 0.7295 0.1515
vt 0.7637 0.1515
vt 0.7637 0.1383
vt 0.6897 0.1383
vt 0.6897 0.1515
vt 0.6470 0.1383
vt 0.6470 0.1515
vt 0.6042 0.1383
vt 0.6042 0.1515
vt 0.5644 0.1383
vt 0.5644 0.1515
vt 0.5302 0.1383
vt 0.5302 0.1515
vt 0.3971 0.3221
vt 0.3839 0.3221
vt 0.3839 0.2879
vt 0.3971 0.2879
vt 0.3971 0.3620
vt 0.3839 0.3620
vt 0.3971 0.4047
vt 0.3839 0.4047
vt 0.3971 0.4474
vt 0.3839 0.4474
vt 0.3971 0.4873
vt 0.3839 0.4873
vt 0.3971 0.5215
vt 0.3839 0.5215
vt 0.7279 0.1906
vt 0.7279 0.1774
vt 0.7621 0.1774
vt 0.7621 0.1906
vt 0.6881 0.1906
vt 0.6881 0.1774
vt 0.6453 0.1906
vt 0.6453 0.1774
vt 0.6026 0.1906
vt 0.6026 0.1774
vt 0.5628 0.1906
vt 0.5628 0.1774
vt 0.5286 0.1906
vt 0.5286 0.1774
vt 0.2661 0.4917
vt 0.2947 0.5236
vt 0.2690 0.4900
vt 0.2529 0.4510
vt 0.2474 0.4092
vt 0.2751 0.4092
vt 0.2529 0.3673
vt 0.2690 0.3283
vt 0.2947 0.2947
vt 0.3283 0.2690
vt 0.4901 0.2690
vt 0.5236 0.2947
vt 0.5493 0.3283
vt 0.5654 0.3673
vt 0.5433 0.4091
vt 0.5710 0.4091
vt 0.5654 0.4510
vt 0.5493 0.4900
vt 0.5259 0.5259
vt 0.5493 0.4901
vt 0.5236 0.5236
vt 0.5522 0.4917
vt 0.5687 0.4519
vt 0.5710 0.4092
vt 0.5743 0.4092
vt 0.5687 0.3664
vt 0.5522 0.3266
vt 0.5259 0.2924
vt 0.4917 0.2662
vt 0.4900 0.2690
vt 0.5236 0.2948
vt 0.4519 0.2497
vt 0.4917 0.2661
vt 0.4510 0.2529
vt 0.4092 0.2474
vt 0.4092 0.2440
vt 0.3664 0.2497
vt 0.3673 0.2529
vt 0.3266 0.2661
vt 0.2924 0.2924
vt 0.2661 0.3266
vt 0.2497 0.3664
vt 0.2440 0.4092
vt 0.2497 0.4519
vt 0.2690 0.4901
vt 0.4917 0.5522
vt 0.4519 0.5687
vt 0.1358 0.6698
vt 0.1696 0.6653
vt 0.2012 0.6523
vt 0.2282 0.6315
vt 0.2490 0.6044
vt 0.2621 0.5729
vt 0.2666 0.5390
vt 0.2621 0.5052
vt 0.2490 0.4736
vt 0.2282 0.4466
vt 0.2012 0.4258
vt 0.1696 0.4127
vt 0.1358 0.4082
vt 0.1019 0.4127
vt 0.0704 0.4258
vt 0.0433 0.4466
vt 0.0225 0.4736
vt 0.0095 0.5052
vt 0.0050 0.5390
vt 0.0095 0.5729
vt 0.0225 0.6044
vt 0.0433 0.6315
vt 0.0704 0.6523
vt 0.1019 0.6653
vt 0.3465 0.1544
vt 0.3416 0.1544
vt 0.3416 0.1205
vt 0.3465 0.1205
vt 0.3465 0.1882
vt 0.3416 0.1882
vt 0.3465 0.2198
vt 0.3416 0.2198
vt 0.3465 0.2469
vt 0.3416 0.2469
vt 0.4246 0.5806
vt 0.4246 0.5856
vt 0.4517 0.5856
vt 0.4517 0.5806
vt 0.3931 0.5806
vt 0.3931 0.5856
vt 0.3592 0.5806
vt 0.3592 0.5856
vt 0.3254 0.5806
vt 0.3254 0.5856
vt 0.2939 0.5806
vt 0.2939 0.5856
vt 0.2668 0.5806
vt 0.2668 0.5856
vt 0.2310 0.0939
vt 0.2360 0.0939
vt 0.2360 0.0668
vt 0.2310 0.0668
vt 0.2310 0.1254
vt 0.2360 0.1254
vt 0.2310 0.1593
vt 0.2360 0.1593
vt 0.2310 0.1931
vt 0.2360 0.1931
vt 0.2310 0.2247
vt 0.2360 0.2247
vt 0.2310 0.2517
vt 0.2360 0.2517
vt 0.4572 0.0555
vt 0.4572 0.0505
vt 0.4842 0.0505
vt 0.4842 0.0555
vt 0.4256 0.0555
vt 0.4256 0.0505
vt 0.3918 0.0555
vt 0.3918 0.0505
vt 0.3579 0.0555
vt 0.3579 0.0505
vt 0.3264 0.0555
vt 0.3264 0.0505
vt 0.2993 0.0555
vt 0.2993 0.0505
vt 0.3465 0.0890
vt 0.3416 0.0890
vt 0.3416 0.0619
vt 0.3465 0.0619
vt 0.6837 0.2965
vt 0.7169 0.2863
vt 0.7152 0.2834
vt 0.6845 0.2997
vt 0.6498 0.3009
vt 0.6498 0.3043
vt 0.6160 0.2965
vt 0.6151 0.2997
vt 0.6159 0.2965
vt 0.5844 0.2835
vt 0.5827 0.2864
vt 0.6150 0.2998
vt 0.5844 0.2834
vt 0.5550 0.2650
vt 0.5828 0.2863
vt 0.5573 0.2626
vt 0.5337 0.2372
vt 0.5366 0.2355
vt 0.5235 0.2040
vt 0.5203 0.2048
vt 0.5190 0.1701
vt 0.5157 0.1701
vt 0.5203 0.1354
vt 0.5235 0.1363
vt 0.5337 0.1031
vt 0.5366 0.1048
vt 0.5573 0.0777
vt 0.5550 0.0753
vt 0.5844 0.0569
vt 0.5828 0.0540
vt 0.6151 0.0406
vt 0.6160 0.0438
vt 0.6498 0.0393
vt 0.6498 0.0360
vt 0.6836 0.0438
vt 0.6845 0.0406
vt 0.6837 0.0438
vt 0.7152 0.0568
vt 0.7169 0.0540
vt 0.7169 0.0539
vt 0.7153 0.0568
vt 0.7423 0.0776
vt 0.7447 0.0752
vt 0.7423 0.0777
vt 0.7659 0.1031
vt 0.7446 0.0753
vt 0.7631 0.1048
vt 0.7793 0.1354
vt 0.7761 0.1363
vt 0.7806 0.1701
vt 0.7839 0.1701
vt 0.7793 0.2048
vt 0.7761 0.2040
vt 0.7631 0.2355
vt 0.7659 0.2372
vt 0.7423 0.2626
vt 0.7446 0.2650
vt 0.7642 0.2846
vt 0.7307 0.3103
vt 0.5689 0.3103
vt 0.6079 0.3264
vt 0.6917 0.3264
vt 0.6498 0.3320
vt 0.6071 0.3297
vt 0.6498 0.3353
vt 0.0050 0.7283
vt 0.0182 0.7283
vt 0.0182 0.6855
vt 0.0050 0.6855
vt 0.0050 0.7710
vt 0.0182 0.7710
vt 0.0050 0.8108
vt 0.0182 0.8108
vt 0.0050 0.8450
vt 0.0182 0.8450
vt 0.7279 0.6164
vt 0.7279 0.6296
vt 0.7621 0.6296
vt 0.7621 0.6164
vt 0.6881 0.6164
vt 0.6881 0.6296
vt 0.6453 0.6164
vt 0.6453 0.6296
vt 0.6026 0.6164
vt 0.6026 0.6296
vt 0.5628 0.6164
vt 0.5628 0.6296
vt 0.5286 0.6164
vt 0.5286 0.6296
vt 0.0377 0.6717
vt 0.0245 0.6717
vt 0.0245 0.6375
vt 0.0377 0.6375
vt 0.0377 0.7115
vt 0.0245 0.7115
vt 0.0377 0.7543
vt 0.0245 0.7543
vt 0.0377 0.7970
vt 0.0245 0.7970
vt 0.0377 0.8368
vt 0.0245 0.8368
vt 0.0377 0.8710
vt 0.0245 0.8710
vt 0.7263 0.6686
vt 0.7263 0.6554
vt 0.7605 0.6554
vt 0.7605 0.6686
vt 0.6864 0.6686
vt 0.6864 0.6554
vt 0.6437 0.6686
vt 0.6437 0.6554
vt 0.6010 0.6686
vt 0.6010 0.6554
vt 0.5611 0.6686
vt 0.5611 0.6554
vt 0.5269 0.6686
vt 0.5269 0.6554
vt 0.0050 0.6457
vt 0.0182 0.6457
vt 0.0182 0.6115
vt 0.0050 0.6115
vt 0.5673 0.3132
vt 0.6079 0.3265
vt 0.5672 0.3132
vt 0.5354 0.2846
vt 0.5097 0.2511
vt 0.4935 0.2120
vt 0.4880 0.1701
vt 0.4935 0.1283
vt 0.5097 0.0892
vt 0.5354 0.0557
vt 0.5689 0.0300
vt 0.7307 0.0300
vt 0.7642 0.0557
vt 0.7899 0.0892
vt 0.8061 0.1283
vt 0.8116 0.1701
vt 0.8061 0.2120
vt 0.7899 0.2511
vt 0.7666 0.2869
vt 0.7899 0.2510
vt 0.7928 0.2527
vt 0.8093 0.2129
vt 0.8149 0.1701
vt 0.8093 0.1274
vt 0.7928 0.0876
vt 0.7666 0.0534
vt 0.7324 0.0271
vt 0.6926 0.0106
vt 0.6917 0.0138
vt 0.6925 0.0106
vt 0.6498 0.0050
vt 0.6498 0.0083
vt 0.6071 0.0106
vt 0.6079 0.0139
vt 0.5672 0.0271
vt 0.5330 0.0534
vt 0.5068 0.0876
vt 0.4903 0.1274
vt 0.4847 0.1701
vt 0.4903 0.2129
vt 0.4936 0.2120
vt 0.5068 0.2527
vt 0.5097 0.2510
vt 0.5069 0.2527
vt 0.5331 0.2869
vt 0.5355 0.2845
vt 0.5098 0.2510
vt 0.5330 0.2869
vt 0.6079 0.0138
vt 0.7324 0.3132
vt 0.6925 0.3297
vt 0.3667 0.8893
vt 0.4005 0.8848
vt 0.4320 0.8718
vt 0.4591 0.8510
vt 0.4799 0.8239
vt 0.4930 0.7924
vt 0.4974 0.7585
vt 0.4930 0.7247
vt 0.4799 0.6931
vt 0.4592 0.6661
vt 0.4321 0.6453
vt 0.4005 0.6322
vt 0.3667 0.6278
vt 0.3328 0.6322
vt 0.3013 0.6453
vt 0.2742 0.6661
vt 0.2534 0.6931
vt 0.2403 0.7247
vt 0.2359 0.7585
vt 0.2403 0.7924
vt 0.2534 0.8239
vt 0.2742 0.8510
vt 0.3013 0.8718
vt 0.3328 0.8848
vt 0.1433 0.1430
vt 0.1383 0.1430
vt 0.1383 0.1092
vt 0.1433 0.1092
vt 0.1433 0.1769
vt 0.1383 0.1769
vt 0.1433 0.2084
vt 0.1383 0.2084
vt 0.1433 0.2355
vt 0.1383 0.2355
vt 0.4311 0.0278
vt 0.4311 0.0327
vt 0.4582 0.0327
vt 0.4582 0.0278
vt 0.3996 0.0278
vt 0.3996 0.0327
vt 0.3657 0.0278
vt 0.3657 0.0327
vt 0.3319 0.0278
vt 0.3319 0.0327
vt 0.3004 0.0278
vt 0.3004 0.0327
vt 0.2733 0.0278
vt 0.2733 0.0327
vt 0.1253 0.0825
vt 0.1303 0.0825
vt 0.1303 0.0554
vt 0.1253 0.0554
vt 0.1253 0.1140
vt 0.1303 0.1140
vt 0.1253 0.1479
vt 0.1303 0.1479
vt 0.1253 0.1817
vt 0.1303 0.1817
vt 0.1253 0.2133
vt 0.1303 0.2133
vt 0.1253 0.2404
vt 0.1303 0.2404
vt 0.4458 0.0441
vt 0.4458 0.0391
vt 0.4729 0.0391
vt 0.4729 0.0441
vt 0.4142 0.0441
vt 0.4142 0.0391
vt 0.3804 0.0441
vt 0.3804 0.0391
vt 0.3465 0.0441
vt 0.3465 0.0391
vt 0.3150 0.0441
vt 0.3150 0.0391
vt 0.2879 0.0441
vt 0.2879 0.0391
vt 0.1433 0.0776
vt 0.1383 0.0776
vt 0.1383 0.0505
vt 0.1433 0.0505
vt 0.7153 0.7644
vt 0.7136 0.7615
vt 0.6821 0.7746
vt 0.6829 0.7778
vt 0.7136 0.7614
vt 0.7152 0.7643
vt 0.7430 0.7430
vt 0.7626 0.7626
vt 0.6829 0.7777
vt 0.7291 0.7883
vt 0.6482 0.7823
vt 0.5673 0.7883
vt 0.6063 0.8045
vt 0.6901 0.8045
vt 0.6482 0.8100
vt 0.6054 0.8077
vt 0.6482 0.8133
vt 0.1692 0.1640
vt 0.1824 0.1640
vt 0.1824 0.1213
vt 0.1692 0.1213
vt 0.1692 0.2068
vt 0.1824 0.2068
vt 0.1692 0.2466
vt 0.1824 0.2466
vt 0.1692 0.2808
vt 0.1824 0.2808
vt 0.7263 0.1578
vt 0.7263 0.1711
vt 0.7605 0.1711
vt 0.7605 0.1578
vt 0.6865 0.1578
vt 0.6865 0.1711
vt 0.6437 0.1578
vt 0.6437 0.1711
vt 0.6010 0.1578
vt 0.6010 0.1711
vt 0.5611 0.1578
vt 0.5611 0.1711
vt 0.5269 0.1578
vt 0.5269 0.1711
vt 0.1629 0.0831
vt 0.1497 0.0831
vt 0.1497 0.0489
vt 0.1629 0.0489
vt 0.1629 0.1229
vt 0.1497 0.1229
vt 0.1629 0.1657
vt 0.1497 0.1657
vt 0.1629 0.2084
vt 0.1497 0.2084
vt 0.1629 0.2482
vt 0.1497 0.2482
vt 0.1629 0.2824
vt 0.1497 0.2824
vt 0.7247 0.6491
vt 0.7247 0.6359
vt 0.7588 0.6359
vt 0.7588 0.6491
vt 0.6848 0.6491
vt 0.6848 0.6359
vt 0.6421 0.6491
vt 0.6421 0.6359
vt 0.5993 0.6491
vt 0.5993 0.6359
vt 0.5595 0.6491
vt 0.5595 0.6359
vt 0.5253 0.6491
vt 0.5253 0.6359
vt 0.1692 0.0815
vt 0.1824 0.0815
vt 0.1824 0.0473
vt 0.1692 0.0473
vt 0.5656 0.7912
vt 0.5314 0.7649
vt 0.5338 0.7626
vt 0.6135 0.7777
vt 0.6482 0.7790
vt 0.6143 0.7745
vt 0.5811 0.7643
vt 0.5828 0.7614
vt 0.5533 0.7430
vt 0.5557 0.7406
vt 0.5320 0.7152
vt 0.5349 0.7136
vt 0.5186 0.6829
vt 0.5218 0.6820
vt 0.5174 0.6482
vt 0.5141 0.6482
vt 0.5186 0.6135
vt 0.5218 0.6143
vt 0.5349 0.5828
vt 0.5320 0.5811
vt 0.5557 0.5557
vt 0.5533 0.5534
vt 0.5556 0.5556
vt 0.5827 0.5348
vt 0.5811 0.5319
vt 0.5533 0.5532
vt 0.5827 0.5349
vt 0.6143 0.5218
vt 0.6134 0.5186
vt 0.5811 0.5320
vt 0.6482 0.5174
vt 0.6482 0.5140
vt 0.6135 0.5186
vt 0.6820 0.5218
vt 0.6829 0.5186
vt 0.7136 0.5349
vt 0.6820 0.5219
vt 0.7152 0.5320
vt 0.7430 0.5534
vt 0.7407 0.5557
vt 0.7643 0.5811
vt 0.7614 0.5828
vt 0.7745 0.6143
vt 0.7777 0.6135
vt 0.7789 0.6482
vt 0.7823 0.6482
vt 0.7777 0.6829
vt 0.7745 0.6820
vt 0.7643 0.7152
vt 0.7614 0.7136
vt 0.7407 0.7406
vt 0.7883 0.7291
vt 0.7625 0.7626
vt 0.7649 0.7649
vt 0.7911 0.7307
vt 0.7882 0.7291
vt 0.7307 0.7912
vt 0.6909 0.8077
vt 0.6900 0.8045
vt 0.7912 0.7307
vt 0.8045 0.6901
vt 0.8077 0.6909
vt 0.8076 0.6909
vt 0.8133 0.6482
vt 0.8099 0.6482
vt 0.8044 0.6900
vt 0.8077 0.6054
vt 0.8100 0.6482
vt 0.8045 0.6063
vt 0.7912 0.5656
vt 0.7883 0.5673
vt 0.7626 0.5338
vt 0.7649 0.5314
vt 0.7291 0.5081
vt 0.7307 0.5052
vt 0.6901 0.4919
vt 0.6909 0.4887
vt 0.6482 0.4864
vt 0.6482 0.4830
vt 0.6055 0.4886
vt 0.6063 0.4918
vt 0.6482 0.4863
vt 0.6054 0.4886
vt 0.5656 0.5051
vt 0.5672 0.5080
vt 0.6063 0.4919
vt 0.5314 0.5314
vt 0.5673 0.5081
vt 0.5656 0.5052
vt 0.5338 0.5338
vt 0.5052 0.5656
vt 0.5080 0.5673
vt 0.4887 0.6054
vt 0.4919 0.6063
vt 0.4864 0.6482
vt 0.4830 0.6482
vt 0.4919 0.6901
vt 0.4887 0.6909
vt 0.5080 0.7291
vt 0.5052 0.7307
vt 0.6482 0.5141
vt 0.6820 0.7745
vt 0.1645 0.3743
vt 0.1645 0.3611
vt 0.2043 0.3611
vt 0.2043 0.3743
vt 0.1218 0.3743
vt 0.1218 0.3611
vt 0.0790 0.3743
vt 0.0790 0.3611
vt 0.0392 0.3743
vt 0.0392 0.3611
vt 0.0050 0.3743
vt 0.0050 0.3611
vt 0.1887 0.0864
vt 0.2019 0.0864
vt 0.2019 0.0522
vt 0.1887 0.0522
vt 0.1887 0.1262
vt 0.2019 0.1262
vt 0.1887 0.1689
vt 0.2019 0.1689
vt 0.1887 0.2117
vt 0.2019 0.2117
vt 0.1887 0.2515
vt 0.2019 0.2515
vt 0.1887 0.2857
vt 0.2019 0.2857
vt 0.2043 0.3416
vt 0.2043 0.3548
vt 0.2385 0.3548
vt 0.2385 0.3416
vt 0.1645 0.3416
vt 0.1645 0.3548
vt 0.1218 0.3416
vt 0.1218 0.3548
vt 0.0790 0.3416
vt 0.0790 0.3548
vt 0.0392 0.3416
vt 0.0392 0.3548
vt 0.0050 0.3416
vt 0.0050 0.3548
vt 0.4166 0.3205
vt 0.4034 0.3205
vt 0.4034 0.2863
vt 0.4166 0.2863
vt 0.4166 0.3603
vt 0.4034 0.3603
vt 0.4166 0.4031
vt 0.4034 0.4031
vt 0.4166 0.4458
vt 0.4034 0.4458
vt 0.4166 0.4856
vt 0.4034 0.4856
vt 0.4166 0.5198
vt 0.4034 0.5198
vt 0.2385 0.3611
vt 0.2385 0.3743
vt 0.0534 0.0534
vt 0.0271 0.0876
vt 0.0300 0.0892
vt 0.0139 0.1283
vt 0.0106 0.1274
vt 0.0083 0.1701
vt 0.0050 0.1701
vt 0.0106 0.2129
vt 0.0139 0.2120
vt 0.0271 0.2527
vt 0.0300 0.2510
vt 0.0534 0.2869
vt 0.0557 0.2845
vt 0.0876 0.3131
vt 0.0892 0.3103
vt 0.1283 0.3264
vt 0.1274 0.3296
vt 0.1701 0.3319
vt 0.1701 0.3353
vt 0.2129 0.3297
vt 0.2120 0.3265
vt 0.1701 0.3320
vt 0.2527 0.3132
vt 0.2511 0.3103
vt 0.2869 0.2869
vt 0.2510 0.3103
vt 0.2527 0.3131
vt 0.2846 0.2845
vt 0.3131 0.2527
vt 0.3103 0.2510
vt 0.3296 0.2129
vt 0.3264 0.2120
vt 0.3319 0.1701
vt 0.3353 0.1701
vt 0.3296 0.1274
vt 0.3264 0.1283
vt 0.3103 0.0892
vt 0.3131 0.0876
vt 0.2846 0.0557
vt 0.2869 0.0534
vt 0.2527 0.0271
vt 0.2510 0.0300
vt 0.2129 0.0106
vt 0.2120 0.0138
vt 0.1701 0.0083
vt 0.1701 0.0050
vt 0.1274 0.0106
vt 0.1283 0.0138
vt 0.0892 0.0300
vt 0.0876 0.0271
vt 0.0876 0.0272
vt 0.0557 0.0557
vt 0.0753 0.0753
vt 0.0540 0.1031
vt 0.0406 0.1354
vt 0.0360 0.1701
vt 0.0406 0.2048
vt 0.0540 0.2372
vt 0.0753 0.2650
vt 0.1031 0.2863
vt 0.1354 0.2997
vt 0.1701 0.3042
vt 0.2120 0.3264
vt 0.2049 0.2997
vt 0.2372 0.2863
vt 0.2650 0.2650
vt 0.2863 0.2372
vt 0.2997 0.2048
vt 0.3043 0.1701
vt 0.2997 0.1354
vt 0.2863 0.1031
vt 0.2650 0.0753
vt 0.2372 0.0540
vt 0.2048 0.0406
vt 0.1701 0.0360
vt 0.1354 0.0406
vt 0.1031 0.0540
vt 0.1048 0.0569
vt 0.1363 0.0438
vt 0.1107 0.1205
vt 0.1156 0.1205
vt 0.1156 0.0890
vt 0.1107 0.0890
vt 0.1107 0.1544
vt 0.1156 0.1544
vt 0.1107 0.1882
vt 0.1156 0.1882
vt 0.1107 0.2198
vt 0.1156 0.2198
vt 0.1107 0.2469
vt 0.1156 0.2469
vt 0.3905 0.0100
vt 0.3905 0.0050
vt 0.4176 0.0050
vt 0.4176 0.0100
vt 0.3590 0.0100
vt 0.3590 0.0050
vt 0.3251 0.0100
vt 0.3251 0.0050
vt 0.2913 0.0100
vt 0.2913 0.0050
vt 0.2597 0.0100
vt 0.2597 0.0050
vt 0.2326 0.0100
vt 0.2326 0.0050
vt 0.2132 0.0825
vt 0.2082 0.0825
vt 0.2082 0.0554
vt 0.2132 0.0554
vt 0.2132 0.1140
vt 0.2082 0.1140
vt 0.2132 0.1479
vt 0.2082 0.1479
vt 0.2132 0.1817
vt 0.2082 0.1817
vt 0.2132 0.2133
vt 0.2082 0.2133
vt 0.2132 0.2404
vt 0.2082 0.2404
vt 0.4165 0.0164
vt 0.4165 0.0213
vt 0.4436 0.0213
vt 0.4436 0.0164
vt 0.3850 0.0164
vt 0.3850 0.0213
vt 0.3511 0.0164
vt 0.3511 0.0213
vt 0.3173 0.0164
vt 0.3173 0.0213
vt 0.2857 0.0164
vt 0.2857 0.0213
vt 0.2587 0.0164
vt 0.2587 0.0213
vt 0.1156 0.0619
vt 0.1107 0.0619
vt 0.0777 0.0777
vt 0.0569 0.1047
vt 0.0438 0.1363
vt 0.0394 0.1701
vt 0.0439 0.2040
vt 0.0361 0.1701
vt 0.0569 0.2355
vt 0.0438 0.2040
vt 0.0777 0.2626
vt 0.1048 0.2834
vt 0.1363 0.2964
vt 0.1701 0.3009
vt 0.1363 0.2965
vt 0.1701 0.3043
vt 0.2040 0.2965
vt 0.2048 0.2997
vt 0.2356 0.2834
vt 0.2626 0.2626
vt 0.2355 0.2834
vt 0.2834 0.2355
vt 0.2965 0.2040
vt 0.3042 0.1701
vt 0.3009 0.1701
vt 0.2965 0.1363
vt 0.2834 0.1047
vt 0.2626 0.0777
vt 0.2355 0.0569
vt 0.2040 0.0438
vt 0.1701 0.0393
vt 0.8431 0.5332
vt 0.8769 0.5288
vt 0.9085 0.5157
vt 0.9356 0.4949
vt 0.9563 0.4678
vt 0.9694 0.4363
vt 0.9739 0.4024
vt 0.9694 0.3686
vt 0.9563 0.3371
vt 0.9355 0.3100
vt 0.9085 0.2892
vt 0.8769 0.2761
vt 0.8431 0.2717
vt 0.8092 0.2761
vt 0.7777 0.2892
vt 0.7506 0.3100
vt 0.7298 0.3371
vt 0.7168 0.3686
vt 0.7123 0.4024
vt 0.7168 0.4363
vt 0.7298 0.4678
vt 0.7506 0.4949
vt 0.7777 0.5157
vt 0.8092 0.5288
vt 0.5954 0.4370
vt 0.5954 0.4203
vt 0.5870 0.4203
vt 0.5870 0.4370
vt 0.2413 0.1296
vt 0.2409 0.1296
vt 0.2409 0.1380
vt 0.2413 0.1376
vt 0.2413 0.1293
vt 0.5492 0.3750
vt 0.5660 0.3750
vt 0.5660 0.3746
vt 0.5492 0.3746
vt 0.5492 0.9947
vt 0.5660 0.9947
vt 0.6099 0.4678
vt 0.6099 0.4845
vt 0.6095 0.4845
vt 0.6095 0.4678
vt 0.6095 0.4849
vt 0.8609 0.1293
vt 0.8609 0.1296
vt 0.8609 0.1376
vt 0.2580 0.1607
vt 0.2580 0.7811
vt 0.2584 0.7807
vt 0.2584 0.1611
vt 0.2413 0.1607
vt 0.2413 0.7811
vt 0.2409 0.7807
vt 0.2409 0.1611
vt 0.5479 0.0962
vt 0.5479 0.0955
vt 0.5483 0.0958
vt 0.5954 0.5854
vt 0.5954 0.5858
vt 0.5870 0.5858
vt 0.5873 0.5854
vt 0.5957 0.5858
vt 0.5957 0.6025
vt 0.5954 0.6025
vt 0.3212 0.3750
vt 0.3212 0.9947
vt 0.3379 0.9947
vt 0.3379 0.3750
vt 0.8845 0.3149
vt 0.2649 0.3149
vt 0.2649 0.3152
vt 0.8845 0.3152
vt 0.2645 0.3152
vt 0.3379 0.3746
vt 0.3212 0.3746
vt 0.8845 0.2163
vt 0.8842 0.2166
vt 0.8842 0.2163
vt 0.2645 0.2166
vt 0.2645 0.2163
vt 0.2645 0.2083
vt 0.8842 0.2083
vt 0.8845 0.2079
vt 0.5954 0.4134
vt 0.5954 0.3967
vt 0.5870 0.3967
vt 0.5870 0.4134
vt 0.2645 0.3236
vt 0.2649 0.3232
vt 1.2450 0.3865
vt 1.2450 0.3858
vt 1.2445 0.3861
vt 0.2863 0.3290
vt 0.2863 0.9494
vt 0.2867 0.9490
vt 0.2867 0.3294
vt 0.2696 0.9494
vt 0.2696 0.3290
vt 0.2693 0.9490
vt 0.2693 0.3294
vt 0.5479 0.1310
vt 0.5479 0.1303
vt 0.5483 0.1307
vt 0.5969 0.4439
vt 0.5969 0.4442
vt 0.5886 0.4442
vt 0.5889 0.4439
vt 0.5973 0.4442
vt 0.5973 0.4609
vt 0.5969 0.4609
vt 0.3143 0.3750
vt 0.2976 0.3750
vt 0.2976 0.9947
vt 0.3143 0.9947
vt 0.3143 0.3746
vt 0.2976 0.3746
vt 0.9125 0.3535
vt 0.9125 0.3531
vt 0.9129 0.3531
vt 0.2929 0.3535
vt 0.2929 0.3531
vt 0.2929 0.3451
vt 0.9125 0.3451
vt 0.9129 0.3448
vt 1.2450 0.3691
vt 1.2450 0.3684
vt 1.2445 0.3687
vt 0.5954 0.4842
vt 0.5954 0.4675
vt 0.5870 0.4675
vt 0.5870 0.4842
vt 0.2413 0.0982
vt 0.2409 0.0982
vt 0.2409 0.1065
vt 0.2413 0.1062
vt 0.2413 0.0978
vt 0.8609 0.0978
vt 0.8609 0.0982
vt 0.8609 0.1062
vt 0.1636 0.0663
vt 0.1636 0.6867
vt 0.1640 0.6863
vt 0.1640 0.0667
vt 0.1469 0.6867
vt 0.1469 0.0663
vt 0.1466 0.6863
vt 0.1466 0.0667
vt 0.5479 0.1659
vt 0.5479 0.1652
vt 0.5483 0.1655
vt 0.6111 0.5697
vt 0.6111 0.5700
vt 0.6027 0.5700
vt 0.6031 0.5697
vt 0.6114 0.5700
vt 0.6114 0.5868
vt 0.6111 0.5868
vt 0.2682 0.3750
vt 0.2515 0.3750
vt 0.2515 0.9947
vt 0.2682 0.9947
vt 0.5021 0.3750
vt 0.5188 0.3750
vt 0.5188 0.3746
vt 0.5021 0.3746
vt 0.8845 0.1691
vt 0.8842 0.1694
vt 0.8842 0.1691
vt 0.2645 0.1694
vt 0.2645 0.1691
vt 0.2645 0.1611
vt 0.8842 0.1611
vt 0.8845 0.1607
vt 0.5812 0.5093
vt 0.5812 0.4926
vt 0.5728 0.4926
vt 0.5728 0.5093
vt 0.2649 0.1768
vt 0.2645 0.1768
vt 0.2645 0.1852
vt 0.2649 0.1848
vt 0.2649 0.1765
vt 0.8845 0.1765
vt 0.8845 0.1768
vt 0.8845 0.1848
vt 0.1872 0.0663
vt 0.1872 0.6867
vt 0.1876 0.6863
vt 0.1876 0.0667
vt 0.1705 0.6867
vt 0.1705 0.0663
vt 0.1702 0.6863
vt 0.1702 0.0667
vt 0.5479 0.2007
vt 0.5479 0.2000
vt 0.5483 0.2004
vt 0.5812 0.4454
vt 0.5812 0.4458
vt 0.5728 0.4458
vt 0.5732 0.4454
vt 0.5816 0.4458
vt 0.5816 0.4625
vt 0.5812 0.4625
vt 0.1938 0.6864
vt 0.2105 0.6864
vt 0.2105 0.0667
vt 0.1938 0.0667
vt 0.8842 0.2481
vt 0.2645 0.2481
vt 0.2645 0.2477
vt 0.8842 0.2477
vt 0.8842 0.2397
vt 0.2645 0.2397
vt 0.8845 0.2394
vt 0.8845 0.2477
vt 0.5812 0.4858
vt 0.5812 0.4690
vt 0.5728 0.4690
vt 0.5728 0.4858
vt 0.2649 0.2555
vt 0.2645 0.2555
vt 0.2645 0.2638
vt 0.2649 0.2635
vt 0.2649 0.2551
vt 0.2105 0.0663
vt 0.1938 0.0663
vt 0.8845 0.2551
vt 0.8845 0.2555
vt 0.8845 0.2635
vt 0.5812 0.4629
vt 0.5732 0.4629
vt 0.5728 0.4625
vt 0.5479 0.2182
vt 0.5479 0.2175
vt 0.5483 0.2178
vt 0.0221 0.0050
vt 0.0221 0.6254
vt 0.0224 0.6250
vt 0.0224 0.0053
vt 0.0053 0.6254
vt 0.0053 0.0050
vt 0.0050 0.6250
vt 0.0050 0.0053
vt 0.5479 0.2356
vt 0.5479 0.2349
vt 0.5483 0.2352
vt 0.5812 0.3746
vt 0.5812 0.3750
vt 0.5728 0.3750
vt 0.5732 0.3746
vt 0.5816 0.3750
vt 0.5816 0.3917
vt 0.5812 0.3917
vt 0.0286 0.6250
vt 0.0453 0.6250
vt 0.0453 0.0053
vt 0.0286 0.0053
vt 0.9125 0.3377
vt 0.2929 0.3377
vt 0.2929 0.3374
vt 0.9125 0.3374
vt 0.2929 0.3294
vt 0.9125 0.3294
vt 0.9129 0.3290
vt 0.9129 0.3374
vt 0.0645 -0.3064
vt 0.0652 -0.3064
vt 0.0649 -0.3059
vt 0.5812 0.4386
vt 0.5812 0.4218
vt 0.5728 0.4218
vt 0.5728 0.4386
vt 0.2932 0.3608
vt 0.2929 0.3608
vt 0.2929 0.3692
vt 0.2932 0.3689
vt 0.2932 0.3605
vt 0.0453 0.0050
vt 0.0286 0.0050
vt 0.9129 0.3605
vt 0.9129 0.3608
vt 0.9129 0.3689
vt 0.5728 0.3917
vt 0.5812 0.3921
vt 0.5732 0.3921
vt 0.5479 0.2530
vt 0.5479 0.2523
vt 0.5483 0.2527
vt 0.0693 0.0050
vt 0.0693 0.6254
vt 0.0696 0.6250
vt 0.0696 0.0053
vt 0.0525 0.0050
vt 0.0525 0.6254
vt 0.0522 0.6250
vt 0.0522 0.0053
vt 0.5479 0.2704
vt 0.5479 0.2697
vt 0.5483 0.2701
vt 0.5812 0.5634
vt 0.5812 0.5638
vt 0.5728 0.5638
vt 0.5732 0.5634
vt 0.5816 0.5638
vt 0.5816 0.5805
vt 0.5812 0.5805
vt 0.2174 0.0667
vt 0.2174 0.6864
vt 0.2341 0.6864
vt 0.2341 0.0667
vt 0.8609 0.1135
vt 0.2413 0.1135
vt 0.2413 0.1139
vt 0.8609 0.1139
vt 0.2409 0.1139
vt 0.2341 0.0663
vt 0.2174 0.0663
vt 0.8609 0.1534
vt 0.8606 0.1537
vt 0.8606 0.1534
vt 0.2409 0.1537
vt 0.2409 0.1534
vt 0.2409 0.1453
vt 0.8606 0.1453
vt 0.8609 0.1450
vt 0.5812 0.4150
vt 0.5812 0.3982
vt 0.5728 0.3982
vt 0.5728 0.4150
vt 0.2409 0.1222
vt 0.2413 0.1219
vt 1.2166 0.3982
vt 1.2166 0.3975
vt 1.2161 0.3979
vt 0.0929 0.0663
vt 0.0929 0.6867
vt 0.0932 0.6863
vt 0.0932 0.0667
vt 0.0761 0.0663
vt 0.0761 0.6867
vt 0.0758 0.6863
vt 0.0758 0.0667
vt 0.5479 0.3053
vt 0.5479 0.3046
vt 0.5483 0.3049
vt 0.5812 0.5398
vt 0.5812 0.5402
vt 0.5728 0.5402
vt 0.5732 0.5398
vt 0.5816 0.5402
vt 0.5816 0.5569
vt 0.5812 0.5569
vt 0.1161 0.0667
vt 0.0994 0.0667
vt 0.0994 0.6864
vt 0.1161 0.6864
vt 0.1161 0.0663
vt 0.0994 0.0663
vt 0.8845 0.2005
vt 0.8842 0.2009
vt 0.8842 0.2005
vt 0.2645 0.2009
vt 0.2645 0.2005
vt 0.2645 0.1925
vt 0.8842 0.1925
vt 0.8845 0.1922
vt 0.5812 0.5329
vt 0.5812 0.5162
vt 0.5728 0.5162
vt 0.5728 0.5329
vt 0.2649 0.2240
vt 0.2645 0.2240
vt 0.2645 0.2324
vt 0.2649 0.2320
vt 0.2649 0.2236
vt 0.8845 0.2236
vt 0.8845 0.2240
vt 0.8845 0.2320
vt 0.5812 0.5572
vt 0.5732 0.5572
vt 0.5728 0.5569
vt 0.5479 0.3227
vt 0.5479 0.3220
vt 0.5483 0.3224
vt 0.1400 0.0663
vt 0.1400 0.6867
vt 0.1404 0.6863
vt 0.1404 0.0667
vt 0.1233 0.6867
vt 0.1233 0.0663
vt 0.1230 0.6863
vt 0.1230 0.0667
vt 0.5479 0.3401
vt 0.5479 0.3394
vt 0.5483 0.3398
vt 0.6111 0.5209
vt 0.6111 0.5213
vt 0.6027 0.5213
vt 0.6031 0.5209
vt 0.6114 0.5213
vt 0.6114 0.5380
vt 0.6111 0.5380
vt 0.3615 0.9947
vt 0.3615 0.3750
vt 0.3448 0.3750
vt 0.3448 0.9947
vt 0.8606 0.0908
vt 0.2409 0.0908
vt 0.2409 0.0904
vt 0.8606 0.0904
vt 0.2409 0.0824
vt 0.8606 0.0824
vt 0.8609 0.0821
vt 0.8609 0.0904
vt 1.2309 0.5085
vt 1.2309 0.5078
vt 1.2304 0.5081
vt 0.5954 0.5078
vt 0.5954 0.4910
vt 0.5870 0.4910
vt 0.5870 0.5078
vt 0.2649 0.2712
vt 0.2645 0.2712
vt 0.2645 0.2795
vt 0.2649 0.2792
vt 0.2649 0.2708
vt 0.3615 0.3746
vt 0.3448 0.3746
vt 0.8845 0.2708
vt 0.8845 0.2712
vt 0.8845 0.2792
vt 0.4326 0.3746
vt 0.4326 0.9950
vt 0.4330 0.9947
vt 0.4330 0.3750
vt 0.4159 0.9950
vt 0.4159 0.3746
vt 0.4155 0.9947
vt 0.4155 0.3750
vt 0.5479 0.3750
vt 0.5479 0.3743
vt 0.5483 0.3746
vt 0.6095 0.3746
vt 0.6095 0.3750
vt 0.6012 0.3750
vt 0.6015 0.3746
vt 0.6099 0.3750
vt 0.6099 0.3917
vt 0.6095 0.3917
vt 0.4090 0.9947
vt 0.4090 0.3750
vt 0.3923 0.3750
vt 0.3923 0.9947
vt 0.4094 0.9947
vt 0.4094 0.3750
vt 0.8842 0.2949
vt 0.2645 0.2949
vt 0.2645 0.2869
vt 0.8842 0.2869
vt 0.8845 0.2866
vt 0.8845 0.2949
vt 0.5969 0.5550
vt 0.5969 0.5382
vt 0.5886 0.5382
vt 0.5886 0.5550
vt 0.2649 0.3007
vt 0.2645 0.3007
vt 0.2645 0.3091
vt 0.2649 0.3087
vt 0.3923 0.3746
vt 0.3919 0.3750
vt 0.4090 0.3746
vt 0.3919 0.9947
vt 0.8845 0.3087
vt 0.8845 0.3007
vt 0.4947 0.3746
vt 0.4947 0.9950
vt 0.4950 0.9947
vt 0.4950 0.3750
vt 0.4863 0.9950
vt 0.4863 0.3746
vt 0.5479 0.3924
vt 0.5479 0.3917
vt 0.5483 0.3921
vt 0.6095 0.3921
vt 0.6015 0.3921
vt 0.6012 0.3917
vt 1.2324 0.5382
vt 1.2324 0.5375
vt 1.2320 0.5379
vt 1.2324 0.5557
vt 1.2324 0.5550
vt 1.2320 0.5553
vt 0.5479 0.3576
vt 0.5479 0.3569
vt 0.5483 0.3572
vt 0.6027 0.5380
vt 0.6111 0.5384
vt 0.6031 0.5384
vt 1.2309 0.4910
vt 1.2309 0.4903
vt 1.2304 0.4907
vt 1.2166 0.5162
vt 1.2166 0.5155
vt 1.2161 0.5159
vt 1.2166 0.5336
vt 1.2166 0.5329
vt 1.2161 0.5333
vt 0.5479 0.2879
vt 0.5479 0.2872
vt 0.5483 0.2875
vt 0.5812 0.5808
vt 0.5732 0.5808
vt 0.5728 0.5805
vt 0.8609 0.1219
vt 0.0475 -0.4905
vt 0.0482 -0.4905
vt 0.0478 -0.4900
vt 1.2166 0.4218
vt 1.2166 0.4211
vt 1.2161 0.4215
vt 1.2166 0.4690
vt 1.2166 0.4683
vt 1.2161 0.4687
vt 1.2450 0.2994
vt 1.2450 0.2987
vt 1.2445 0.2990
vt 0.5479 0.1833
vt 0.5479 0.1826
vt 0.5483 0.1830
vt 0.6111 0.5871
vt 0.6031 0.5871
vt 0.6027 0.5868
vt 1.2450 0.3168
vt 1.2450 0.3161
vt 1.2445 0.3164
vt 1.2450 0.3342
vt 1.2450 0.3335
vt 1.2445 0.3339
vt 0.5479 0.1485
vt 0.5479 0.1478
vt 0.5483 0.1481
vt 0.5886 0.4609
vt 0.5969 0.4613
vt 0.5889 0.4613
vt 1.2450 0.3516
vt 1.2450 0.3509
vt 1.2445 0.3513
vt 0.5479 0.1136
vt 0.5479 0.1129
vt 0.5483 0.1133
vt 0.5954 0.6028
vt 0.5873 0.6028
vt 0.5870 0.6025
vt 0.8845 0.3232
vt 1.2450 0.4039
vt 1.2450 0.4032
vt 1.2445 0.4036
vt 0.5479 0.0788
vt 0.5479 0.0781
vt 0.5483 0.0784
vt 0.6015 0.4849
vt 0.6012 0.4845
vt 0.6012 0.4678
vt 0.6095 0.4675
vt 0.6015 0.4675
vt 0.8606 0.0751
vt 0.2409 0.0751
vt 0.2409 0.0747
vt 0.8606 0.0747
vt 0.2409 0.0667
vt 0.8606 0.0667
vt 0.3684 0.9947
vt 0.3687 0.9950
vt 0.3687 0.3746
vt 0.3684 0.3750
vt 0.5479 0.0613
vt 0.5479 0.0606
vt 0.5483 0.0610
vt 0.3854 0.3746
vt 0.3854 0.9950
vt 0.3858 0.9947
vt 0.3858 0.3750
vt 0.5479 0.0439
vt 0.5479 0.0432
vt 0.5483 0.0436
vt 0.5954 0.5321
vt 0.5873 0.5321
vt 0.5870 0.5317
vt 0.5954 0.5317
vt 0.6958 0.0134
vt 0.6958 0.0053
vt 0.0761 0.0053
vt 0.0761 0.0134
vt 0.6958 0.0050
vt 0.0761 0.0050
vt 0.4391 0.9947
vt 0.4559 0.9947
vt 0.4559 0.3750
vt 0.4391 0.3750
vt 0.5957 0.5150
vt 0.5957 0.5317
vt 0.5954 0.5150
vt 0.5870 0.5150
vt 0.5954 0.5146
vt 0.5873 0.5146
vt 0.6954 0.0294
vt 0.0758 0.0294
vt 0.0758 0.0291
vt 0.6954 0.0291
vt 0.0758 0.0211
vt 0.6954 0.0211
vt 0.4627 0.9947
vt 0.4631 0.9950
vt 0.4631 0.3746
vt 0.4627 0.3750
vt 0.5479 0.0265
vt 0.5479 0.0258
vt 0.5483 0.0261
vt 0.4798 0.3746
vt 0.4798 0.9950
vt 0.4802 0.9947
vt 0.4802 0.3750
vt 0.5479 0.0090
vt 0.5479 0.0084
vt 0.5483 0.0087
vt 0.6095 0.4153
vt 0.6015 0.4153
vt 0.6012 0.4150
vt 0.6095 0.4150
vt 0.0761 0.0445
vt 0.6958 0.0445
vt 0.6958 0.0365
vt 0.0761 0.0365
vt 0.5260 0.9947
vt 0.5260 0.3750
vt 0.5257 0.3750
vt 0.5257 0.9947
vt 0.5427 0.9947
vt 0.5427 0.3750
vt 0.6099 0.3982
vt 0.6099 0.4150
vt 0.6095 0.3982
vt 0.6012 0.3982
vt 0.0758 0.0590
vt 0.0758 0.0506
vt 0.0761 0.0506
vt 0.0761 0.0590
vt 0.5440 0.4629
vt 0.5443 0.4629
vt 0.5443 0.4632
vt 0.6958 0.0506
vt 0.6958 0.0590
vt 0.6961 0.0506
vt 0.6961 0.0590
vt 0.6095 0.5078
vt 0.6095 0.4910
vt 0.6012 0.4910
vt 0.6012 0.5078
vt 0.0758 0.0365
vt 0.0758 0.0448
vt 0.5260 0.3746
vt 0.5427 0.3746
vt 0.6958 0.0593
vt 0.0761 0.0593
vt 1.2450 0.4910
vt 1.2450 0.4903
vt 1.2445 0.4907
vt -0.7471 -0.0062
vt -0.7475 -0.0062
vt -0.7475 -0.0066
vt 1.2450 0.4736
vt 1.2450 0.4729
vt 1.2445 0.4733
vt 0.6958 0.0207
vt 0.6958 0.0291
vt 0.5969 0.5786
vt 0.5969 0.5618
vt 0.5886 0.5618
vt 0.5886 0.5786
vt 0.0758 0.0053
vt 0.0758 0.0137
vt 0.4559 0.3746
vt 0.4391 0.3746
vt 1.2450 0.4562
vt 1.2450 0.4555
vt 1.2445 0.4558
vt 1.2450 0.4388
vt 1.2450 0.4381
vt 1.2445 0.4384
vt 0.8609 0.0663
vt 0.8609 0.0747
vt 1.2450 0.4213
vt 1.2450 0.4206
vt 1.2445 0.4210
vt 0.6976 0.4212
vt 0.6976 0.2171
vt 0.6705 0.2171
vt 0.6705 0.4212
vt 0.6705 0.4620
vt 0.6976 0.4620
vt 0.6976 0.4625
vt 0.6705 0.4625
vt 0.6705 0.4500
vt 0.6976 0.4500
vt 0.6982 0.4500
vt 0.6982 0.4620
vt 0.6705 0.2097
vt 0.6705 0.0056
vt 0.6824 0.0056
vt 0.6824 0.2097
vt 0.6595 0.1248
vt 0.6595 0.3289
vt 0.6622 0.3289
vt 0.6622 0.9950
vt 0.0050 0.9950
vt 0.0050 0.0050
vt 0.6622 0.0050
vt 0.6622 0.1248
vt 0.6705 0.0050
vt 0.6824 0.0050
vt 0.6976 0.4417
vt 0.6976 0.4298
vt 0.6705 0.4298
vt 0.6705 0.4417
vt 0.6976 0.4292
vt 0.6705 0.4292
vt 0.6829 0.0056
vt 0.6829 0.2097
vn 0.0000 0.0000 -1.0000
vn -1.0000 -0.0000 0.0000
vn 0.0000 -0.0000 1.0000
vn 1.0000 0.0000 0.0000
vn 0.0000 -1.0000 -0.0000
vn 0.0000 1.0000 0.0000
vn 0.7071 0.7071 0.0000
vn 0.7071 -0.0000 0.7071
vn 0.7071 -0.7071 -0.0000
vn 0.7071 0.0000 -0.7071
vn -0.7073 -0.7069 -0.0000
vn -0.7071 0.7071 0.0000
vn -0.7072 -0.0000 0.7070
vn -0.7072 -0.0000 -0.7070
vn -0.7071 0.0000 -0.7071
vn 0.0000 0.7071 -0.7071
vn 0.0000 -0.7071 -0.7071
vn 0.0000 0.7071 0.7071
vn -0.7071 -0.0000 0.7072
vn 0.0000 -0.7071 0.7071
vn -0.7070 -0.0000 0.7072
vn -0.7071 -0.0000 0.7071
vn 0.7070 -0.0000 0.7072
vn 0.7072 -0.7070 -0.0000
vn -0.7073 0.0000 -0.7069
vn -0.7073 0.7069 0.0000
vn -0.7071 -0.7071 -0.0000
vn 0.7071 0.0000 -0.7072
vn -0.7070 -0.0000 -0.7072
vn 0.7070 -0.0000 -0.7072
vn 0.0000 -0.7069 -0.7073
vn 0.0000 0.7070 0.7072
vn 0.0000 0.7071 0.7072
vn 0.7071 -0.0000 0.7072
vn 0.3015 0.9045 0.3016
vn 0.0000 0.7069 0.7074
vn -0.5774 0.5774 0.5774
vn -0.5774 0.5774 -0.5774
vn 0.0000 0.7071 -0.7072
vn 0.5774 0.5772 -0.5774
vn 0.7072 0.7070 0.0000
vn 0.0000 0.7070 -0.7072
vn -0.3016 0.9045 -0.3015
vn -0.3016 0.9045 0.3016
vn 0.3016 0.9045 -0.3015
vn 0.5774 0.5773 0.5774
vn 0.7072 0.0000 0.7070
vn 0.0000 -0.7072 -0.7071
vn 0.3016 -0.9045 -0.3015
vn 0.3014 -0.9046 0.3015
vn 0.0000 -0.7074 0.7069
vn 0.5774 -0.5773 -0.5773
vn 0.5774 -0.5774 0.5773
vn 0.0000 -0.7072 0.7070
vn -0.7072 0.0000 0.7071
vn -0.5773 -0.5774 -0.5773
vn -0.7071 -0.7072 -0.0000
vn -0.5773 -0.5774 0.5773
vn -0.3016 -0.9045 -0.3014
vn 0.7072 0.0000 -0.7071
vn 0.7069 0.0000 0.7073
vn -0.7070 0.0000 0.7073
vn -0.3014 -0.9046 0.3015
vn 0.7168 -0.0000 0.6972
vn 0.7168 0.0000 -0.6973
vn 0.7169 -0.0000 -0.6971
vn 0.7168 0.0000 0.6973
vn 0.7168 -0.0000 -0.6972
vn -0.7072 0.7070 0.0000
vn -0.7168 -0.0000 -0.6973
vn -0.7168 -0.0000 0.6973
vn -0.7169 -0.0000 -0.6972
vn -0.7169 -0.0000 0.6972
vn -0.7071 0.0000 -0.7072
vn 0.0000 -0.7071 -0.7072
vn 0.0000 -0.7072 0.7071
vn -0.7072 -0.7070 -0.0000
vn -0.3014 -0.3015 0.9046
vn 0.3014 -0.3015 0.9046
vn 0.3015 -0.3015 -0.9045
vn -0.3015 -0.3016 -0.9045
vn -0.7070 -0.7072 0.0000
vn 0.7072 -0.0000 0.7071
vn -0.7069 0.0000 -0.7073
vn -0.7070 0.7073 0.0000
vn -0.7069 -0.7073 -0.0000
vn -0.7167 -0.0000 0.6973
vn -0.7168 -0.0000 0.6972
vn 0.7071 0.7072 0.0000
vn -0.7072 0.0000 -0.7071
vn 0.0000 -0.7070 -0.7072
vn 0.9226 -0.3858 0.0000
vn 0.8911 -0.3860 0.2387
vn 0.9659 0.0000 0.2588
vn 0.9659 0.0000 -0.2588
vn 0.8912 -0.3858 -0.2388
vn 0.8661 0.0000 -0.4999
vn 0.7990 -0.3858 -0.4612
vn 0.6416 -0.4606 -0.6133
vn 0.4999 0.0000 -0.8661
vn 0.4306 -0.5084 -0.7458
vn 0.2588 0.0000 -0.9659
vn 0.2102 -0.4606 -0.8623
vn -0.0200 -0.4601 -0.8876
vn -0.2588 0.0000 -0.9659
vn -0.2388 -0.3856 -0.8912
vn -0.5001 0.0000 -0.8660
vn -0.4265 -0.4602 -0.7786
vn -0.6088 -0.5087 -0.6088
vn -0.8660 0.0000 -0.5001
vn -0.7787 -0.4602 -0.4265
vn -0.9659 0.0000 -0.2588
vn -0.8912 -0.3856 -0.2388
vn -0.8876 -0.4601 -0.0200
vn -0.9659 0.0000 0.2588
vn -0.8624 -0.4606 0.2102
vn -0.8661 0.0000 0.4999
vn -0.7457 -0.5084 0.4306
vn -0.6133 -0.4606 0.6416
vn -0.4999 0.0000 0.8661
vn -0.4612 -0.3859 0.7990
vn -0.2588 0.0000 0.9659
vn -0.2490 -0.4609 0.8518
vn -0.0200 -0.4610 0.8872
vn 0.2588 0.0000 0.9659
vn 0.2388 -0.3859 0.8911
vn 0.4998 0.0000 0.8662
vn 0.4304 -0.5087 0.7456
vn 0.6527 -0.3845 0.6528
vn 0.8662 0.0000 0.4998
vn 0.7456 -0.5087 0.4304
vn 0.5327 -0.8295 0.1681
vn 0.5019 -0.8650 0.0000
vn 0.4848 -0.8649 -0.1299
vn 0.4714 -0.8292 -0.3004
vn 0.3779 -0.8287 -0.4127
vn 0.2515 -0.8643 -0.4356
vn 0.1682 -0.8291 -0.5332
vn 0.0245 -0.8286 -0.5593
vn -0.1530 -0.8064 -0.5712
vn -0.3007 -0.8288 -0.4718
vn -0.3546 -0.8652 -0.3546
vn -0.4718 -0.8288 -0.3007
vn -0.5712 -0.8064 -0.1531
vn -0.5593 -0.8286 0.0245
vn -0.5332 -0.8291 0.1683
vn -0.4356 -0.8643 0.2515
vn -0.4127 -0.8288 0.3779
vn -0.2953 -0.8069 0.5116
vn -0.1209 -0.8292 0.5457
vn -0.0000 -0.8650 0.5018
vn 0.1681 -0.8294 0.5327
vn 0.2509 -0.8650 0.4345
vn 0.4182 -0.8064 0.4182
vn 0.4345 -0.8650 0.2509
vn -0.4118 -0.8296 -0.3771
vn -0.4345 -0.8650 -0.2509
vn -0.4713 -0.8292 0.3004
vn -0.4848 -0.8649 0.1299
vn -0.5330 -0.8292 -0.1682
vn -0.5583 -0.8293 -0.0245
vn -0.8912 -0.3857 0.2388
vn -0.9226 -0.3858 -0.0000
vn -0.7990 -0.3858 0.4613
vn -0.6416 -0.4607 0.6133
vn -0.8660 0.0000 0.5000
vn -0.9659 0.0000 0.2589
vn -0.9659 0.0000 -0.2589
vn -0.8622 -0.4609 -0.2103
vn -0.8660 0.0000 -0.5000
vn -0.7453 -0.5092 -0.4303
vn -0.6131 -0.4613 -0.6413
vn -0.5000 0.0000 -0.8660
vn -0.4262 -0.4610 -0.7783
vn -0.2589 0.0000 -0.9659
vn -0.2103 -0.4609 -0.8622
vn -0.0000 -0.3858 -0.9226
vn 0.2589 0.0000 -0.9659
vn 0.2103 -0.4609 -0.8622
vn 0.5000 0.0000 -0.8660
vn 0.4262 -0.4610 -0.7783
vn 0.6133 -0.4606 -0.6416
vn 0.8660 0.0000 -0.5000
vn 0.7993 -0.3849 -0.4614
vn 0.9659 0.0000 -0.2589
vn 0.8321 -0.5079 -0.2230
vn 0.9659 0.0000 0.2589
vn 0.8321 -0.5079 0.2230
vn 0.8660 0.0000 0.5000
vn 0.7589 -0.4597 0.4613
vn 0.6528 -0.3845 0.6528
vn 0.5000 0.0000 0.8660
vn 0.4612 -0.4598 0.7588
vn 0.2589 0.0000 0.9659
vn 0.2230 -0.5079 0.8321
vn -0.0000 -0.3858 0.9226
vn -0.2589 0.0000 0.9659
vn -0.2230 -0.5079 0.8321
vn -0.5000 0.0000 0.8660
vn -0.4612 -0.4601 0.7587
vn -0.3780 -0.8288 0.4127
vn -0.2585 -0.8284 0.4970
vn -0.1303 -0.8640 0.4864
vn -0.0000 -0.8064 0.5914
vn 0.1303 -0.8640 0.4864
vn 0.2585 -0.8284 0.4969
vn 0.4187 -0.8059 0.4186
vn 0.4970 -0.8283 0.2585
vn 0.4970 -0.8284 -0.2585
vn 0.3554 -0.8645 -0.3554
vn 0.3004 -0.8293 -0.4713
vn 0.1682 -0.8292 -0.5330
vn 0.0000 -0.8070 -0.5906
vn -0.1682 -0.8292 -0.5330
vn -0.3002 -0.8295 -0.4710
vn 0.4864 -0.8640 -0.1302
vn 0.5915 -0.8063 -0.0000
vn 0.4864 -0.8640 0.1303
vn 0.8872 -0.4610 0.0200
vn 0.8518 -0.4609 0.2489
vn 0.8911 -0.3859 -0.2388
vn 0.7583 -0.4609 -0.4610
vn 0.6133 -0.4607 -0.6416
vn 0.4612 -0.3859 -0.7990
vn 0.2490 -0.4609 -0.8518
vn -0.0000 -0.5090 -0.8608
vn -0.2490 -0.4609 -0.8518
vn -0.4999 0.0000 -0.8661
vn -0.4612 -0.3859 -0.7990
vn -0.6133 -0.4606 -0.6416
vn -0.8661 0.0000 -0.4999
vn -0.7454 -0.5091 -0.4304
vn -0.8911 -0.3859 -0.2388
vn -0.8912 -0.3858 0.2388
vn -0.8660 0.0000 0.5001
vn -0.6132 -0.4608 0.6416
vn -0.5001 0.0000 0.8660
vn -0.4265 -0.4602 0.7786
vn -0.2388 -0.3856 0.8912
vn -0.0000 -0.5082 0.8612
vn 0.2388 -0.3856 0.8912
vn 0.5001 0.0000 0.8660
vn 0.4265 -0.4602 0.7786
vn 0.6131 -0.4609 0.6416
vn 0.8660 0.0000 0.5001
vn 0.7582 -0.4612 0.4609
vn 0.4957 -0.8293 0.2579
vn 0.5457 -0.8292 0.1209
vn 0.5018 -0.8650 0.0000
vn 0.4847 -0.8650 -0.1299
vn 0.4345 -0.8650 -0.2509
vn 0.4124 -0.8290 -0.3777
vn 0.2954 -0.8068 -0.5116
vn 0.1209 -0.8292 -0.5457
vn -0.0000 -0.8650 -0.5018
vn -0.1209 -0.8292 -0.5457
vn -0.2954 -0.8068 -0.5116
vn -0.4124 -0.8290 -0.3777
vn -0.5327 -0.8294 -0.1681
vn -0.5019 -0.8649 -0.0000
vn -0.4346 -0.8650 0.2509
vn -0.3546 -0.8651 0.3548
vn -0.3007 -0.8288 0.4718
vn -0.1531 -0.8064 0.5712
vn -0.0000 -0.8641 0.5033
vn 0.1530 -0.8064 0.5712
vn 0.3007 -0.8288 0.4718
vn 0.4117 -0.8296 0.3772
vn -0.3561 -0.8640 -0.3560
vn -0.4716 -0.8289 -0.3007
vn -0.4849 -0.8649 0.1300
vn -0.5330 -0.8292 -0.1683
vn -0.5922 -0.8058 -0.0000
vn -0.8627 -0.4600 0.2103
vn -0.9235 -0.3835 0.0000
vn -0.9660 0.0000 0.2587
vn -0.9660 0.0000 -0.2587
vn -0.8627 -0.4600 -0.2103
vn -0.7783 -0.4610 -0.4263
vn -0.6091 -0.5077 -0.6093
vn -0.4616 -0.3843 -0.7995
vn -0.2492 -0.4597 -0.8524
vn -0.0200 -0.4606 -0.8874
vn 0.2230 -0.5079 -0.8320
vn 0.4612 -0.4600 -0.7587
vn 0.6416 -0.4607 -0.6133
vn 0.7990 -0.3858 -0.4613
vn 0.8912 -0.3857 -0.2388
vn 0.8622 -0.4609 0.2103
vn 0.7783 -0.4610 0.4262
vn 0.6414 -0.4613 0.6130
vn 0.4303 -0.5091 0.7454
vn 0.2103 -0.4609 0.8622
vn -0.2388 -0.3859 0.8911
vn -0.4263 -0.4607 0.7784
vn -0.6524 -0.3852 0.6526
vn -0.7583 -0.4608 0.4611
vn -0.4124 -0.8290 0.3778
vn -0.2512 -0.8646 0.4351
vn -0.1682 -0.8293 0.5329
vn 0.0245 -0.8293 0.5583
vn 0.1682 -0.8292 0.5330
vn 0.3772 -0.8295 0.4118
vn 0.4710 -0.8295 0.3002
vn 0.4713 -0.8292 -0.3004
vn 0.3780 -0.8288 -0.4126
vn 0.2585 -0.8284 -0.4970
vn 0.1303 -0.8640 -0.4864
vn 0.0246 -0.8289 -0.5588
vn -0.1210 -0.8287 -0.5464
vn -0.2962 -0.8057 -0.5130
vn 0.5583 -0.8293 0.0245
vn 0.5330 -0.8293 0.1682
vn 0.8872 -0.4610 -0.0200
vn 0.8911 -0.3859 0.2387
vn 0.8518 -0.4609 -0.2489
vn 0.8660 0.0000 -0.5001
vn 0.7582 -0.4612 -0.4610
vn 0.6131 -0.4609 -0.6416
vn 0.5001 0.0000 -0.8660
vn 0.4265 -0.4602 -0.7786
vn 0.2388 -0.3856 -0.8912
vn -0.0000 -0.5082 -0.8612
vn -0.4265 -0.4602 -0.7787
vn -0.6132 -0.4608 -0.6416
vn -0.7989 -0.3859 -0.4613
vn -0.8912 -0.3857 -0.2388
vn -0.8911 -0.3860 0.2388
vn -0.7454 -0.5091 0.4304
vn -0.0000 -0.5089 0.8608
vn 0.2490 -0.4609 0.8518
vn 0.4999 0.0000 0.8661
vn 0.4612 -0.3859 0.7990
vn 0.6133 -0.4607 0.6416
vn 0.8661 0.0000 0.4999
vn 0.7583 -0.4609 0.4610
vn 0.4847 -0.8650 0.1299
vn 0.4123 -0.8290 0.3777
vn -0.4124 -0.8290 -0.3778
vn -0.4346 -0.8649 -0.2510
vn -0.4716 -0.8290 0.3007
vn -0.5329 -0.8293 0.1683
vn -0.4849 -0.8649 -0.1300
vn -0.5923 -0.8057 -0.0000
vn -0.8626 -0.4601 -0.2103
vn -0.7583 -0.4608 -0.4611
vn -0.6525 -0.3852 -0.6526
vn -0.4263 -0.4607 -0.7784
vn -0.2388 -0.3859 -0.8911
vn 0.2103 -0.4608 -0.8622
vn 0.4303 -0.5091 -0.7454
vn 0.6414 -0.4613 -0.6130
vn 0.7783 -0.4610 -0.4262
vn 0.8622 -0.4609 -0.2103
vn 0.8912 -0.3857 0.2388
vn 0.7990 -0.3858 0.4613
vn 0.6416 -0.4607 0.6133
vn 0.4612 -0.4600 0.7587
vn -0.0200 -0.4606 0.8874
vn -0.2492 -0.4597 0.8524
vn -0.4617 -0.3843 0.7995
vn -0.6091 -0.5077 0.6093
vn -0.7783 -0.4610 0.4263
vn -0.3561 -0.8640 0.3560
vn 0.5457 -0.8292 -0.1208
vn 0.4957 -0.8293 -0.2579
vn 0.4118 -0.8295 -0.3773
vn 0.3007 -0.8289 -0.4718
vn 0.1530 -0.8064 -0.5713
vn -0.0000 -0.8641 -0.5033
vn -0.1531 -0.8064 -0.5712
vn -0.3546 -0.8651 -0.3547
vn -0.4346 -0.8650 -0.2509
vn -0.4848 -0.8649 -0.1299
vn -0.5019 -0.8650 -0.0000
vn -0.5327 -0.8295 0.1681
vn -0.4345 -0.8650 0.2509
vn -0.4124 -0.8290 0.3777
vn -0.2954 -0.8068 0.5116
vn 0.1208 -0.8292 0.5457
vn 0.2953 -0.8068 0.5117
vn -0.2512 -0.8646 -0.4351
vn -0.1682 -0.8293 -0.5329
vn 0.0245 -0.8293 -0.5583
vn 0.2509 -0.8650 -0.4345
vn 0.3771 -0.8296 -0.4118
vn 0.4710 -0.8295 -0.3002
vn 0.5330 -0.8293 -0.1682
vn 0.5583 -0.8293 -0.0245
vn 0.4848 -0.8649 0.1299
vn 0.4714 -0.8292 0.3004
vn 0.3780 -0.8288 0.4126
vn 0.2585 -0.8283 0.4970
vn 0.0246 -0.8289 0.5588
vn -0.1210 -0.8287 0.5465
vn -0.2962 -0.8057 0.5130
vn 0.4262 -0.4610 0.7783
vn -0.2103 -0.4609 0.8622
vn -0.4262 -0.4610 0.7783
vn -0.6130 -0.4613 0.6414
vn -0.7454 -0.5092 0.4303
vn -0.8622 -0.4609 0.2103
vn -0.8911 -0.3858 -0.2388
vn -0.7990 -0.3858 -0.4612
vn -0.6416 -0.4606 -0.6133
vn -0.4612 -0.4601 -0.7587
vn -0.2230 -0.5079 -0.8321
vn 0.2230 -0.5080 -0.8320
vn 0.4612 -0.4598 -0.7589
vn 0.6528 -0.3845 -0.6527
vn 0.7589 -0.4598 -0.4613
vn 0.8320 -0.5079 -0.2230
vn 0.8320 -0.5079 0.2230
vn 0.7993 -0.3849 0.4614
vn 0.6133 -0.4606 0.6417
vn 0.3004 -0.8293 0.4712
vn 0.0000 -0.8069 0.5906
vn -0.1682 -0.8292 0.5330
vn -0.3002 -0.8295 0.4710
vn -0.4118 -0.8296 0.3771
vn -0.5329 -0.8293 0.1682
vn -0.5583 -0.8293 0.0245
vn -0.4713 -0.8292 -0.3004
vn -0.3780 -0.8287 -0.4127
vn -0.2585 -0.8284 -0.4969
vn -0.1303 -0.8640 -0.4864
vn -0.0000 -0.8063 -0.5915
vn 0.2585 -0.8283 -0.4970
vn 0.4186 -0.8059 -0.4186
vn 0.4970 -0.8283 -0.2585
vn 0.4864 -0.8640 -0.1303
vn 0.4863 -0.8640 0.1303
vn 0.4969 -0.8284 0.2585
vn 0.3553 -0.8645 0.3554
vn -0.4128 -0.8287 -0.3779
vn -0.2953 -0.8069 -0.5116
vn -0.0000 -0.8650 -0.5019
vn 0.1681 -0.8294 -0.5327
vn 0.4182 -0.8064 -0.4182
vn 0.5327 -0.8295 -0.1681
vn 0.3779 -0.8287 0.4128
vn 0.2515 -0.8643 0.4356
vn 0.1683 -0.8291 0.5332
vn 0.0245 -0.8286 0.5593
vn -0.1530 -0.8064 0.5712
vn -0.3546 -0.8652 0.3545
vn -0.4718 -0.8289 0.3007
vn -0.5712 -0.8064 0.1531
vn -0.5593 -0.8286 -0.0245
vn -0.5332 -0.8291 -0.1683
vn -0.4355 -0.8643 -0.2515
vn -0.7458 -0.5085 -0.4303
vn -0.8624 -0.4606 -0.2102
vn -0.8876 -0.4601 0.0200
vn -0.8912 -0.3856 0.2388
vn -0.7786 -0.4602 0.4265
vn -0.6088 -0.5087 0.6087
vn -0.0200 -0.4601 0.8877
vn 0.2102 -0.4606 0.8623
vn 0.4306 -0.5084 0.7458
vn 0.6416 -0.4606 0.6133
vn 0.7990 -0.3858 0.4612
vn 0.8911 -0.3860 -0.2388
vn 0.8662 0.0000 -0.4998
vn 0.7456 -0.5088 -0.4304
vn 0.6527 -0.3845 -0.6527
vn 0.4998 0.0000 -0.8662
vn 0.4304 -0.5087 -0.7457
vn 0.2388 -0.3859 -0.8911
vn -0.0200 -0.4609 -0.8872
vn -0.2489 -0.4609 -0.8518
vn -0.5773 -0.5774 -0.5774
vn 0.7072 -0.7071 -0.0000
vn 0.5774 -0.5773 -0.5774
vn 0.7071 -0.7072 0.0000
vn 0.5774 -0.5773 0.5774
vn -0.5773 -0.5773 -0.5774
vn -0.5773 -0.5774 0.5774
vn 0.0000 -0.7070 0.7072
vn 0.7073 0.0000 0.7069
vn -0.5775 -0.5774 0.5772
vn -0.5773 -0.5773 0.5774
vn -0.5775 -0.5770 0.5775
vn -0.5774 -0.5773 -0.5774
vn -0.5774 -0.5773 0.5774
vn 0.0000 -0.7071 0.7072
vn 0.5774 -0.5772 0.5774
vn 0.5773 -0.5773 0.5775
vn 0.5773 -0.5773 -0.5774
vn 0.5774 -0.5772 -0.5774
vn 0.5774 -0.5772 -0.5775
vn 0.5773 -0.5773 0.5774
vn -0.5773 0.5774 0.5773
vn 0.5773 0.5773 0.5774
usemtl Material.002
s 144
f 199/1/1 200/2/1 201/3/1 202/4/1
s 322
f 742/5/2 743/6/2 744/7/2 745/8/2
s 323
f 746/9/1 747/10/1 748/11/1 749/12/1
s 344
f 780/13/3 781/14/3 782/15/3 783/16/3
s 474
f 1095/17/2 1096/18/2 1097/19/2 1098/20/2
s 917
f 1732/21/3 1733/22/3 1734/23/3 1735/24/3
usemtl FrontColor.002
s 1
f 1/25/4 2/26/4 3/27/4 4/28/4 5/29/4 6/30/4
s 2
f 4/31/3 7/32/3 8/33/3 5/34/3
s 3
f 9/35/5 10/36/5 7/37/5 4/38/5
s 4
f 6/39/1 11/40/1 10/41/1 9/42/1
s 5
f 5/43/6 8/44/6 11/45/6 6/46/6
s 6
f 12/47/7 13/48/7 11/49/7 8/50/7
s 7
f 13/48/4 12/47/4 14/51/4 15/52/4
s 8
f 14/51/8 12/47/8 8/50/8 7/53/8
s 9
f 15/52/9 14/51/9 7/53/9 10/54/9
s 10
f 13/48/10 15/52/10 10/54/10 11/49/10
s 16
f 28/55/3 29/56/3 30/57/3 31/58/3
s 17
f 32/59/6 33/60/6 29/61/6 28/62/6
s 18
f 34/63/1 35/64/1 33/65/1 32/66/1
s 19
f 31/67/5 30/68/5 35/69/5 34/70/5
s 20
f 36/71/11 37/72/11 35/73/11 30/74/11
s 21
f 38/75/2 39/76/2 37/72/2 36/71/2
s 22
f 39/76/12 38/75/12 29/77/12 33/78/12
s 23
f 38/75/13 36/71/13 30/74/13 29/77/13
s 24
f 37/72/14 39/76/14 33/78/14 35/73/14
s 25
f 32/79/2 28/80/2 40/81/2 41/82/2
s 26
f 42/83/1 43/84/1 44/85/1 45/86/1 46/87/1 47/88/1
s 27
f 42/89/6 48/90/6 49/91/6 43/92/6
s 28
f 50/93/4 51/94/4 48/95/4 42/96/4
s 29
f 44/97/5 52/98/5 51/99/5 50/100/5
s 30
f 43/101/2 49/102/2 52/103/2 44/104/2
s 31
f 52/105/15 49/106/15 53/107/15 54/108/15
s 32
f 49/106/16 48/109/16 55/110/16 53/107/16
s 33
f 48/109/10 51/111/10 56/112/10 55/110/10
s 34
f 51/111/17 52/105/17 54/108/17 56/112/17
s 35
f 56/112/1 54/108/1 53/107/1 55/110/1
s 124
f 169/113/3 170/114/3 171/115/3 172/116/3 173/117/3 174/118/3
s 125
f 172/119/2 175/120/2 176/121/2 173/122/2
s 126
f 177/123/5 178/124/5 175/125/5 172/126/5
s 127
f 174/127/4 179/128/4 178/129/4 177/130/4
s 128
f 173/131/6 176/132/6 179/133/6 174/134/6
s 129
f 180/135/18 181/136/18 179/137/18 176/138/18
s 130
f 181/136/3 180/135/3 182/139/3 183/140/3
s 131
f 182/139/19 180/135/19 176/138/19 175/141/19
s 132
f 183/140/20 182/139/20 175/141/20 178/142/20
s 133
f 181/136/8 183/140/8 178/142/8 179/137/8
s 134
f 184/143/4 185/144/4 186/145/4 187/146/4 188/147/4 189/148/4
s 135
f 187/149/3 190/150/3 191/151/3 188/152/3
s 136
f 192/153/5 193/154/5 190/155/5 187/156/5
s 137
f 189/157/1 194/158/1 193/159/1 192/160/1
s 138
f 188/161/6 191/162/6 194/163/6 189/164/6
s 139
f 195/165/7 196/166/7 194/167/7 191/168/7
s 140
f 196/166/4 195/165/4 197/169/4 198/170/4
s 141
f 197/169/8 195/165/8 191/168/8 190/171/8
s 142
f 198/170/9 197/169/9 190/171/9 193/172/9
s 143
f 196/166/10 198/170/10 193/172/10 194/167/10
s 146
f 207/173/3 208/174/3 209/175/3 210/176/3
s 147
f 211/177/5 212/178/5 208/179/5 207/180/5
s 148
f 213/181/1 214/182/1 212/183/1 211/184/1
s 149
f 210/185/6 209/186/6 214/187/6 213/188/6
s 150
f 214/189/7 209/190/7 215/191/7 216/192/7
s 151
f 209/190/8 208/193/8 217/194/8 215/191/8
s 152
f 208/193/9 212/195/9 218/196/9 217/194/9
s 153
f 212/195/10 214/189/10 216/192/10 218/196/10
s 154
f 217/194/4 218/196/4 216/192/4 215/191/4
s 155
f 219/197/4 220/198/4 210/199/4 213/200/4
s 159
f 369/201/3 370/202/3 371/203/3 372/204/3 373/205/3 374/206/3
s 160
f 372/207/2 375/208/2 376/209/2 373/210/2
s 161
f 377/211/5 378/212/5 375/213/5 372/214/5
s 162
f 374/215/4 379/216/4 378/217/4 377/218/4
s 163
f 373/219/6 376/220/6 379/221/6 374/222/6
s 164
f 380/223/18 381/224/18 379/225/18 376/226/18
s 165
f 381/224/3 380/223/3 382/227/3 383/228/3
s 166
f 382/227/21 380/223/21 376/226/21 375/229/21
s 167
f 383/228/20 382/227/20 375/229/20 378/230/20
s 168
f 381/224/8 383/228/8 378/230/8 379/225/8
s 169
f 384/231/3 385/232/3 386/233/3 387/234/3 388/235/3 389/236/3
s 170
f 387/237/2 390/238/2 391/239/2 388/240/2
s 171
f 392/241/5 393/242/5 390/243/5 387/244/5
s 172
f 389/245/4 394/246/4 393/247/4 392/248/4
s 173
f 388/249/6 391/250/6 394/251/6 389/252/6
s 174
f 395/253/18 396/254/18 394/255/18 391/256/18
s 175
f 396/254/3 395/253/3 397/257/3 398/258/3
s 176
f 397/257/22 395/253/22 391/256/22 390/259/22
s 177
f 398/258/20 397/257/20 390/259/20 393/260/20
s 178
f 396/254/23 398/258/23 393/260/23 394/255/23
s 203
f 427/261/1 428/262/1 429/263/1 430/264/1 431/265/1 432/266/1
s 204
f 427/267/6 433/268/6 434/269/6 428/270/6
s 205
f 435/271/4 436/272/4 433/273/4 427/274/4
s 206
f 429/275/5 437/276/5 436/277/5 435/278/5
s 207
f 428/279/2 434/280/2 437/281/2 429/282/2
s 208
f 437/283/15 434/284/15 438/285/15 439/286/15
s 209
f 434/284/16 433/287/16 440/288/16 438/285/16
s 210
f 433/287/10 436/289/10 441/290/10 440/288/10
s 211
f 436/289/17 437/283/17 439/286/17 441/290/17
s 212
f 441/290/1 439/286/1 438/285/1 440/288/1
s 213
f 442/291/3 443/292/3 444/293/3 445/294/3
s 214
f 446/295/5 447/296/5 443/297/5 442/298/5
s 215
f 448/299/1 449/300/1 447/301/1 446/302/1
s 216
f 445/303/6 444/304/6 449/305/6 448/306/6
s 217
f 449/307/7 444/308/7 450/309/7 451/310/7
s 218
f 444/308/8 443/311/8 452/312/8 450/309/8
s 219
f 443/311/24 447/313/24 453/314/24 452/312/24
s 220
f 447/313/10 449/307/10 451/310/10 453/314/10
s 221
f 452/312/4 453/314/4 451/310/4 450/309/4
s 222
f 454/315/4 455/316/4 445/317/4 448/318/4
s 223
f 456/319/1 457/320/1 458/321/1 459/322/1
s 224
f 458/323/6 460/324/6 461/325/6 459/326/6
s 225
f 462/327/4 463/328/4 460/329/4 458/330/4
s 226
f 464/331/5 465/332/5 463/333/5 462/334/5
s 227
f 459/335/2 461/336/2 465/337/2 464/338/2
s 228
f 465/339/25 461/340/25 466/341/25 467/342/25
s 229
f 461/340/16 460/343/16 468/344/16 466/341/16
s 230
f 460/343/10 463/345/10 469/346/10 468/344/10
s 231
f 463/345/17 465/339/17 467/342/17 469/346/17
s 232
f 469/346/1 467/342/1 466/341/1 468/344/1
s 281
f 676/347/2 677/348/2 678/349/2 679/350/2
s 282
f 680/351/5 681/352/5 677/353/5 676/354/5
s 283
f 682/355/4 683/356/4 681/357/4 680/358/4
s 284
f 679/359/6 678/360/6 683/361/6 682/362/6
s 285
f 684/363/18 685/364/18 683/365/18 678/366/18
s 286
f 685/364/3 684/363/3 686/367/3 687/368/3
s 287
f 686/367/19 684/363/19 678/366/19 677/369/19
s 288
f 687/368/20 686/367/20 677/369/20 681/370/20
s 289
f 685/364/8 687/368/8 681/370/8 683/365/8
s 290
f 679/371/3 682/372/3 680/373/3 688/374/3 689/375/3 690/376/3
s 292
f 697/377/2 698/378/2 699/379/2 700/380/2 701/381/2 702/382/2
s 293
f 697/383/6 703/384/6 704/385/6 698/386/6
s 294
f 705/387/1 706/388/1 703/389/1 697/390/1
s 295
f 699/391/5 707/392/5 706/393/5 705/394/5
s 296
f 698/395/3 704/396/3 707/397/3 699/398/3
s 297
f 707/399/13 704/400/13 708/401/13 709/402/13
s 298
f 704/400/26 703/403/26 710/404/26 708/401/26
s 299
f 703/403/14 706/405/14 711/406/14 710/404/14
s 300
f 706/405/27 707/399/27 709/402/27 711/406/27
s 301
f 711/406/2 709/402/2 708/401/2 710/404/2
s 302
f 712/407/3 713/408/3 714/409/3 715/410/3 716/411/3 717/412/3
s 303
f 715/413/2 718/414/2 719/415/2 716/416/2
s 304
f 720/417/5 721/418/5 718/419/5 715/420/5
s 305
f 717/421/4 722/422/4 721/423/4 720/424/4
s 306
f 716/425/6 719/426/6 722/427/6 717/428/6
s 307
f 723/429/18 724/430/18 722/431/18 719/432/18
s 308
f 724/430/3 723/429/3 725/433/3 726/434/3
s 309
f 725/433/19 723/429/19 719/432/19 718/435/19
s 310
f 726/434/20 725/433/20 718/435/20 721/436/20
s 311
f 724/430/8 726/434/8 721/436/8 722/431/8
s 312
f 727/437/1 728/438/1 729/439/1 730/440/1 731/441/1 732/442/1
s 313
f 727/443/6 733/444/6 734/445/6 728/446/6
s 314
f 735/447/4 736/448/4 733/449/4 727/450/4
s 315
f 729/451/5 737/452/5 736/453/5 735/454/5
s 316
f 728/455/2 734/456/2 737/457/2 729/458/2
s 317
f 737/459/15 734/460/15 738/461/15 739/462/15
s 318
f 734/460/16 733/463/16 740/464/16 738/461/16
s 319
f 733/463/28 736/465/28 741/466/28 740/464/28
s 320
f 736/465/17 737/459/17 739/462/17 741/466/17
s 321
f 741/466/1 739/462/1 738/461/1 740/464/1
s 324
f 750/467/1 751/468/1 752/469/1 753/470/1 754/471/1 755/472/1
s 325
f 750/473/6 756/474/6 757/475/6 751/476/6
s 326
f 758/477/4 759/478/4 756/479/4 750/480/4
s 327
f 752/481/5 760/482/5 759/483/5 758/484/5
s 328
f 751/485/2 757/486/2 760/487/2 752/488/2
s 329
f 760/489/29 757/490/29 761/491/29 762/492/29
s 330
f 757/490/16 756/493/16 763/494/16 761/491/16
s 331
f 756/493/30 759/495/30 764/496/30 763/494/30
s 332
f 759/495/31 760/489/31 762/492/31 764/496/31
s 333
f 764/496/1 762/492/1 761/491/1 763/494/1
s 334
f 765/497/4 766/498/4 767/499/4 768/500/4 769/501/4 770/502/4
s 335
f 768/503/3 771/504/3 772/505/3 769/506/3
s 336
f 773/507/5 774/508/5 771/509/5 768/510/5
s 337
f 770/511/1 775/512/1 774/513/1 773/514/1
s 338
f 769/515/6 772/516/6 775/517/6 770/518/6
s 339
f 776/519/7 777/520/7 775/521/7 772/522/7
s 340
f 777/520/4 776/519/4 778/523/4 779/524/4
s 341
f 778/523/8 776/519/8 772/522/8 771/525/8
s 342
f 779/524/9 778/523/9 771/525/9 774/526/9
s 343
f 777/520/10 779/524/10 774/526/10 775/521/10
s 347
f 928/527/1 929/528/1 930/529/1 931/530/1 932/531/1 933/532/1
s 348
f 928/533/6 934/534/6 935/535/6 929/536/6
s 349
f 936/537/4 937/538/4 934/539/4 928/540/4
s 350
f 930/541/5 938/542/5 937/543/5 936/544/5
s 351
f 929/545/2 935/546/2 938/547/2 930/548/2
s 352
f 938/549/15 935/550/15 939/551/15 940/552/15
s 353
f 935/550/16 934/553/16 941/554/16 939/551/16
s 354
f 934/553/10 937/555/10 942/556/10 941/554/10
s 355
f 937/555/17 938/549/17 940/552/17 942/556/17
s 356
f 942/556/1 940/552/1 939/551/1 941/554/1
s 357
f 943/557/3 944/558/3 945/559/3 946/560/3
s 358
f 947/561/5 948/562/5 944/563/5 943/564/5
s 359
f 949/565/1 950/566/1 948/567/1 947/568/1
s 360
f 946/569/6 945/570/6 950/571/6 949/572/6
s 361
f 950/573/7 945/574/7 951/575/7 952/576/7
s 362
f 945/574/8 944/577/8 953/578/8 951/575/8
s 363
f 944/577/9 948/579/9 954/580/9 953/578/9
s 364
f 948/579/10 950/573/10 952/576/10 954/580/10
s 365
f 953/578/4 954/580/4 952/576/4 951/575/4
s 366
f 955/581/4 956/582/4 946/583/4 949/584/4
s 367
f 957/585/5 958/586/5 959/587/5 960/588/5
s 368
f 961/589/4 962/590/4 958/591/4 957/592/4
s 369
f 963/593/6 964/594/6 962/595/6 961/596/6
s 370
f 960/597/2 959/598/2 964/599/2 963/600/2
s 371
f 964/601/22 959/602/22 965/603/22 966/604/22
s 372
f 959/602/20 958/605/20 967/606/20 965/603/20
s 373
f 958/605/8 962/607/8 968/608/8 967/606/8
s 374
f 962/607/32 964/601/32 966/604/32 968/608/32
s 375
f 965/603/3 967/606/3 968/608/3 966/604/3
s 376
f 969/609/3 970/610/3 971/611/3 972/612/3
s 377
f 973/613/6 974/614/6 970/615/6 969/616/6
s 378
f 975/617/1 976/618/1 974/619/1 973/620/1
s 379
f 972/621/5 971/622/5 976/623/5 975/624/5
s 380
f 977/625/27 978/626/27 976/627/27 971/628/27
s 381
f 979/629/2 980/630/2 978/626/2 977/625/2
s 382
f 980/630/26 979/629/26 970/631/26 974/632/26
s 383
f 979/629/13 977/625/13 971/628/13 970/631/13
s 384
f 978/626/14 980/630/14 974/632/14 976/627/14
s 385
f 973/633/2 969/634/2 981/635/2 982/636/2
s 475
f 1099/637/2 1100/638/2 1101/639/2 1102/640/2
s 476
f 1103/641/5 1104/642/5 1100/643/5 1099/644/5
s 477
f 1105/645/4 1106/646/4 1104/647/4 1103/648/4
s 478
f 1102/649/6 1101/650/6 1106/651/6 1105/652/6
s 479
f 1107/653/18 1108/654/18 1106/655/18 1101/656/18
s 480
f 1108/654/3 1107/653/3 1109/657/3 1110/658/3
s 481
f 1109/657/21 1107/653/21 1101/656/21 1100/659/21
s 482
f 1110/658/20 1109/657/20 1100/659/20 1104/660/20
s 483
f 1108/654/8 1110/658/8 1104/660/8 1106/655/8
s 484
f 1102/661/3 1105/662/3 1103/663/3 1111/664/3 1112/665/3 1113/666/3
s 772
f 1404/667/3 1405/668/3 1406/669/3 1407/670/3 1408/671/3 1409/672/3
s 773
f 1407/673/2 1410/674/2 1411/675/2 1408/676/2
s 774
f 1412/677/5 1413/678/5 1410/679/5 1407/680/5
s 775
f 1409/681/4 1414/682/4 1413/683/4 1412/684/4
s 776
f 1408/685/6 1411/686/6 1414/687/6 1409/688/6
s 777
f 1415/689/33 1416/690/33 1414/691/33 1411/692/33
s 778
f 1416/690/3 1415/689/3 1417/693/3 1418/694/3
s 779
f 1417/693/19 1415/689/19 1411/692/19 1410/695/19
s 780
f 1418/694/20 1417/693/20 1410/695/20 1413/696/20
s 781
f 1416/690/8 1418/694/8 1413/696/8 1414/691/8
s 784
f 1563/697/1 1564/698/1 1565/699/1 1566/700/1
s 785
f 1565/701/6 1567/702/6 1568/703/6 1566/704/6
s 786
f 1569/705/4 1570/706/4 1567/707/4 1565/708/4
s 787
f 1571/709/5 1572/710/5 1570/711/5 1569/712/5
s 788
f 1566/713/2 1568/714/2 1572/715/2 1571/716/2
s 789
f 1572/717/25 1568/718/25 1573/719/25 1574/720/25
s 790
f 1568/718/16 1567/721/16 1575/722/16 1573/719/16
s 791
f 1567/721/10 1570/723/10 1576/724/10 1575/722/10
s 792
f 1570/723/17 1572/717/17 1574/720/17 1576/724/17
s 793
f 1576/724/1 1574/720/1 1573/719/1 1575/722/1
s 853
f 1647/725/3 1648/726/3 1649/727/3 1650/728/3
s 854
f 1651/729/5 1652/730/5 1648/731/5 1647/732/5
s 855
f 1653/733/1 1654/734/1 1652/735/1 1651/736/1
s 856
f 1650/737/6 1649/738/6 1654/739/6 1653/740/6
s 857
f 1654/741/7 1649/742/7 1655/743/7 1656/744/7
s 858
f 1649/742/8 1648/745/8 1657/746/8 1655/743/8
s 859
f 1648/745/9 1652/747/9 1658/748/9 1657/746/9
s 860
f 1652/747/10 1654/741/10 1656/744/10 1658/748/10
s 861
f 1657/746/4 1658/748/4 1656/744/4 1655/743/4
s 862
f 1659/749/4 1660/750/4 1650/751/4 1653/752/4
s 863
f 1661/753/2 1662/754/2 1663/755/2 1664/756/2 1665/757/2 1666/758/2
s 864
f 1661/759/6 1667/760/6 1668/761/6 1662/762/6
s 865
f 1669/763/1 1670/764/1 1667/765/1 1661/766/1
s 866
f 1663/767/5 1671/768/5 1670/769/5 1669/770/5
s 867
f 1662/771/3 1668/772/3 1671/773/3 1663/774/3
s 868
f 1671/775/22 1668/776/22 1672/777/22 1673/778/22
s 869
f 1668/776/12 1667/779/12 1674/780/12 1672/777/12
s 870
f 1667/779/15 1670/781/15 1675/782/15 1674/780/15
s 871
f 1670/781/27 1671/775/27 1673/778/27 1675/782/27
s 872
f 1675/782/2 1673/778/2 1672/777/2 1674/780/2
s 918
f 1736/783/4 1737/784/4 1738/785/4 1739/786/4 1740/787/4 1741/788/4
s 919
f 1739/789/3 1742/790/3 1743/791/3 1740/792/3
s 920
f 1744/793/5 1745/794/5 1742/795/5 1739/796/5
s 921
f 1741/797/1 1746/798/1 1745/799/1 1744/800/1
s 922
f 1740/801/6 1743/802/6 1746/803/6 1741/804/6
s 923
f 1747/805/7 1748/806/7 1746/807/7 1743/808/7
s 924
f 1748/806/4 1747/805/4 1749/809/4 1750/810/4
s 925
f 1749/809/8 1747/805/8 1743/808/8 1742/811/8
s 926
f 1750/810/9 1749/809/9 1742/811/9 1745/812/9
s 927
f 1748/806/10 1750/810/10 1745/812/10 1746/807/10
s 940
f 1773/813/3 1774/814/3 1775/815/3 1776/816/3 1777/817/3 1778/818/3
s 941
f 1776/819/2 1779/820/2 1780/821/2 1777/822/2
s 942
f 1781/823/5 1782/824/5 1779/825/5 1776/826/5
s 943
f 1778/827/4 1783/828/4 1782/829/4 1781/830/4
s 944
f 1777/831/6 1780/832/6 1783/833/6 1778/834/6
s 945
f 1784/835/18 1785/836/18 1783/837/18 1780/838/18
s 946
f 1785/836/3 1784/835/3 1786/839/3 1787/840/3
s 947
f 1786/839/22 1784/835/22 1780/838/22 1779/841/22
s 948
f 1787/840/20 1786/839/20 1779/841/20 1782/842/20
s 949
f 1785/836/34 1787/840/34 1782/842/34 1783/837/34
s 950
f 1788/843/1 1789/844/1 1790/845/1 1791/846/1 1792/847/1 1793/848/1
s 951
f 1788/849/6 1794/850/6 1795/851/6 1789/852/6
s 952
f 1796/853/4 1797/854/4 1794/855/4 1788/856/4
s 953
f 1790/857/5 1798/858/5 1797/859/5 1796/860/5
s 954
f 1789/861/2 1795/862/2 1798/863/2 1790/864/2
s 955
f 1798/865/15 1795/866/15 1799/867/15 1800/868/15
s 956
f 1795/866/16 1794/869/16 1801/870/16 1799/867/16
s 957
f 1794/869/10 1797/871/10 1802/872/10 1801/870/10
s 958
f 1797/871/17 1798/865/17 1800/868/17 1802/872/17
s 959
f 1802/872/1 1800/868/1 1799/867/1 1801/870/1
usemtl FrontColor
s 11
f 16/873/3 17/874/3 18/875/3 19/876/3
s 12
f 20/877/4 21/878/4 17/879/4 16/880/4
s 13
f 22/881/1 23/882/1 21/883/1 20/884/1
s 14
f 19/885/2 18/886/2 23/887/2 22/888/2
s 15
f 18/889/5 24/890/5 23/891/5
f 17/892/5 24/890/5 18/889/5
f 17/892/5 25/893/5 24/890/5
f 25/893/5 17/892/5 26/894/5
f 21/895/5 26/894/5 17/892/5
f 26/894/5 21/895/5 27/896/5
f 27/896/5 21/895/5 23/891/5
f 27/896/5 23/891/5 24/890/5
s 156
f 221/897/6 222/898/6 223/899/6 224/900/6
s 794
f 1577/901/3 1578/902/3 1579/903/3 1580/904/3
s 795
f 1579/905/22 1578/906/22 1581/907/22 1582/908/22
s 796
f 1581/907/2 1583/909/2 1584/910/2 1582/908/2
s 797
f 1585/911/14 1586/912/14 1584/910/14 1583/909/14
s 798
f 1585/913/1 1587/914/1 1588/915/1 1586/916/1
s 799
f 1589/917/10 1590/918/10 1588/919/10 1587/920/10
s 800
f 1589/917/4 1591/921/4 1592/922/4 1590/918/4
s 801
f 1577/923/8 1580/924/8 1592/922/8 1591/921/8
s 802
f 1580/925/35 1593/926/35 1592/927/35
s 803
f 1594/928/36 1593/926/36 1580/925/36 1579/929/36
s 804
f 1595/930/6 1593/926/6 1594/928/6
f 1596/931/6 1593/926/6 1595/930/6
f 1593/926/6 1596/931/6 1597/932/6
f 1598/933/6 1597/932/6 1596/931/6
f 1597/932/6 1598/933/6 1599/934/6
f 1595/930/6 1594/928/6 1599/934/6
f 1608/935/6 1599/934/6 1594/928/6
f 1597/932/6 1599/934/6 1608/935/6
s 805
f 1599/934/18 1598/933/18 1600/936/18 1601/937/18
s 806
f 1598/933/37 1602/938/37 1600/936/37
s 807
f 1598/933/12 1596/931/12 1603/939/12 1602/938/12
s 808
f 1603/939/38 1596/931/38 1604/940/38
s 809
f 1596/931/39 1595/930/39 1605/941/39 1604/940/39
s 810
f 1605/942/40 1595/943/40 1606/944/40
s 811
f 1595/943/41 1599/945/41 1607/946/41 1606/944/41
s 812
f 1597/932/42 1608/935/42 1586/947/42 1588/948/42
s 813
f 1586/947/43 1608/935/43 1584/949/43
s 814
f 1608/935/12 1594/928/12 1582/950/12 1584/949/12
s 815
f 1594/928/44 1579/929/44 1582/950/44
s 816
f 1590/951/45 1597/932/45 1588/948/45
s 817
f 1592/927/41 1593/926/41 1597/932/41 1590/951/41
s 818
f 1607/946/46 1599/945/46 1601/952/46
s 819
f 1609/953/47 1607/946/47 1601/952/47 1610/954/47
s 820
f 1611/955/4 1606/944/4 1607/946/4 1609/953/4
s 821
f 1612/956/10 1605/942/10 1606/944/10 1611/955/10
s 822
f 1604/957/1 1605/958/1 1612/959/1 1613/960/1
s 823
f 1614/961/17 1615/962/17 1613/963/17 1612/964/17
s 824
f 1616/965/5 1615/962/5 1614/961/5
f 1615/962/5 1616/965/5 1617/966/5
f 1618/967/5 1617/966/5 1616/965/5
f 1617/966/5 1618/967/5 1619/968/5
f 1619/968/5 1618/967/5 1620/969/5
f 1616/965/5 1614/961/5 1626/970/5
f 1626/970/5 1614/961/5 1620/969/5
f 1619/968/5 1620/969/5 1614/961/5
s 825
f 1620/971/48 1618/972/48 1621/973/48 1622/974/48
s 826
f 1621/973/49 1618/972/49 1623/975/49
s 827
f 1618/972/9 1616/965/9 1624/976/9 1623/975/9
s 828
f 1616/965/50 1625/977/50 1624/976/50
s 829
f 1616/965/51 1626/970/51 1627/978/51 1625/977/51
s 830
f 1619/979/9 1614/980/9 1611/955/9 1609/953/9
s 831
f 1614/980/52 1612/956/52 1611/955/52
s 832
f 1619/979/53 1609/953/53 1610/954/53
s 833
f 1617/981/54 1619/982/54 1610/983/54 1628/984/54
s 834
f 1601/985/3 1600/986/3 1628/987/3 1610/988/3
s 835
f 1602/989/55 1629/990/55 1628/991/55 1600/992/55
s 836
f 1629/990/2 1602/989/2 1603/993/2 1630/994/2
s 837
f 1630/995/15 1603/996/15 1604/957/15 1613/960/15
s 838
f 1615/962/56 1630/997/56 1613/963/56
s 839
f 1615/962/57 1617/981/57 1629/998/57 1630/997/57
s 840
f 1629/998/58 1617/981/58 1628/984/58
s 841
f 1626/970/27 1620/971/27 1631/999/27 1632/1000/27
s 842
f 1620/971/59 1622/974/59 1631/999/59
s 843
f 1622/1001/14 1633/1002/14 1634/1003/14 1631/1004/14
s 844
f 1635/1005/1 1633/1002/1 1622/1001/1 1621/1006/1
s 845
f 1635/1005/60 1621/1006/60 1623/1007/60 1636/1008/60
s 846
f 1637/1009/4 1636/1010/4 1623/1011/4 1624/1012/4
s 847
f 1625/1013/61 1638/1014/61 1637/1015/61 1624/1016/61
s 848
f 1639/1017/3 1638/1014/3 1625/1013/3 1627/1018/3
s 849
f 1639/1017/62 1627/1018/62 1632/1019/62 1640/1020/62
s 850
f 1627/978/63 1626/970/63 1632/1000/63
s 851
f 1634/1021/2 1640/1022/2 1632/1023/2 1631/1024/2
usemtl FrontColor.004
s 36
f 57/1025/4 58/1026/4 59/1027/4
f 58/1026/4 57/1025/4 60/1028/4
f 61/1029/4 60/1028/4 57/1025/4
f 62/1030/4 60/1028/4 61/1029/4
f 65/1031/4 68/1032/4 58/1026/4
f 62/1030/4 68/1032/4 65/1031/4
f 68/1032/4 62/1030/4 61/1029/4
f 68/1032/4 59/1027/4 58/1026/4
s 37
f 62/1030/64 63/1033/64 64/1034/64 60/1035/64
s 38
f 65/1031/9 66/1036/9 63/1033/9 62/1030/9
s 39
f 65/1031/65 58/1026/65 67/1037/65 66/1036/65
s 40
f 61/1038/5 69/1039/5 70/1040/5 68/1041/5
s 41
f 57/1042/3 71/1043/3 69/1044/3 61/1045/3
s 42
f 59/1046/6 72/1047/6 71/1048/6 57/1049/6
s 43
f 68/1050/1 70/1051/1 72/1052/1 59/1053/1
s 44
f 73/1054/66 72/1055/66 70/1056/66 74/1057/66
s 45
f 75/1058/41 71/1059/41 72/1055/41 73/1054/41
s 46
f 75/1058/64 76/1060/64 69/1061/64 71/1059/64
s 47
f 76/1060/4 75/1058/4 77/1062/4
f 77/1062/4 75/1058/4 78/1063/4
f 73/1054/4 78/1063/4 75/1058/4
f 78/1063/4 73/1054/4 79/1064/4
f 80/1065/4 79/1064/4 73/1054/4
f 80/1065/4 76/1060/4 77/1062/4
f 76/1060/4 80/1065/4 74/1057/4
f 74/1057/4 80/1065/4 73/1054/4
s 48
f 79/1064/67 80/1065/67 81/1066/67 82/1067/67
s 49
f 77/1062/41 83/1068/41 81/1066/41 80/1065/41
s 50
f 77/1062/68 78/1063/68 84/1069/68 83/1068/68
s 51
f 78/1063/9 79/1064/9 82/1067/9 84/1069/9
s 52
f 85/1070/5 84/1071/5 82/1072/5 86/1073/5
s 53
f 87/1074/1 83/1075/1 84/1076/1 85/1077/1
s 54
f 83/1078/6 87/1079/6 88/1080/6 81/1081/6
s 55
f 89/1082/69 90/1083/69 88/1084/69 87/1085/69
s 56
f 89/1082/2 91/1086/2 90/1083/2
f 91/1086/2 89/1082/2 92/1087/2
f 92/1087/2 89/1082/2 93/1088/2
f 89/1082/2 94/1089/2 93/1088/2
f 90/1083/2 96/1090/2 95/1091/2
f 91/1086/2 96/1090/2 90/1083/2
f 93/1088/2 95/1091/2 96/1090/2
f 95/1091/2 93/1088/2 94/1089/2
s 57
f 94/1089/70 89/1082/70 87/1085/70 85/1092/70
s 58
f 94/1089/27 85/1092/27 86/1093/27 95/1091/27
s 59
f 90/1083/71 95/1091/71 86/1093/71 88/1084/71
s 60
f 96/1090/72 91/1086/72 97/1094/72 98/1095/72
s 61
f 92/1087/27 99/1096/27 97/1094/27 91/1086/27
s 62
f 93/1088/71 100/1097/71 99/1096/71 92/1087/71
s 63
f 93/1088/12 96/1090/12 98/1095/12 100/1097/12
s 64
f 101/1098/6 100/1099/6 98/1100/6 102/1101/6
s 65
f 103/1102/3 99/1103/3 100/1104/3 101/1105/3
s 66
f 104/1106/5 97/1107/5 99/1108/5 103/1109/5
s 67
f 102/1110/1 98/1111/1 97/1112/1 104/1113/1
s 68
f 104/1114/2 105/1115/2 102/1116/2
f 106/1117/2 105/1115/2 104/1114/2
f 106/1117/2 103/1118/2 112/1119/2
f 103/1118/2 106/1117/2 104/1114/2
f 112/1119/2 103/1118/2 110/1120/2
f 103/1118/2 101/1121/2 110/1120/2
f 102/1116/2 110/1120/2 101/1121/2
f 110/1120/2 102/1116/2 105/1115/2
s 69
f 107/1122/70 105/1123/70 106/1124/70 108/1125/70
s 70
f 109/1126/12 110/1120/12 105/1123/12 107/1122/12
s 71
f 109/1126/73 111/1127/73 112/1119/73 110/1120/73
s 72
f 63/1128/3 111/1129/3 109/1130/3 64/1131/3
s 73
f 111/1132/5 63/1133/5 66/1134/5 108/1135/5
s 74
f 108/1136/1 66/1137/1 67/1138/1 107/1139/1
s 75
f 107/1140/6 67/1141/6 64/1142/6 109/1143/6
s 76
f 58/1026/7 60/1035/7 64/1034/7 67/1037/7
s 77
f 111/1127/27 108/1125/27 106/1124/27 112/1119/27
s 78
f 86/1144/3 82/1145/3 81/1146/3 88/1147/3
s 79
f 76/1060/9 74/1057/9 70/1056/9 69/1061/9
s 80
f 113/1148/3 114/1149/3 115/1150/3
f 114/1149/3 113/1148/3 116/1151/3
f 117/1152/3 116/1151/3 113/1148/3
f 118/1153/3 116/1151/3 117/1152/3
f 121/1154/3 124/1155/3 114/1149/3
f 118/1153/3 124/1155/3 121/1154/3
f 124/1155/3 118/1153/3 117/1152/3
f 124/1155/3 115/1150/3 114/1149/3
s 81
f 118/1153/21 119/1156/21 120/1157/21 116/1158/21
s 82
f 121/1154/20 122/1159/20 119/1156/20 118/1153/20
s 83
f 121/1154/23 114/1149/23 123/1160/23 122/1159/23
s 84
f 117/1161/5 125/1162/5 126/1163/5 124/1164/5
s 85
f 113/1165/2 127/1166/2 125/1167/2 117/1168/2
s 86
f 115/1169/6 128/1170/6 127/1171/6 113/1172/6
s 87
f 124/1173/4 126/1174/4 128/1175/4 115/1176/4
s 88
f 129/1177/8 128/1178/8 126/1179/8 130/1180/8
s 89
f 131/1181/18 127/1182/18 128/1178/18 129/1177/18
s 90
f 131/1181/22 132/1183/22 125/1184/22 127/1182/22
s 91
f 132/1183/3 131/1181/3 133/1185/3
f 133/1185/3 131/1181/3 134/1186/3
f 129/1177/3 134/1186/3 131/1181/3
f 134/1186/3 129/1177/3 135/1187/3
f 136/1188/3 135/1187/3 129/1177/3
f 136/1188/3 132/1183/3 133/1185/3
f 132/1183/3 136/1188/3 130/1180/3
f 130/1180/3 136/1188/3 129/1177/3
s 92
f 135/1187/22 136/1188/22 137/1189/22 138/1190/22
s 93
f 133/1185/33 139/1191/33 137/1189/33 136/1188/33
s 94
f 133/1185/8 134/1186/8 140/1192/8 139/1191/8
s 95
f 134/1186/20 135/1187/20 138/1190/20 140/1192/20
s 96
f 141/1193/5 140/1194/5 138/1195/5 142/1196/5
s 97
f 143/1197/4 139/1198/4 140/1199/4 141/1200/4
s 98
f 139/1201/6 143/1202/6 144/1203/6 137/1204/6
s 99
f 145/1205/42 146/1206/42 144/1207/42 143/1208/42
s 100
f 145/1205/1 147/1209/1 146/1206/1
f 147/1209/1 145/1205/1 148/1210/1
f 148/1210/1 145/1205/1 149/1211/1
f 145/1205/1 150/1212/1 149/1211/1
f 146/1206/1 152/1213/1 151/1214/1
f 147/1209/1 152/1213/1 146/1206/1
f 149/1211/1 151/1214/1 152/1213/1
f 151/1214/1 149/1211/1 150/1212/1
s 101
f 150/1212/10 145/1205/10 143/1208/10 141/1215/10
s 102
f 150/1212/17 141/1215/17 142/1216/17 151/1214/17
s 103
f 146/1206/74 151/1214/74 142/1216/74 144/1207/74
s 104
f 152/1213/10 147/1209/10 153/1217/10 154/1218/10
s 105
f 148/1210/17 155/1219/17 153/1217/17 147/1209/17
s 106
f 149/1211/15 156/1220/15 155/1219/15 148/1210/15
s 107
f 149/1211/16 152/1213/16 154/1218/16 156/1220/16
s 108
f 157/1221/6 156/1222/6 154/1223/6 158/1224/6
s 109
f 159/1225/2 155/1226/2 156/1227/2 157/1228/2
s 110
f 160/1229/5 153/1230/5 155/1231/5 159/1232/5
s 111
f 158/1233/4 154/1234/4 153/1235/4 160/1236/4
s 112
f 160/1237/1 161/1238/1 158/1239/1
f 162/1240/1 161/1238/1 160/1237/1
f 162/1240/1 159/1241/1 168/1242/1
f 159/1241/1 162/1240/1 160/1237/1
f 168/1242/1 159/1241/1 166/1243/1
f 159/1241/1 157/1244/1 166/1243/1
f 158/1239/1 166/1243/1 157/1244/1
f 166/1243/1 158/1239/1 161/1238/1
s 113
f 163/1245/10 161/1246/10 162/1247/10 164/1248/10
s 114
f 165/1249/16 166/1243/16 161/1246/16 163/1245/16
s 115
f 165/1249/15 167/1250/15 168/1242/15 166/1243/15
s 116
f 119/1251/2 167/1252/2 165/1253/2 120/1254/2
s 117
f 167/1255/5 119/1256/5 122/1257/5 164/1258/5
s 118
f 164/1259/4 122/1260/4 123/1261/4 163/1262/4
s 119
f 163/1263/6 123/1264/6 120/1265/6 165/1266/6
s 120
f 114/1149/18 116/1158/18 120/1157/18 123/1160/18
s 121
f 167/1250/75 164/1248/75 162/1247/75 168/1242/75
s 122
f 142/1267/2 138/1268/2 137/1269/2 144/1270/2
s 123
f 132/1183/76 130/1180/76 126/1179/76 125/1184/76
s 179
f 399/1271/5 400/1272/5 401/1273/5 402/1274/5
s 180
f 403/1275/3 404/1276/3 405/1277/3 406/1278/3 407/1279/3 408/1280/3 400/1281/3 399/1282/3
s 181
f 409/1283/6 404/1284/6 403/1285/6 410/1286/6
s 182
f 409/1287/2 411/1288/2 405/1289/2 404/1290/2
s 183
f 411/1291/1 409/1292/1 410/1293/1 402/1294/1 401/1295/1 412/1296/1 413/1297/1 414/1298/1
s 184
f 402/1299/4 410/1300/4 403/1301/4 399/1302/4
s 185
f 412/1303/29 401/1304/29 415/1305/29 416/1306/29
s 186
f 401/1304/77 400/1307/77 417/1308/77 415/1305/77
s 187
f 417/1308/13 400/1307/13 408/1309/13 418/1310/13
s 188
f 418/1311/78 408/1280/78 419/1312/78
s 189
f 408/1280/20 407/1279/20 420/1313/20 419/1312/20
s 190
f 407/1279/79 421/1314/79 420/1313/79
s 191
f 407/1315/8 406/1316/8 422/1317/8 421/1318/8
s 192
f 406/1316/9 414/1319/9 423/1320/9 422/1317/9
s 193
f 411/1321/5 414/1322/5 406/1323/5 405/1324/5
s 194
f 423/1320/10 414/1319/10 413/1325/10 424/1326/10
s 195
f 424/1327/80 413/1328/80 425/1329/80
s 196
f 413/1328/17 412/1330/17 426/1331/17 425/1329/17
s 197
f 412/1330/81 416/1332/81 426/1331/81
s 198
f 416/1332/82 418/1333/82 419/1334/82 426/1331/82
s 199
f 415/1305/2 417/1308/2 418/1310/2 416/1306/2
s 200
f 419/1334/5 420/1335/5 425/1329/5 426/1331/5
s 201
f 421/1336/9 424/1327/9 425/1329/9 420/1335/9
s 202
f 423/1320/4 424/1326/4 421/1318/4 422/1317/4
s 235
f 476/1337/3 477/1338/3 478/1339/3
f 477/1338/3 476/1337/3 479/1340/3
f 480/1341/3 479/1340/3 476/1337/3
f 481/1342/3 479/1340/3 480/1341/3
f 484/1343/3 487/1344/3 477/1338/3
f 481/1342/3 487/1344/3 484/1343/3
f 487/1344/3 481/1342/3 480/1341/3
f 487/1344/3 478/1339/3 477/1338/3
s 236
f 481/1342/21 482/1345/21 483/1346/21 479/1347/21
s 237
f 484/1343/20 485/1348/20 482/1345/20 481/1342/20
s 238
f 484/1343/8 477/1338/8 486/1349/8 485/1348/8
s 239
f 480/1350/5 488/1351/5 489/1352/5 487/1353/5
s 240
f 476/1354/2 490/1355/2 488/1356/2 480/1357/2
s 241
f 478/1358/6 491/1359/6 490/1360/6 476/1361/6
s 242
f 487/1362/4 489/1363/4 491/1364/4 478/1365/4
s 243
f 492/1366/23 491/1367/23 489/1368/23 493/1369/23
s 244
f 494/1370/18 490/1371/18 491/1367/18 492/1366/18
s 245
f 494/1370/22 495/1372/22 488/1373/22 490/1371/22
s 246
f 495/1372/3 494/1370/3 496/1374/3
f 496/1374/3 494/1370/3 497/1375/3
f 492/1366/3 497/1375/3 494/1370/3
f 497/1375/3 492/1366/3 498/1376/3
f 499/1377/3 498/1376/3 492/1366/3
f 499/1377/3 495/1372/3 496/1374/3
f 495/1372/3 499/1377/3 493/1369/3
f 493/1369/3 499/1377/3 492/1366/3
s 247
f 498/1376/22 499/1377/22 500/1378/22 501/1379/22
s 248
f 496/1374/33 502/1380/33 500/1378/33 499/1377/33
s 249
f 496/1374/83 497/1375/83 503/1381/83 502/1380/83
s 250
f 497/1375/20 498/1376/20 501/1379/20 503/1381/20
s 251
f 504/1382/5 503/1383/5 501/1384/5 505/1385/5
s 252
f 506/1386/4 502/1387/4 503/1388/4 504/1389/4
s 253
f 502/1390/6 506/1391/6 507/1392/6 500/1393/6
s 254
f 508/1394/39 509/1395/39 507/1396/39 506/1397/39
s 255
f 508/1394/1 510/1398/1 509/1395/1
f 510/1398/1 508/1394/1 511/1399/1
f 511/1399/1 508/1394/1 512/1400/1
f 508/1394/1 513/1401/1 512/1400/1
f 509/1395/1 515/1402/1 514/1403/1
f 510/1398/1 515/1402/1 509/1395/1
f 512/1400/1 514/1403/1 515/1402/1
f 514/1403/1 512/1400/1 513/1401/1
s 256
f 513/1401/10 508/1394/10 506/1397/10 504/1404/10
s 257
f 513/1401/17 504/1404/17 505/1405/17 514/1403/17
s 258
f 509/1395/15 514/1403/15 505/1405/15 507/1396/15
s 259
f 515/1402/30 510/1398/30 516/1406/30 517/1407/30
s 260
f 511/1399/17 518/1408/17 516/1406/17 510/1398/17
s 261
f 512/1400/15 519/1409/15 518/1408/15 511/1399/15
s 262
f 512/1400/16 515/1402/16 517/1407/16 519/1409/16
s 263
f 520/1410/6 519/1411/6 517/1412/6 521/1413/6
s 264
f 522/1414/2 518/1415/2 519/1416/2 520/1417/2
s 265
f 523/1418/5 516/1419/5 518/1420/5 522/1421/5
s 266
f 521/1422/4 517/1423/4 516/1424/4 523/1425/4
s 267
f 523/1426/1 524/1427/1 521/1428/1
f 525/1429/1 524/1427/1 523/1426/1
f 525/1429/1 522/1430/1 531/1431/1
f 522/1430/1 525/1429/1 523/1426/1
f 531/1431/1 522/1430/1 529/1432/1
f 522/1430/1 520/1433/1 529/1432/1
f 521/1428/1 529/1432/1 520/1433/1
f 529/1432/1 521/1428/1 524/1427/1
s 268
f 526/1434/10 524/1435/10 525/1436/10 527/1437/10
s 269
f 528/1438/16 529/1432/16 524/1435/16 526/1434/16
s 270
f 528/1438/15 530/1439/15 531/1431/15 529/1432/15
s 271
f 482/1440/2 530/1441/2 528/1442/2 483/1443/2
s 272
f 530/1444/5 482/1445/5 485/1446/5 527/1447/5
s 273
f 527/1448/4 485/1449/4 486/1450/4 526/1451/4
s 274
f 526/1452/6 486/1453/6 483/1454/6 528/1455/6
s 275
f 477/1338/18 479/1347/18 483/1346/18 486/1349/18
s 276
f 530/1439/75 527/1437/75 525/1436/75 531/1431/75
s 277
f 505/1456/2 501/1457/2 500/1458/2 507/1459/2
s 278
f 495/1372/20 493/1369/20 489/1368/20 488/1373/20
s 386
f 983/1460/2 984/1461/2 985/1462/2 986/1463/2
s 387
f 987/1464/6 988/1465/6 984/1466/6 983/1467/6
s 388
f 989/1468/4 990/1469/4 988/1470/4 987/1471/4
s 389
f 986/1472/5 985/1473/5 990/1474/5 989/1475/5
s 390
f 990/1476/20 985/1477/20 991/1478/20 992/1479/20
s 391
f 991/1478/22 985/1477/22 984/1480/22 993/1481/22
s 392
f 993/1481/33 984/1480/33 988/1482/33 994/1483/33
s 393
f 988/1482/8 990/1476/8 992/1479/8 994/1483/8
s 394
f 995/1484/3 994/1483/3 992/1485/3
f 996/1486/3 994/1483/3 995/1484/3
f 994/1483/3 996/1486/3 993/1481/3
f 997/1487/3 993/1481/3 996/1486/3
f 993/1481/3 997/1487/3 998/1488/3
f 995/1484/3 992/1485/3 998/1488/3
f 991/1478/3 998/1488/3 992/1485/3
f 993/1481/3 998/1488/3 991/1478/3
s 395
f 998/1489/8 997/1487/8 999/1490/8 1000/1491/8
s 396
f 999/1490/20 997/1487/20 996/1486/20 1001/1492/20
s 397
f 996/1486/19 995/1493/19 1002/1494/19 1001/1492/19
s 398
f 995/1493/32 998/1489/32 1000/1491/32 1002/1494/32
s 399
f 1003/1495/6 1002/1496/6 1000/1497/6 1004/1498/6
s 400
f 1005/1499/2 1001/1500/2 1002/1501/2 1003/1502/2
s 401
f 1001/1503/5 1005/1504/5 1006/1505/5 999/1506/5
s 402
f 1006/1507/17 1005/1508/17 1007/1509/17 1008/1510/17
s 403
f 1005/1508/15 1003/1511/15 1009/1512/15 1007/1509/15
s 404
f 1009/1512/16 1003/1511/16 1004/1513/16 1010/1514/16
s 405
f 1004/1513/10 1006/1507/10 1008/1510/10 1010/1514/10
s 406
f 999/1515/4 1006/1516/4 1004/1517/4 1000/1518/4
s 407
f 1008/1510/1 1011/1519/1 1010/1514/1
f 1011/1519/1 1008/1510/1 1012/1520/1
f 1007/1509/1 1012/1520/1 1008/1510/1
f 1012/1520/1 1007/1509/1 1009/1512/1
f 1012/1520/1 1009/1512/1 1013/1521/1
f 1013/1521/1 1009/1512/1 1014/1522/1
f 1010/1514/1 1014/1522/1 1009/1512/1
f 1010/1514/1 1011/1519/1 1014/1522/1
s 408
f 1015/1523/15 1016/1524/15 1014/1522/15 1011/1519/15
s 409
f 1017/1525/2 1016/1526/2 1015/1527/2 1018/1528/2
s 410
f 1019/1529/5 1020/1530/5 1016/1531/5 1017/1532/5
s 411
f 1021/1533/4 1022/1534/4 1020/1535/4 1019/1536/4
s 412
f 1018/1537/6 1015/1538/6 1022/1539/6 1021/1540/6
s 413
f 1022/1541/16 1015/1523/16 1011/1519/16 1012/1520/16
s 414
f 1013/1521/10 1020/1542/10 1022/1541/10 1012/1520/10
s 415
f 1014/1522/17 1016/1524/17 1020/1542/17 1013/1521/17
s 416
f 1021/1543/1 1023/1544/1 1018/1545/1
f 1023/1544/1 1021/1543/1 1019/1546/1
f 1023/1544/1 1019/1546/1 1024/1547/1
f 1024/1547/1 1019/1546/1 1025/1548/1
f 1017/1549/1 1025/1548/1 1019/1546/1
f 1017/1549/1 1026/1550/1 1025/1548/1
f 1018/1545/1 1026/1550/1 1017/1549/1
f 1026/1550/1 1018/1545/1 1023/1544/1
s 417
f 1027/1551/16 1028/1552/16 1026/1553/16 1023/1554/16
s 418
f 1029/1555/6 1028/1556/6 1027/1557/6 1030/1558/6
s 419
f 1028/1559/2 1029/1560/2 1031/1561/2 1032/1562/2
s 420
f 1033/1563/62 1034/1564/62 1031/1565/62 1029/1566/62
s 421
f 1033/1563/3 986/1567/3 1034/1564/3
f 1033/1563/3 983/1568/3 986/1567/3
f 983/1568/3 1033/1563/3 987/1569/3
f 1035/1570/3 987/1569/3 1033/1563/3
f 987/1569/3 1035/1570/3 989/1571/3
f 989/1571/3 1035/1570/3 1036/1572/3
f 1034/1564/3 986/1567/3 1036/1572/3
f 989/1571/3 1036/1572/3 986/1567/3
s 422
f 1037/1573/8 1036/1574/8 1035/1575/8 1030/1576/8
s 423
f 1034/1564/20 1036/1574/20 1037/1573/20 1031/1565/20
s 424
f 1032/1577/5 1031/1578/5 1037/1579/5 1038/1580/5
s 425
f 1030/1581/4 1027/1582/4 1038/1583/4 1037/1584/4
s 426
f 1038/1585/10 1027/1551/10 1023/1554/10 1024/1547/10
s 427
f 1025/1548/17 1032/1586/17 1038/1585/17 1024/1547/17
s 428
f 1026/1553/84 1028/1552/84 1032/1586/84 1025/1548/84
s 429
f 1030/1576/18 1035/1575/18 1033/1563/18 1029/1566/18
s 430
f 1039/1587/4 1040/1588/4 1041/1589/4
f 1040/1588/4 1039/1587/4 1042/1590/4
f 1043/1591/4 1042/1590/4 1039/1587/4
f 1044/1592/4 1042/1590/4 1043/1591/4
f 1047/1593/4 1050/1594/4 1040/1588/4
f 1044/1592/4 1050/1594/4 1047/1593/4
f 1050/1594/4 1044/1592/4 1043/1591/4
f 1050/1594/4 1041/1589/4 1040/1588/4
s 431
f 1044/1592/67 1045/1595/67 1046/1596/67 1042/1597/67
s 432
f 1047/1593/9 1048/1598/9 1045/1595/9 1044/1592/9
s 433
f 1047/1593/65 1040/1588/65 1049/1599/65 1048/1598/65
s 434
f 1043/1600/5 1051/1601/5 1052/1602/5 1050/1603/5
s 435
f 1039/1604/3 1053/1605/3 1051/1606/3 1043/1607/3
s 436
f 1041/1608/6 1054/1609/6 1053/1610/6 1039/1611/6
s 437
f 1050/1612/1 1052/1613/1 1054/1614/1 1041/1615/1
s 438
f 1055/1616/66 1054/1617/66 1052/1618/66 1056/1619/66
s 439
f 1057/1620/7 1053/1621/7 1054/1617/7 1055/1616/7
s 440
f 1057/1620/67 1058/1622/67 1051/1623/67 1053/1621/67
s 441
f 1058/1622/4 1057/1620/4 1059/1624/4
f 1059/1624/4 1057/1620/4 1060/1625/4
f 1055/1616/4 1060/1625/4 1057/1620/4
f 1060/1625/4 1055/1616/4 1061/1626/4
f 1062/1627/4 1061/1626/4 1055/1616/4
f 1062/1627/4 1058/1622/4 1059/1624/4
f 1058/1622/4 1062/1627/4 1056/1619/4
f 1056/1619/4 1062/1627/4 1055/1616/4
s 442
f 1061/1626/64 1062/1627/64 1063/1628/64 1064/1629/64
s 443
f 1059/1624/41 1065/1630/41 1063/1628/41 1062/1627/41
s 444
f 1059/1624/68 1060/1625/68 1066/1631/68 1065/1630/68
s 445
f 1060/1625/9 1061/1626/9 1064/1629/9 1066/1631/9
s 446
f 1067/1632/5 1066/1633/5 1064/1634/5 1068/1635/5
s 447
f 1069/1636/1 1065/1637/1 1066/1638/1 1067/1639/1
s 448
f 1065/1640/6 1069/1641/6 1070/1642/6 1063/1643/6
s 449
f 1071/1644/85 1072/1645/85 1070/1646/85 1069/1647/85
s 450
f 1071/1644/2 1073/1648/2 1072/1645/2
f 1073/1648/2 1071/1644/2 1074/1649/2
f 1074/1649/2 1071/1644/2 1075/1650/2
f 1071/1644/2 1076/1651/2 1075/1650/2
f 1072/1645/2 1078/1652/2 1077/1653/2
f 1073/1648/2 1078/1652/2 1072/1645/2
f 1075/1650/2 1077/1653/2 1078/1652/2
f 1077/1653/2 1075/1650/2 1076/1651/2
s 451
f 1076/1651/70 1071/1644/70 1069/1647/70 1067/1654/70
s 452
f 1076/1651/57 1067/1654/57 1068/1655/57 1077/1653/57
s 453
f 1072/1645/71 1077/1653/71 1068/1655/71 1070/1646/71
s 454
f 1078/1652/72 1073/1648/72 1079/1656/72 1080/1657/72
s 455
f 1074/1649/86 1081/1658/86 1079/1656/86 1073/1648/86
s 456
f 1075/1650/87 1082/1659/87 1081/1658/87 1074/1649/87
s 457
f 1075/1650/12 1078/1652/12 1080/1657/12 1082/1659/12
s 458
f 1083/1660/6 1082/1661/6 1080/1662/6 1084/1663/6
s 459
f 1085/1664/3 1081/1665/3 1082/1666/3 1083/1667/3
s 460
f 1086/1668/5 1079/1669/5 1081/1670/5 1085/1671/5
s 461
f 1084/1672/1 1080/1673/1 1079/1674/1 1086/1675/1
s 462
f 1086/1676/2 1087/1677/2 1084/1678/2
f 1088/1679/2 1087/1677/2 1086/1676/2
f 1088/1679/2 1085/1680/2 1094/1681/2
f 1085/1680/2 1088/1679/2 1086/1676/2
f 1094/1681/2 1085/1680/2 1092/1682/2
f 1085/1680/2 1083/1683/2 1092/1682/2
f 1084/1678/2 1092/1682/2 1083/1683/2
f 1092/1682/2 1084/1678/2 1087/1677/2
s 463
f 1089/1684/70 1087/1685/70 1088/1686/70 1090/1687/70
s 464
f 1091/1688/12 1092/1682/12 1087/1685/12 1089/1684/12
s 465
f 1091/1688/88 1093/1689/88 1094/1681/88 1092/1682/88
s 466
f 1045/1690/3 1093/1691/3 1091/1692/3 1046/1693/3
s 467
f 1093/1694/5 1045/1695/5 1048/1696/5 1090/1697/5
s 468
f 1090/1698/1 1048/1699/1 1049/1700/1 1089/1701/1
s 469
f 1089/1702/6 1049/1703/6 1046/1704/6 1091/1705/6
s 470
f 1040/1588/89 1042/1597/89 1046/1596/89 1049/1599/89
s 471
f 1093/1689/27 1090/1687/27 1088/1686/27 1094/1681/27
s 472
f 1068/1706/3 1064/1707/3 1063/1708/3 1070/1709/3
s 473
f 1058/1622/9 1056/1619/9 1052/1618/9 1051/1623/9
s 873
f 1676/1710/1 1677/1711/1 1678/1712/1
f 1677/1711/1 1676/1710/1 1679/1713/1
f 1729/1714/1 1678/1712/1 1677/1711/1
f 1678/1712/1 1729/1714/1 1683/1715/1
f 1683/1715/1 1729/1714/1 1730/1716/1
f 1683/1715/1 1730/1716/1 1679/1713/1
f 1731/1717/1 1679/1713/1 1730/1716/1
f 1677/1711/1 1679/1713/1 1731/1717/1
s 874
f 1676/1718/4 1680/1719/4 1681/1720/4 1679/1721/4
s 875
f 1678/1722/6 1682/1723/6 1680/1724/6 1676/1725/6
s 876
f 1683/1726/2 1684/1727/2 1682/1728/2 1678/1729/2
s 877
f 1679/1730/5 1681/1731/5 1684/1732/5 1683/1733/5
s 878
f 1684/1734/17 1681/1735/17 1685/1736/17 1686/1737/17
s 879
f 1685/1736/10 1681/1735/10 1680/1738/10 1687/1739/10
s 880
f 1687/1739/16 1680/1738/16 1682/1740/16 1688/1741/16
s 881
f 1682/1740/90 1684/1734/90 1686/1737/90 1688/1741/90
s 882
f 1689/1742/1 1688/1741/1 1686/1737/1
f 1690/1743/1 1688/1741/1 1689/1742/1
f 1688/1741/1 1690/1743/1 1687/1739/1
f 1691/1744/1 1687/1739/1 1690/1743/1
f 1687/1739/1 1691/1744/1 1692/1745/1
f 1689/1742/1 1686/1737/1 1692/1745/1
f 1685/1736/1 1692/1745/1 1686/1737/1
f 1687/1739/1 1692/1745/1 1685/1736/1
s 883
f 1693/1746/15 1694/1747/15 1692/1745/15 1691/1744/15
s 884
f 1695/1748/2 1694/1749/2 1693/1750/2 1696/1751/2
s 885
f 1694/1752/6 1695/1753/6 1697/1754/6 1698/1755/6
s 886
f 1697/1756/32 1695/1757/32 1699/1758/32 1700/1759/32
s 887
f 1695/1757/19 1696/1760/19 1701/1761/19 1699/1758/19
s 888
f 1701/1761/20 1696/1760/20 1702/1762/20 1703/1763/20
s 889
f 1696/1764/5 1693/1765/5 1704/1766/5 1702/1767/5
s 890
f 1704/1768/17 1693/1746/17 1691/1744/17 1690/1743/17
s 891
f 1698/1769/10 1704/1768/10 1690/1743/10 1689/1742/10
s 892
f 1702/1770/4 1704/1771/4 1698/1772/4 1697/1773/4
s 893
f 1702/1762/34 1697/1756/34 1700/1759/34 1703/1763/34
s 894
f 1705/1774/3 1703/1763/3 1700/1759/3
f 1703/1763/3 1705/1774/3 1701/1761/3
f 1706/1775/3 1701/1761/3 1705/1774/3
f 1701/1761/3 1706/1775/3 1699/1758/3
f 1699/1758/3 1706/1775/3 1707/1776/3
f 1716/1777/3 1700/1759/3 1707/1776/3
f 1705/1774/3 1700/1759/3 1716/1777/3
f 1699/1758/3 1707/1776/3 1700/1759/3
s 895
f 1708/1778/8 1709/1779/8 1707/1776/8 1706/1775/8
s 896
f 1710/1780/4 1709/1781/4 1708/1782/4 1711/1783/4
s 897
f 1712/1784/5 1713/1785/5 1709/1786/5 1710/1787/5
s 898
f 1714/1788/2 1715/1789/2 1713/1790/2 1712/1791/2
s 899
f 1711/1792/6 1708/1793/6 1715/1794/6 1714/1795/6
s 900
f 1715/1796/18 1708/1778/18 1706/1775/18 1705/1774/18
s 901
f 1716/1777/22 1713/1797/22 1715/1796/22 1705/1774/22
s 902
f 1707/1776/20 1709/1779/20 1713/1797/20 1716/1777/20
s 903
f 1714/1798/3 1717/1799/3 1711/1800/3
f 1717/1799/3 1714/1798/3 1712/1801/3
f 1717/1799/3 1712/1801/3 1718/1802/3
f 1718/1802/3 1712/1801/3 1719/1803/3
f 1710/1804/3 1719/1803/3 1712/1801/3
f 1710/1804/3 1720/1805/3 1719/1803/3
f 1711/1800/3 1720/1805/3 1710/1804/3
f 1720/1805/3 1711/1800/3 1717/1799/3
s 904
f 1721/1806/18 1720/1807/18 1717/1799/18 1722/1808/18
s 905
f 1723/1809/8 1719/1810/8 1720/1807/8 1721/1806/8
s 906
f 1718/1802/20 1719/1810/20 1723/1809/20 1724/1811/20
s 907
f 1723/1812/5 1725/1813/5 1726/1814/5 1724/1815/5
s 908
f 1721/1816/4 1727/1817/4 1725/1818/4 1723/1819/4
s 909
f 1722/1820/6 1728/1821/6 1727/1822/6 1721/1823/6
s 910
f 1728/1824/2 1722/1825/2 1724/1826/2 1726/1827/2
s 911
f 1717/1799/22 1718/1802/22 1724/1811/22 1722/1808/22
s 912
f 1729/1828/74 1728/1829/74 1726/1830/74 1730/1716/74
s 913
f 1727/1831/16 1728/1829/16 1729/1828/16 1677/1711/16
s 914
f 1725/1832/10 1727/1831/10 1677/1711/10 1731/1717/10
s 915
f 1730/1716/91 1726/1830/91 1725/1832/91 1731/1717/91
s 916
f 1692/1745/42 1694/1747/42 1698/1769/42 1689/1742/42
usemtl FrontColor.006
s 145
f 203/1833/2 204/1834/2 205/1835/2 206/1836/2
s 233
f 470/1837/4 471/1838/4 472/1839/4 473/1840/4
s 234
f 471/1841/1 474/1842/1 475/1843/1 472/1844/1
s 291
f 691/1845/1 692/1846/1 693/1847/1 694/1848/1 695/1849/1 696/1850/1
s 852
f 1641/1851/3 1642/1852/3 1643/1853/3 1644/1854/3 1645/1855/3 1646/1856/3
usemtl FrontColor.001
s 157
f 225/1857/5 226/1858/5 227/1859/5 228/1860/5 229/1861/5 230/1862/5 231/1863/5 232/1864/5 233/1865/5 234/1866/5 235/1867/5 236/1868/5 237/1869/5 238/1870/5 239/1871/5 240/1872/5 241/1873/5 242/1874/5 243/1875/5 244/1876/5 245/1877/5 246/1878/5 247/1879/5 248/1880/5
s 158
f 225/1881/4 249/1882/92 250/1883/93 226/1884/94
f 248/1885/95 251/1886/96 249/1882/92 225/1881/4
f 247/1887/97 252/1888/98 251/1886/96 248/1885/95
f 246/1889/10 253/1890/99 252/1888/98 247/1887/97
f 245/1891/100 254/1892/101 253/1893/99 246/1894/10
f 244/1895/102 255/1896/103 254/1892/101 245/1891/100
f 243/1897/1 256/1898/104 255/1896/103 244/1895/102
f 242/1899/105 257/1900/106 256/1898/104 243/1897/1
f 241/1901/107 258/1902/108 257/1900/106 242/1899/105
f 240/1903/15 259/1904/109 258/1902/108 241/1901/107
f 239/1905/110 260/1906/111 259/1907/109 240/1908/15
f 238/1909/112 261/1910/113 260/1906/111 239/1905/110
f 237/1911/2 262/1912/114 261/1910/113 238/1909/112
f 236/1913/115 263/1914/116 262/1912/114 237/1911/2
f 235/1915/117 264/1916/118 263/1914/116 236/1913/115
f 234/1917/22 265/1918/119 264/1916/118 235/1915/117
f 233/1919/120 266/1920/121 265/1921/119 234/1922/22
f 232/1923/122 267/1924/123 266/1920/121 233/1919/120
f 231/1925/3 268/1926/124 267/1924/123 232/1923/122
f 230/1927/125 269/1928/126 268/1926/124 231/1925/3
f 229/1929/127 270/1930/128 269/1928/126 230/1927/125
f 228/1931/8 271/1932/129 270/1930/128 229/1929/127
f 227/1933/130 272/1934/131 271/1935/129 228/1936/8
f 226/1884/94 250/1883/93 272/1934/131 227/1933/130
f 272/1937/131 250/1938/93 273/1939/132
f 273/1939/132 250/1938/93 249/1940/92 274/1941/133
f 274/1941/133 249/1942/92 251/1943/96 275/1944/134
f 275/1945/134 251/1943/96 252/1946/98 276/1947/135
f 253/1948/99 276/1947/135 252/1949/98
f 253/1948/99 277/1950/136 276/1947/135
f 254/1951/101 277/1950/136 253/1948/99
f 254/1951/101 278/1952/137 277/1950/136
f 254/1951/101 279/1953/138 278/1952/137
f 254/1951/101 255/1954/103 279/1953/138
f 255/1954/103 280/1955/139 279/1953/138
f 255/1954/103 256/1956/104 280/1955/139
f 256/1956/104 281/1957/140 280/1955/139
f 256/1956/104 257/1958/106 281/1957/140
f 258/1959/108 281/1957/140 257/1958/106
f 258/1959/108 282/1960/141 281/1957/140
f 259/1961/109 282/1960/141 258/1959/108
f 259/1961/109 283/1962/142 282/1960/141
f 259/1961/109 284/1963/143 283/1962/142
f 259/1961/109 260/1964/111 284/1963/143
f 260/1964/111 285/1965/144 284/1963/143
f 260/1964/111 261/1966/113 285/1965/144
f 262/1967/114 285/1965/144 261/1966/113
f 262/1967/114 286/1968/145 285/1965/144
f 263/1969/116 286/1968/145 262/1967/114
f 263/1969/116 287/1970/146 286/1968/145
f 264/1971/118 287/1970/146 263/1969/116
f 264/1971/118 288/1972/147 287/1970/146
f 264/1971/118 289/1973/148 288/1972/147
f 264/1971/118 265/1974/119 289/1973/148
f 265/1974/119 290/1975/149 289/1973/148
f 265/1974/119 266/1976/121 290/1975/149
f 267/1977/123 290/1975/149 266/1976/121
f 267/1977/123 291/1978/150 290/1975/149
f 268/1979/124 291/1978/150 267/1977/123
f 268/1979/124 292/1980/151 291/1978/150
f 268/1981/124 269/1982/126 293/1983/152 292/1984/151
f 270/1985/128 293/1986/152 269/1987/126
f 270/1985/128 294/1988/153 293/1986/152
f 270/1985/128 295/1989/154 294/1988/153
f 270/1985/128 271/1990/129 295/1989/154
f 272/1937/131 295/1989/154 271/1990/129
f 272/1937/131 296/1991/155 295/1989/154
f 272/1937/131 273/1939/132 296/1991/155
f 273/1939/132 297/1992/156 296/1991/155
f 273/1939/132 298/1993/157 297/1992/156
f 274/1941/133 298/1993/157 273/1939/132
f 299/1994/158 298/1993/157 274/1941/133
f 300/1995/159 298/1993/157 299/1994/158
f 300/1995/159 301/1996/160 298/1993/157
f 301/1996/160 300/1995/159 302/1997/161
f 300/1998/159 303/1999/162 304/2000/163 302/2001/161
f 299/2002/158 305/2003/164 303/1999/162 300/2004/159
f 306/2005/165 305/2003/164 299/1994/158
f 307/2006/166 305/2007/164 306/2008/165 308/2009/22
f 309/2010/167 303/2011/162 305/2007/164 307/2006/166
f 310/2012/2 304/2013/163 303/2011/162 309/2010/167
f 311/2014/168 312/2015/169 304/2013/163 310/2012/2
f 313/2016/170 314/2017/171 312/2015/169 311/2014/168
f 315/2018/15 316/2019/172 314/2017/171 313/2016/170
f 317/2020/173 318/2021/174 316/2022/172 315/2023/15
f 319/2024/175 320/2025/176 318/2021/174 317/2020/173
f 321/2026/1 322/2027/177 320/2025/176 319/2024/175
f 323/2028/178 324/2029/179 322/2027/177 321/2026/1
f 325/2030/180 326/2031/181 324/2029/179 323/2028/178
f 327/2032/10 328/2033/182 326/2031/181 325/2030/180
f 329/2034/183 330/2035/184 328/2036/182 327/2037/10
f 331/2038/185 332/2039/186 330/2035/184 329/2034/183
f 333/2040/4 334/2041/92 332/2039/186 331/2038/185
f 335/2042/187 336/2043/188 334/2041/92 333/2040/4
f 337/2044/189 338/2045/190 336/2043/188 335/2042/187
f 339/2046/8 340/2047/191 338/2045/190 337/2044/189
f 341/2048/192 342/2049/193 340/2050/191 339/2051/8
f 343/2052/194 344/2053/195 342/2049/193 341/2048/192
f 345/2054/3 346/2055/196 344/2053/195 343/2052/194
f 347/2056/197 348/2057/198 346/2055/196 345/2054/3
f 349/2058/199 350/2059/200 348/2057/198 347/2056/197
f 308/2060/22 306/2061/165 350/2059/200 349/2058/199
f 350/2062/200 306/2005/165 351/2063/201
f 306/2005/165 299/1994/158 351/2063/201
f 299/1994/158 275/1945/134 351/2063/201
f 275/1945/134 299/1994/158 274/1941/133
f 351/2063/201 275/1945/134 276/1947/135
f 351/2063/201 276/1947/135 277/1950/136
f 351/2063/201 277/1950/136 352/2064/202
f 352/2064/202 277/1950/136 278/1952/137
f 352/2064/202 278/1952/137 353/2065/203
f 353/2065/203 278/1952/137 279/1953/138
f 353/2065/203 279/1953/138 354/2066/204
f 354/2066/204 279/1953/138 280/2067/139
f 354/2066/204 280/2067/139 281/1957/140
f 354/2066/204 281/1957/140 355/2068/205
f 355/2068/205 281/1957/140 282/1960/141
f 355/2068/205 282/1960/141 356/2069/206
f 356/2069/206 282/1960/141 283/1962/142
f 356/2069/206 283/1962/142 357/2070/207
f 357/2070/207 283/1962/142 284/1963/143
f 357/2070/207 284/1963/143 358/2071/208
f 358/2071/208 284/1963/143 285/1965/144
f 358/2071/208 285/1965/144 286/1968/145
f 358/2071/208 286/1968/145 359/2072/209
f 287/1970/146 359/2072/209 286/1968/145
f 288/1972/147 359/2072/209 287/1970/146
f 288/1972/147 360/2073/210 359/2072/209
f 289/1973/148 360/2073/210 288/1972/147
f 289/1973/148 361/2074/211 360/2073/210
f 290/1975/149 361/2074/211 289/1973/148
f 290/1975/149 362/2075/212 361/2074/211
f 291/1978/150 362/2075/212 290/1975/149
f 292/2076/151 362/2075/212 291/1978/150
f 292/2076/151 363/2077/213 362/2075/212
f 293/1986/152 363/2077/213 292/2076/151
f 293/1986/152 364/2078/214 363/2077/213
f 294/1988/153 364/2078/214 293/1986/152
f 294/1988/153 365/2079/215 364/2078/214
f 295/1989/154 365/2079/215 294/1988/153
f 295/1989/154 297/1992/156 365/2079/215
f 296/1991/155 297/1992/156 295/1989/154
f 316/2080/172 365/2081/215 297/2082/156
f 316/2080/172 318/2083/174 365/2081/215
f 318/2083/174 364/2078/214 365/2081/215
f 318/2083/174 320/2084/176 364/2078/214
f 320/2084/176 363/2085/213 364/2078/214
f 320/2084/176 322/2086/177 363/2085/213
f 324/2087/179 363/2085/213 322/2086/177
f 324/2087/179 362/2075/212 363/2085/213
f 326/2088/181 362/2075/212 324/2087/179
f 326/2088/181 361/2074/211 362/2075/212
f 328/2089/182 361/2074/211 326/2088/181
f 328/2089/182 360/2073/210 361/2074/211
f 328/2089/182 330/2090/184 359/2091/209 360/2092/210
f 332/2093/186 359/2072/209 330/2094/184
f 332/2093/186 366/2095/216 359/2072/209
f 332/2093/186 367/2096/217 366/2095/216
f 332/2093/186 334/2097/92 367/2096/217
f 336/2098/188 367/2096/217 334/2097/92
f 336/2098/188 368/2099/218 367/2096/217
f 336/2098/188 358/2071/208 368/2099/218
f 336/2098/188 338/2100/190 358/2071/208
f 338/2100/190 357/2070/207 358/2071/208
f 338/2100/190 340/2101/191 357/2070/207
f 342/2102/193 357/2070/207 340/2101/191
f 342/2102/193 356/2069/206 357/2070/207
f 344/2103/195 356/2069/206 342/2102/193
f 344/2103/195 355/2068/205 356/2069/206
f 344/2103/195 354/2066/204 355/2068/205
f 344/2103/195 346/2104/196 354/2066/204
f 348/2105/198 354/2066/204 346/2104/196
f 348/2105/198 353/2065/203 354/2066/204
f 348/2105/198 352/2106/202 353/2065/203
f 348/2105/198 350/2062/200 352/2106/202
f 350/2062/200 351/2063/201 352/2106/202
f 358/2071/208 366/2095/216 368/2099/218
f 358/2071/208 359/2072/209 366/2095/216
f 368/2099/218 366/2095/216 367/2096/217
f 314/2107/171 316/2080/172 297/2082/156
f 314/2107/171 297/2082/156 298/1993/157
f 314/2107/171 298/1993/157 301/1996/160
f 314/2107/171 301/1996/160 312/2108/169
f 312/2108/169 301/1996/160 302/2001/161
f 312/2108/169 302/2001/161 304/2000/163
s 279
f 532/2109/5 533/2110/5 534/2111/5 535/2112/5 536/2113/5 537/2114/5 538/2115/5 539/2116/5 540/2117/5 541/2118/5 542/2119/5 543/2120/5 544/2121/5 545/2122/5 546/2123/5 547/2124/5 548/2125/5 549/2126/5 550/2127/5 551/2128/5 552/2129/5 553/2130/5 554/2131/5 555/2132/5
s 280
f 532/2133/4 556/2134/219 557/2135/220 533/2136/94
f 555/2137/95 558/2138/221 556/2134/219 532/2133/4
f 554/2139/97 559/2140/222 558/2138/221 555/2137/95
f 553/2141/10 560/2142/223 559/2140/222 554/2139/97
f 552/2143/100 561/2144/224 560/2145/223 553/2146/10
f 551/2147/102 562/2148/225 561/2144/224 552/2143/100
f 550/2149/1 563/2150/226 562/2148/225 551/2147/102
f 549/2151/105 564/2152/227 563/2150/226 550/2149/1
f 548/2153/228 565/2154/229 564/2152/227 549/2151/105
f 547/2155/15 566/2156/230 565/2154/229 548/2153/228
f 546/2157/231 567/2158/232 566/2159/230 547/2160/15
f 545/2161/112 568/2162/233 567/2158/232 546/2157/231
f 544/2163/2 569/2164/163 568/2162/233 545/2161/112
f 543/2165/115 570/2166/234 569/2164/163 544/2163/2
f 542/2167/235 571/2168/164 570/2166/234 543/2165/115
f 541/2169/22 572/2170/236 571/2168/164 542/2167/235
f 540/2171/237 573/2172/238 572/2173/236 541/2174/22
f 539/2175/122 574/2176/239 573/2172/238 540/2171/237
f 538/2177/3 575/2178/240 574/2176/239 539/2175/122
f 537/2179/125 576/2180/241 575/2178/240 538/2177/3
f 536/2181/242 577/2182/243 576/2180/241 537/2179/125
f 535/2183/8 578/2184/244 577/2182/243 536/2181/242
f 534/2185/245 579/2186/246 578/2187/244 535/2188/8
f 533/2136/94 557/2135/220 579/2186/246 534/2185/245
f 557/2189/220 580/2190/247 579/2191/246
f 557/2189/220 581/2192/248 580/2190/247
f 556/2193/219 581/2192/248 557/2189/220
f 556/2193/219 582/2194/249 581/2192/248
f 556/2193/219 558/2195/221 583/2196/250 582/2194/249
f 558/2197/221 559/2198/222 584/2199/251 583/2200/250
f 559/2201/222 585/2202/252 584/2203/251
f 559/2201/222 560/2204/223 585/2202/252
f 560/2204/223 586/2205/253 585/2202/252
f 560/2204/223 561/2206/224 586/2205/253
f 562/2207/225 586/2205/253 561/2206/224
f 562/2207/225 587/2208/254 586/2205/253
f 563/2209/226 587/2208/254 562/2207/225
f 563/2209/226 588/2210/255 587/2208/254
f 563/2209/226 589/2211/256 588/2210/255
f 563/2209/226 564/2212/227 589/2211/256
f 564/2212/227 590/2213/257 589/2211/256
f 564/2212/227 565/2214/229 590/2213/257
f 566/2215/230 590/2213/257 565/2214/229
f 566/2215/230 591/2216/258 590/2213/257
f 567/2217/232 591/2216/258 566/2215/230
f 567/2217/232 592/2218/157 591/2216/258
f 567/2217/232 593/2219/259 592/2218/157
f 567/2217/232 568/2220/233 593/2219/259
f 593/2219/259 568/2220/233 569/2221/163 594/2222/260
f 594/2222/260 569/2221/163 570/2223/234 595/2224/159
f 595/2224/159 570/2225/234 571/2226/164 596/2227/261
f 596/2228/261 571/2229/164 572/2230/236 597/2231/262
f 572/2232/236 598/2233/263 597/2234/262
f 572/2232/236 573/2235/238 598/2233/263
f 573/2235/238 599/2236/264 598/2233/263
f 573/2235/238 574/2237/239 599/2236/264
f 575/2238/240 599/2236/264 574/2237/239
f 575/2238/240 600/2239/265 599/2236/264
f 575/2238/240 601/2240/266 600/2239/265
f 575/2238/240 576/2241/241 601/2240/266
f 577/2242/243 601/2240/266 576/2241/241
f 577/2242/243 602/2243/267 601/2240/266
f 578/2244/244 602/2243/267 577/2242/243
f 578/2244/244 603/2245/268 602/2243/267
f 579/2191/246 603/2245/268 578/2244/244
f 579/2191/246 580/2190/247 603/2245/268
f 580/2190/247 604/2246/269 603/2245/268
f 581/2192/248 604/2246/269 580/2190/247
f 581/2192/248 605/2247/270 604/2246/269
f 582/2194/249 605/2247/270 581/2192/248
f 606/2248/261 605/2247/270 582/2194/249
f 607/2249/271 605/2247/270 606/2248/261
f 607/2249/271 608/2250/272 605/2247/270
f 608/2250/272 607/2249/271 609/2251/273
f 610/2252/274 609/2251/273 607/2249/271
f 610/2252/274 611/2253/275 609/2251/273
f 612/2254/2 611/2255/275 610/2256/274 613/2257/276
f 614/2258/277 615/2259/278 611/2255/275 612/2254/2
f 616/2260/110 617/2261/279 615/2259/278 614/2258/277
f 618/2262/29 619/2263/280 617/2261/279 616/2260/110
f 620/2264/173 621/2265/281 619/2266/280 618/2267/29
f 622/2268/175 623/2269/282 621/2265/281 620/2264/173
f 624/2270/1 625/2271/283 623/2269/282 622/2268/175
f 626/2272/178 627/2273/284 625/2271/283 624/2270/1
f 628/2274/180 629/2275/285 627/2273/284 626/2272/178
f 630/2276/10 631/2277/286 629/2275/285 628/2274/180
f 632/2278/183 633/2279/287 631/2280/286 630/2281/10
f 634/2282/185 635/2283/288 633/2279/287 632/2278/183
f 636/2284/4 637/2285/92 635/2283/288 634/2282/185
f 638/2286/187 639/2287/289 637/2285/92 636/2284/4
f 640/2288/189 641/2289/290 639/2287/289 638/2286/187
f 642/2290/8 643/2291/291 641/2289/290 640/2288/189
f 644/2292/192 645/2293/292 643/2294/291 642/2295/8
f 646/2296/194 647/2297/293 645/2293/292 644/2292/192
f 648/2298/3 649/2299/196 647/2297/293 646/2296/194
f 650/2300/197 651/2301/294 649/2299/196 648/2298/3
f 652/2302/199 653/2303/295 651/2301/294 650/2300/197
f 654/2304/21 655/2305/296 653/2303/295 652/2302/199
f 656/2306/235 657/2307/297 655/2308/296 654/2309/21
f 613/2257/276 610/2256/274 657/2307/297 656/2306/235
f 606/2248/261 657/2310/297 610/2252/274 607/2311/271
f 657/2312/297 606/2248/261 658/2313/298
f 606/2248/261 583/2196/250 658/2313/298
f 583/2196/250 606/2248/261 582/2194/249
f 658/2313/298 583/2196/250 584/2203/251
f 658/2313/298 584/2203/251 585/2202/252
f 658/2313/298 585/2202/252 659/2314/299
f 659/2314/299 585/2202/252 586/2205/253
f 659/2314/299 586/2205/253 660/2315/300
f 660/2315/300 586/2205/253 587/2208/254
f 660/2315/300 587/2208/254 661/2316/301
f 661/2316/301 587/2208/254 588/2210/255
f 661/2316/301 588/2210/255 589/2211/256
f 661/2316/301 589/2211/256 662/2317/302
f 662/2317/302 589/2211/256 590/2213/257
f 662/2317/302 590/2213/257 663/2318/153
f 663/2318/153 590/2213/257 591/2216/258
f 663/2318/153 591/2216/258 664/2319/303
f 664/2319/303 591/2216/258 592/2218/157
f 664/2319/303 592/2218/157 665/2320/304
f 665/2320/304 592/2218/157 593/2219/259
f 665/2320/304 593/2219/259 594/2222/260
f 665/2320/304 594/2222/260 666/2321/305
f 595/2224/159 666/2321/305 594/2222/260
f 596/2227/261 666/2321/305 595/2224/159
f 596/2227/261 667/2322/306 666/2321/305
f 597/2234/262 667/2322/306 596/2227/261
f 597/2234/262 668/2323/307 667/2322/306
f 598/2233/263 668/2323/307 597/2234/262
f 598/2233/263 669/2324/308 668/2323/307
f 599/2236/264 669/2324/308 598/2233/263
f 600/2239/265 669/2324/308 599/2236/264
f 600/2239/265 670/2325/309 669/2324/308
f 601/2240/266 670/2325/309 600/2239/265
f 601/2240/266 671/2326/310 670/2325/309
f 602/2243/267 671/2326/310 601/2240/266
f 602/2243/267 672/2327/311 671/2326/310
f 603/2245/268 672/2327/311 602/2243/267
f 603/2245/268 604/2246/269 672/2327/311
f 619/2328/280 672/2329/311 604/2246/269
f 619/2328/280 621/2330/281 672/2329/311
f 623/2331/282 672/2329/311 621/2330/281
f 623/2331/282 671/2326/310 672/2329/311
f 625/2332/283 671/2326/310 623/2331/282
f 625/2332/283 670/2325/309 671/2326/310
f 627/2333/284 670/2325/309 625/2332/283
f 627/2333/284 669/2324/308 670/2325/309
f 627/2333/284 668/2323/307 669/2324/308
f 627/2333/284 629/2334/285 668/2323/307
f 629/2334/285 667/2322/306 668/2323/307
f 629/2334/285 631/2335/286 667/2322/306
f 631/2335/286 666/2321/305 667/2322/306
f 631/2335/286 633/2336/287 666/2321/305
f 666/2321/305 633/2336/287 635/2337/288 673/2338/134
f 673/2338/134 635/2339/288 637/2340/92 674/2341/312
f 639/2342/289 674/2341/312 637/2340/92
f 639/2342/289 675/2343/313 674/2341/312
f 641/2344/290 675/2343/313 639/2342/289
f 641/2344/290 665/2320/304 675/2343/313
f 643/2345/291 665/2320/304 641/2344/290
f 643/2345/291 664/2319/303 665/2320/304
f 645/2346/292 664/2319/303 643/2345/291
f 645/2346/292 663/2318/153 664/2319/303
f 645/2346/292 662/2317/302 663/2318/153
f 645/2346/292 647/2347/293 662/2317/302
f 647/2347/293 661/2316/301 662/2317/302
f 647/2347/293 649/2348/196 661/2316/301
f 661/2316/301 649/2348/196 651/2349/294 660/2350/300
f 653/2351/295 660/2315/300 651/2349/294
f 653/2351/295 659/2352/299 660/2315/300
f 653/2353/295 655/2354/296 658/2355/298 659/2356/299
f 657/2312/297 658/2313/298 655/2357/296
f 665/2320/304 673/2338/134 675/2358/313
f 665/2320/304 666/2321/305 673/2338/134
f 675/2358/313 673/2338/134 674/2341/312
f 619/2328/280 604/2246/269 605/2247/270
f 619/2328/280 605/2247/270 617/2359/279
f 617/2359/279 605/2247/270 608/2250/272
f 617/2359/279 608/2250/272 615/2360/278
f 615/2360/278 608/2250/272 609/2251/273
f 615/2360/278 609/2251/273 611/2253/275
s 345
f 784/2361/5 785/2362/5 786/2363/5 787/2364/5 788/2365/5 789/2366/5 790/2367/5 791/2368/5 792/2369/5 793/2370/5 794/2371/5 795/2372/5 796/2373/5 797/2374/5 798/2375/5 799/2376/5 800/2377/5 801/2378/5 802/2379/5 803/2380/5 804/2381/5 805/2382/5 806/2383/5 807/2384/5
s 346
f 784/2385/4 808/2386/314 809/2387/315 785/2388/94
f 807/2389/95 810/2390/316 808/2386/314 784/2385/4
f 806/2391/317 811/2392/318 810/2390/316 807/2389/95
f 805/2393/10 812/2394/319 811/2392/318 806/2391/317
f 804/2395/320 813/2396/321 812/2397/319 805/2398/10
f 803/2399/102 814/2400/322 813/2396/321 804/2395/320
f 802/2401/1 815/2402/323 814/2400/322 803/2399/102
f 801/2403/105 816/2404/106 815/2402/323 802/2401/1
f 800/2405/107 817/2406/324 816/2404/106 801/2403/105
f 799/2407/15 818/2408/325 817/2406/324 800/2405/107
f 798/2409/110 819/2410/326 818/2411/325 799/2412/15
f 797/2413/112 820/2414/327 819/2410/326 798/2409/110
f 796/2415/2 821/2416/163 820/2414/327 797/2413/112
f 795/2417/115 822/2418/328 821/2416/163 796/2415/2
f 794/2419/117 823/2420/329 822/2418/328 795/2417/115
f 793/2421/22 824/2422/119 823/2420/329 794/2419/117
f 792/2423/120 825/2424/121 824/2425/119 793/2426/22
f 791/2427/122 826/2428/123 825/2424/121 792/2423/120
f 790/2429/3 827/2430/330 826/2428/123 791/2427/122
f 789/2431/125 828/2432/331 827/2430/330 790/2429/3
f 788/2433/332 829/2434/333 828/2432/331 789/2431/125
f 787/2435/8 830/2436/334 829/2434/333 788/2433/332
f 786/2437/335 831/2438/336 830/2439/334 787/2440/8
f 785/2388/94 809/2387/315 831/2438/336 786/2437/335
f 832/2441/155 831/2442/336 809/2443/315 833/2444/337
f 831/2445/336 832/2446/155 834/2447/338
f 832/2446/155 835/2448/339 834/2447/338
f 833/2449/337 835/2448/339 832/2446/155
f 833/2449/337 836/2450/340 835/2448/339
f 837/2451/249 836/2450/340 833/2449/337
f 838/2452/341 836/2450/340 837/2451/249
f 839/2453/342 836/2450/340 838/2452/341
f 839/2453/342 840/2454/343 836/2450/340
f 840/2454/343 839/2453/342 841/2455/344
f 842/2456/274 841/2455/344 839/2453/342
f 842/2456/274 843/2457/275 841/2455/344
f 844/2458/2 843/2459/275 842/2460/274 845/2461/276
f 846/2462/277 847/2463/345 843/2459/275 844/2458/2
f 848/2464/110 849/2465/346 847/2463/345 846/2462/277
f 850/2466/29 851/2467/347 849/2465/346 848/2464/110
f 852/2468/173 853/2469/348 851/2470/347 850/2471/29
f 854/2472/175 855/2473/349 853/2469/348 852/2468/173
f 856/2474/1 857/2475/177 855/2473/349 854/2472/175
f 858/2476/178 859/2477/350 857/2475/177 856/2474/1
f 860/2478/180 861/2479/351 859/2477/350 858/2476/178
f 862/2480/10 863/2481/352 861/2479/351 860/2478/180
f 864/2482/183 865/2483/353 863/2484/352 862/2485/10
f 866/2486/185 867/2487/354 865/2483/353 864/2482/183
f 868/2488/4 869/2489/92 867/2487/354 866/2486/185
f 870/2490/187 871/2491/355 869/2489/92 868/2488/4
f 872/2492/189 873/2493/356 871/2491/355 870/2490/187
f 874/2494/8 875/2495/357 873/2493/356 872/2492/189
f 876/2496/192 877/2497/358 875/2498/357 874/2499/8
f 878/2500/194 879/2501/195 877/2497/358 876/2496/192
f 880/2502/3 881/2503/359 879/2501/195 878/2500/194
f 882/2504/197 883/2505/360 881/2503/359 880/2502/3
f 884/2506/199 885/2507/361 883/2505/360 882/2504/197
f 886/2508/21 887/2509/362 885/2507/361 884/2506/199
f 888/2510/235 889/2511/363 887/2512/362 886/2513/21
f 845/2461/276 842/2460/274 889/2511/363 888/2510/235
f 889/2514/363 842/2456/274 839/2453/342
f 889/2514/363 839/2453/342 838/2452/341
f 887/2515/362 889/2514/363 838/2452/341
f 887/2515/362 838/2452/341 890/2516/364
f 838/2452/341 891/2517/365 890/2516/364
f 891/2517/365 838/2452/341 837/2451/249
f 808/2518/314 891/2517/365 837/2451/249
f 808/2518/314 810/2519/316 891/2517/365
f 810/2519/316 892/2520/366 891/2517/365
f 810/2519/316 811/2521/318 892/2520/366
f 811/2521/318 893/2522/367 892/2520/366
f 811/2521/318 812/2523/319 893/2522/367
f 812/2523/319 894/2524/368 893/2522/367
f 812/2523/319 813/2525/321 894/2524/368
f 813/2525/321 895/2526/369 894/2524/368
f 813/2525/321 814/2527/322 895/2526/369
f 815/2528/323 895/2526/369 814/2527/322
f 815/2528/323 896/2529/370 895/2526/369
f 815/2528/323 897/2530/371 896/2529/370
f 815/2528/323 816/2531/106 897/2530/371
f 817/2532/324 897/2530/371 816/2531/106
f 817/2532/324 898/2533/141 897/2530/371
f 818/2534/325 898/2533/141 817/2532/324
f 818/2534/325 899/2535/372 898/2533/141
f 818/2536/325 819/2537/326 900/2538/373 899/2539/372
f 819/2540/326 820/2541/327 901/2542/374 900/2543/373
f 820/2541/327 821/2544/163 902/2545/375 901/2546/374
f 821/2544/163 822/2547/328 903/2548/376 902/2545/375
f 823/2549/329 903/2548/376 822/2550/328
f 823/2549/329 904/2551/377 903/2548/376
f 823/2549/329 905/2552/378 904/2551/377
f 823/2549/329 824/2553/119 905/2552/378
f 824/2553/119 906/2554/379 905/2552/378
f 824/2553/119 825/2555/121 906/2554/379
f 826/2556/123 906/2554/379 825/2555/121
f 826/2556/123 907/2557/150 906/2554/379
f 827/2558/330 907/2557/150 826/2556/123
f 827/2558/330 908/2559/151 907/2557/150
f 827/2558/330 909/2560/380 908/2559/151
f 827/2558/330 828/2561/331 909/2560/380
f 828/2561/331 910/2562/381 909/2560/380
f 828/2561/331 829/2563/333 910/2562/381
f 830/2564/334 910/2562/381 829/2563/333
f 830/2564/334 834/2447/338 910/2562/381
f 831/2445/336 834/2447/338 830/2564/334
f 834/2447/338 911/2565/382 910/2562/381
f 834/2447/338 835/2448/339 911/2565/382
f 835/2566/339 851/2567/347 853/2568/348 911/2569/382
f 849/2570/346 851/2567/347 835/2448/339
f 849/2570/346 835/2448/339 836/2450/340
f 847/2571/345 849/2570/346 836/2450/340 840/2572/343
f 847/2571/345 840/2454/343 841/2455/344
f 847/2571/345 841/2455/344 843/2457/275
f 853/2573/348 912/2574/383 911/2565/382
f 853/2573/348 855/2575/349 912/2574/383
f 855/2576/349 857/2577/177 913/2578/384 912/2579/383
f 859/2580/350 913/2581/384 857/2577/177
f 859/2580/350 914/2582/212 913/2581/384
f 861/2583/351 914/2582/212 859/2580/350
f 861/2583/351 915/2584/385 914/2582/212
f 861/2583/351 916/2585/386 915/2584/385
f 861/2583/351 863/2586/352 916/2585/386
f 863/2586/352 917/2587/387 916/2585/386
f 863/2586/352 865/2588/353 917/2587/387
f 865/2588/353 918/2589/388 917/2587/387
f 865/2588/353 867/2590/354 918/2589/388
f 867/2590/354 919/2591/389 918/2589/388
f 867/2590/354 869/2592/92 919/2591/389
f 869/2592/92 871/2593/355 920/2594/390 919/2595/389
f 871/2596/355 873/2597/356 921/2598/391 920/2599/390
f 875/2600/357 921/2601/391 873/2602/356
f 875/2600/357 922/2603/392 921/2601/391
f 877/2604/358 922/2603/392 875/2600/357
f 877/2604/358 923/2605/393 922/2603/392
f 879/2606/195 923/2605/393 877/2604/358
f 879/2606/195 924/2607/205 923/2605/393
f 879/2606/195 925/2608/394 924/2607/205
f 879/2606/195 881/2609/359 925/2608/394
f 881/2609/359 926/2610/395 925/2608/394
f 881/2609/359 883/2611/360 926/2610/395
f 883/2611/360 927/2612/396 926/2610/395
f 883/2611/360 885/2613/361 927/2612/396
f 887/2515/362 927/2612/396 885/2613/361
f 887/2515/362 890/2516/364 927/2612/396
f 890/2516/364 893/2522/367 927/2612/396
f 890/2516/364 892/2520/366 893/2522/367
f 890/2516/364 891/2517/365 892/2520/366
f 927/2612/396 893/2522/367 894/2524/368
f 927/2612/396 894/2524/368 926/2610/395
f 926/2610/395 894/2524/368 895/2526/369
f 926/2610/395 895/2526/369 925/2608/394
f 925/2608/394 895/2526/369 896/2529/370
f 925/2608/394 896/2529/370 897/2530/371
f 925/2608/394 897/2530/371 924/2607/205
f 924/2607/205 897/2530/371 898/2533/141
f 924/2607/205 898/2533/141 923/2605/393
f 923/2605/393 898/2533/141 899/2535/372
f 923/2605/393 899/2535/372 922/2603/392
f 922/2603/392 899/2535/372 900/2543/373
f 922/2603/392 900/2543/373 921/2601/391
f 921/2601/391 900/2543/373 901/2546/374
f 921/2601/391 901/2546/374 902/2614/375
f 921/2601/391 902/2614/375 917/2587/387
f 903/2548/376 917/2587/387 902/2614/375
f 904/2551/377 917/2587/387 903/2548/376
f 904/2551/377 916/2585/386 917/2587/387
f 905/2552/378 916/2585/386 904/2551/377
f 905/2552/378 915/2584/385 916/2585/386
f 906/2554/379 915/2584/385 905/2552/378
f 906/2554/379 914/2582/212 915/2584/385
f 907/2557/150 914/2582/212 906/2554/379
f 908/2559/151 914/2582/212 907/2557/150
f 908/2559/151 913/2581/384 914/2582/212
f 909/2560/380 913/2581/384 908/2559/151
f 909/2560/380 912/2574/383 913/2581/384
f 910/2562/381 912/2574/383 909/2560/380
f 910/2562/381 911/2565/382 912/2574/383
f 921/2601/391 917/2587/387 918/2589/388
f 921/2601/391 918/2589/388 920/2599/390
f 920/2599/390 918/2589/388 919/2591/389
f 833/2449/337 809/2615/315 808/2518/314 837/2451/249
s 782
f 1419/2616/194 1420/2617/293 1421/2618/397 1422/2619/192
f 1423/2620/3 1424/2621/196 1420/2617/293 1419/2616/194
f 1425/2622/197 1426/2623/398 1424/2621/196 1423/2620/3
f 1427/2624/199 1428/2625/399 1426/2623/398 1425/2622/197
f 1429/2626/22 1430/2627/400 1428/2625/399 1427/2624/199
f 1431/2628/166 1432/2629/401 1430/2630/400 1429/2631/22
f 1433/2632/167 1434/2633/402 1432/2629/401 1431/2628/166
f 1435/2634/2 1436/2635/163 1434/2633/402 1433/2632/167
f 1437/2636/168 1438/2637/403 1436/2635/163 1435/2634/2
f 1439/2638/170 1440/2639/404 1438/2637/403 1437/2636/168
f 1441/2640/15 1442/2641/405 1440/2639/404 1439/2638/170
f 1443/2642/173 1444/2643/406 1442/2644/405 1441/2645/15
f 1445/2646/175 1446/2647/407 1444/2643/406 1443/2642/173
f 1447/2648/1 1448/2649/177 1446/2647/407 1445/2646/175
f 1449/2650/178 1450/2651/408 1448/2649/177 1447/2648/1
f 1451/2652/180 1452/2653/409 1450/2651/408 1449/2650/178
f 1453/2654/10 1454/2655/410 1452/2653/409 1451/2652/180
f 1455/2656/183 1456/2657/411 1454/2658/410 1453/2659/10
f 1457/2660/185 1458/2661/412 1456/2657/411 1455/2656/183
f 1459/2662/4 1460/2663/92 1458/2661/412 1457/2660/185
f 1461/2664/187 1462/2665/413 1460/2663/92 1459/2662/4
f 1463/2666/189 1464/2667/414 1462/2665/413 1461/2664/187
f 1465/2668/8 1466/2669/415 1464/2667/414 1463/2666/189
f 1422/2619/192 1421/2618/397 1466/2670/415 1465/2671/8
f 1466/2672/415 1421/2673/397 1467/2674/416
f 1421/2673/397 1468/2675/302 1467/2674/416
f 1421/2673/397 1420/2676/293 1468/2675/302
f 1420/2676/293 1469/2677/417 1468/2675/302
f 1420/2676/293 1424/2678/196 1469/2677/417
f 1426/2679/398 1469/2677/417 1424/2678/196
f 1426/2679/398 1470/2680/418 1469/2677/417
f 1428/2681/399 1470/2680/418 1426/2679/398
f 1428/2681/399 1471/2682/419 1470/2680/418
f 1430/2683/400 1471/2682/419 1428/2681/399
f 1430/2683/400 1472/2684/420 1471/2682/419
f 1432/2685/401 1472/2684/420 1430/2683/400
f 1432/2685/401 1473/2686/377 1472/2684/420
f 1432/2685/401 1474/2687/421 1473/2686/377
f 1432/2685/401 1434/2688/402 1474/2687/421
f 1434/2688/402 1475/2689/422 1474/2687/421
f 1434/2688/402 1436/2690/163 1475/2689/422
f 1436/2690/163 1438/2691/403 1476/2692/374 1475/2693/422
f 1438/2691/403 1440/2694/404 1477/2695/423 1476/2692/374
f 1442/2696/405 1477/2697/423 1440/2698/404
f 1442/2696/405 1478/2699/424 1477/2697/423
f 1444/2700/406 1478/2699/424 1442/2696/405
f 1444/2700/406 1479/2701/425 1478/2699/424
f 1446/2702/407 1479/2701/425 1444/2700/406
f 1446/2702/407 1480/2703/426 1479/2701/425
f 1446/2702/407 1481/2704/427 1480/2703/426
f 1446/2702/407 1448/2705/177 1481/2704/427
f 1450/2706/408 1481/2704/427 1448/2705/177
f 1450/2706/408 1482/2707/308 1481/2704/427
f 1450/2706/408 1483/2708/428 1482/2707/308
f 1450/2706/408 1452/2709/409 1483/2708/428
f 1452/2709/409 1484/2710/429 1483/2708/428
f 1452/2709/409 1454/2711/410 1484/2710/429
f 1456/2712/411 1484/2710/429 1454/2711/410
f 1456/2712/411 1485/2713/430 1484/2710/429
f 1458/2714/412 1485/2713/430 1456/2712/411
f 1458/2714/412 1486/2715/431 1485/2713/430
f 1458/2714/412 1487/2716/217 1486/2715/431
f 1458/2714/412 1460/2717/92 1487/2716/217
f 1462/2718/413 1487/2716/217 1460/2717/92
f 1462/2718/413 1488/2719/432 1487/2716/217
f 1462/2718/413 1489/2720/433 1488/2719/432
f 1462/2718/413 1464/2721/414 1489/2720/433
f 1489/2720/433 1464/2722/414 1466/2672/415 1490/2723/434
f 1466/2672/415 1467/2674/416 1490/2723/434
f 1467/2674/416 1491/2724/435 1490/2723/434
f 1467/2674/416 1492/2725/436 1491/2724/435
f 1468/2675/302 1492/2725/436 1467/2674/416
f 1468/2675/302 1493/2726/256 1492/2725/436
f 1469/2677/417 1493/2726/256 1468/2675/302
f 1469/2677/417 1494/2727/437 1493/2726/256
f 1469/2677/417 1495/2728/438 1494/2727/437
f 1470/2680/418 1495/2728/438 1469/2677/417
f 1470/2680/418 1496/2729/385 1495/2728/438
f 1471/2682/419 1496/2729/385 1470/2680/418
f 1471/2682/419 1497/2730/439 1496/2729/385
f 1472/2684/420 1497/2730/439 1471/2682/419
f 1472/2684/420 1498/2731/251 1497/2730/439
f 1472/2684/420 1499/2732/440 1498/2731/251
f 1473/2686/377 1499/2732/440 1472/2684/420
f 1499/2732/440 1473/2686/377 1500/2733/133
f 1473/2686/377 1477/2697/423 1500/2733/133
f 1474/2687/421 1477/2697/423 1473/2686/377
f 1474/2687/421 1476/2734/374 1477/2697/423
f 1476/2734/374 1474/2687/421 1475/2689/422
f 1500/2733/133 1477/2697/423 1501/2735/390
f 1501/2735/390 1477/2697/423 1478/2699/424
f 1501/2735/390 1478/2699/424 1502/2736/391
f 1502/2736/391 1478/2699/424 1503/2737/441
f 1503/2737/441 1478/2699/424 1479/2701/425
f 1503/2737/441 1479/2701/425 1504/2738/442
f 1504/2738/442 1479/2701/425 1480/2703/426
f 1504/2738/442 1480/2703/426 1505/2739/443
f 1505/2739/443 1480/2703/426 1481/2704/427
f 1505/2739/443 1481/2704/427 1506/2740/444
f 1506/2740/444 1481/2704/427 1482/2707/308
f 1506/2740/444 1482/2707/308 1507/2741/445
f 1507/2741/445 1482/2707/308 1508/2742/263
f 1508/2742/263 1482/2707/308 1483/2708/428
f 1508/2742/263 1483/2708/428 1509/2743/446
f 1509/2743/446 1483/2708/428 1484/2710/429
f 1509/2743/446 1484/2710/429 1510/2744/447
f 1510/2744/447 1484/2710/429 1485/2713/430
f 1510/2744/447 1485/2713/430 1511/2745/448
f 1511/2745/448 1485/2713/430 1512/2746/449
f 1489/2720/433 1512/2746/449 1485/2713/430
f 1489/2720/433 1513/2747/450 1512/2746/449
f 1489/2720/433 1514/2748/451 1513/2747/450
f 1490/2723/434 1514/2748/451 1489/2720/433
f 1490/2723/434 1491/2724/435 1514/2748/451
f 1515/2749/452 1514/2748/451 1491/2724/435
f 1515/2749/452 1513/2747/450 1514/2748/451
f 1515/2749/452 1516/2750/453 1513/2747/450
f 1517/2751/112 1516/2752/453 1515/2753/452 1518/2754/231
f 1519/2755/2 1520/2756/454 1516/2752/453 1517/2751/112
f 1521/2757/115 1522/2758/455 1520/2756/454 1519/2755/2
f 1523/2759/235 1524/2760/456 1522/2758/455 1521/2757/115
f 1525/2761/22 1526/2762/457 1524/2760/456 1523/2759/235
f 1527/2763/237 1528/2764/238 1526/2765/457 1525/2766/22
f 1529/2767/122 1530/2768/239 1528/2764/238 1527/2763/237
f 1531/2769/3 1532/2770/458 1530/2768/239 1529/2767/122
f 1533/2771/125 1534/2772/459 1532/2770/458 1531/2769/3
f 1535/2773/332 1536/2774/460 1534/2772/459 1533/2771/125
f 1537/2775/8 1538/2776/461 1536/2774/460 1535/2773/332
f 1539/2777/335 1540/2778/462 1538/2779/461 1537/2780/8
f 1541/2781/94 1542/2782/355 1540/2778/462 1539/2777/335
f 1543/2783/4 1544/2784/92 1542/2782/355 1541/2781/94
f 1545/2785/95 1546/2786/463 1544/2784/92 1543/2783/4
f 1547/2787/464 1548/2788/465 1546/2786/463 1545/2785/95
f 1549/2789/10 1550/2790/466 1548/2788/465 1547/2787/464
f 1551/2791/467 1552/2792/468 1550/2793/466 1549/2794/10
f 1553/2795/102 1554/2796/469 1552/2792/468 1551/2791/467
f 1555/2797/1 1556/2798/470 1554/2796/469 1553/2795/102
f 1557/2799/105 1558/2800/471 1556/2798/470 1555/2797/1
f 1559/2801/228 1560/2802/229 1558/2800/471 1557/2799/105
f 1561/2803/15 1562/2804/230 1560/2802/229 1559/2801/228
f 1518/2754/231 1515/2753/452 1562/2805/230 1561/2806/15
f 1515/2749/452 1491/2724/435 1562/2807/230
f 1562/2807/230 1491/2724/435 1492/2725/436
f 1562/2807/230 1492/2725/436 1560/2808/229
f 1558/2809/471 1560/2808/229 1492/2725/436
f 1558/2809/471 1492/2725/436 1493/2726/256
f 1556/2810/470 1558/2809/471 1493/2726/256
f 1556/2810/470 1493/2726/256 1494/2727/437
f 1495/2728/438 1554/2811/469 1556/2810/470 1494/2812/437
f 1552/2813/468 1554/2814/469 1495/2728/438
f 1552/2813/468 1495/2728/438 1496/2729/385
f 1552/2813/468 1496/2729/385 1497/2730/439
f 1552/2813/468 1497/2730/439 1550/2815/466
f 1548/2816/465 1550/2815/466 1497/2730/439
f 1548/2816/465 1497/2730/439 1498/2731/251
f 1548/2816/465 1498/2731/251 1499/2732/440
f 1548/2816/465 1499/2732/440 1546/2817/463
f 1544/2818/92 1546/2819/463 1499/2732/440 1500/2820/133
f 1542/2821/355 1544/2818/92 1500/2820/133 1501/2822/390
f 1540/2823/462 1542/2821/355 1501/2735/390 1502/2736/391
f 1538/2824/461 1540/2825/462 1502/2736/391
f 1538/2824/461 1502/2736/391 1503/2737/441
f 1536/2826/460 1538/2824/461 1503/2737/441
f 1536/2826/460 1503/2737/441 1504/2738/442
f 1536/2826/460 1504/2738/442 1505/2739/443
f 1536/2826/460 1505/2739/443 1534/2827/459
f 1534/2827/459 1505/2739/443 1506/2828/444
f 1534/2827/459 1506/2828/444 1532/2829/458
f 1532/2829/458 1506/2828/444 1507/2741/445
f 1532/2829/458 1507/2741/445 1530/2830/239
f 1528/2831/238 1530/2830/239 1507/2741/445
f 1528/2831/238 1507/2741/445 1508/2742/263
f 1526/2832/457 1528/2831/238 1508/2742/263
f 1526/2832/457 1508/2742/263 1509/2743/446
f 1526/2832/457 1509/2743/446 1510/2744/447
f 1526/2832/457 1510/2744/447 1524/2833/456
f 1524/2833/456 1510/2744/447 1511/2745/448
f 1524/2833/456 1511/2745/448 1522/2834/455
f 1520/2835/454 1522/2834/455 1511/2745/448
f 1520/2835/454 1511/2745/448 1512/2746/449
f 1516/2750/453 1520/2835/454 1512/2746/449
f 1516/2750/453 1512/2746/449 1513/2747/450
f 1489/2720/433 1485/2713/430 1486/2715/431
f 1489/2720/433 1486/2715/431 1488/2719/432
f 1488/2719/432 1486/2715/431 1487/2716/217
s 783
f 1543/2836/5 1541/2837/5 1539/2838/5 1537/2839/5 1535/2840/5 1533/2841/5 1531/2842/5 1529/2843/5 1527/2844/5 1525/2845/5 1523/2846/5 1521/2847/5 1519/2848/5 1517/2849/5 1518/2850/5 1561/2851/5 1559/2852/5 1557/2853/5 1555/2854/5 1553/2855/5 1551/2856/5 1549/2857/5 1547/2858/5 1545/2859/5
usemtl FrontColor.005
s 485
f 1114/2860/2 1115/2861/2 1116/2862/2 1117/2863/2
s 486
f 1118/2864/74 1116/2865/74 1115/2866/74 1119/2867/74
s 487
f 1120/2868/472 1116/2865/472 1118/2864/472
s 488
f 1120/2869/27 1121/2870/27 1117/2871/27 1116/2872/27
s 489
f 1122/2873/5 1123/2874/5 1121/2870/5 1120/2869/5
s 490
f 1123/2875/473 1122/2876/473 1124/2877/473 1125/2878/473
s 491
f 1122/2876/474 1126/2879/474 1124/2877/474
s 492
f 1122/2880/91 1120/2868/91 1118/2864/91 1126/2881/91
s 493
f 1119/2867/1 1127/2882/1 1126/2881/1 1118/2864/1
s 494
f 1128/2883/17 1129/2884/17 1127/2885/17 1119/2886/17
s 495
f 1128/2883/5 1130/2887/5 1131/2888/5 1129/2884/5
s 496
f 1132/2889/20 1131/2888/20 1130/2887/20 1133/2890/20
s 497
f 1134/2891/475 1131/2892/475 1132/2893/475
s 498
f 1135/2894/8 1136/2895/8 1134/2896/8 1132/2897/8
s 499
f 1137/2898/476 1136/2895/476 1135/2894/476
s 500
f 1137/2898/9 1138/2899/9 1139/2900/9 1136/2895/9
s 501
f 1140/2901/5 1138/2902/5 1137/2903/5 1141/2904/5
s 502
f 1138/2905/91 1140/2906/91 1142/2907/91 1143/2908/91
s 503
f 1140/2906/477 1144/2909/477 1142/2907/477
s 504
f 1140/2901/27 1141/2904/27 1145/2910/27 1144/2911/27
s 505
f 1145/2912/478 1141/2913/478 1146/2914/478
s 506
f 1141/2913/479 1137/2915/479 1135/2916/479 1146/2914/479
s 507
f 1132/2917/3 1133/2918/3 1146/2914/3 1135/2916/3
s 508
f 1147/2919/19 1145/2912/19 1146/2914/19 1133/2918/19
s 509
f 1147/2920/2 1148/2921/2 1144/2922/2 1145/2923/2
s 510
f 1142/2907/29 1144/2909/29 1148/2924/29 1149/2925/29
s 511
f 1148/2926/82 1150/2927/82 1149/2928/82
s 512
f 1150/2929/17 1151/2930/17 1152/2931/17 1149/2932/17
s 513
f 1153/2933/5 1151/2930/5 1150/2929/5 1154/2934/5
s 514
f 1155/2935/20 1153/2933/20 1154/2934/20 1156/2936/20
s 515
f 1157/2937/475 1153/2938/475 1155/2939/475
s 516
f 1158/2940/480 1159/2941/480 1157/2942/480 1155/2943/480
s 517
f 1160/2944/476 1159/2941/476 1158/2940/476
s 518
f 1160/2944/473 1161/2945/473 1162/2946/473 1159/2941/473
s 519
f 1163/2947/5 1164/2948/5 1161/2949/5 1160/2950/5
s 520
f 1164/2948/27 1163/2947/27 1165/2951/27 1166/2952/27
s 521
f 1163/2953/481 1167/2954/481 1165/2955/481
s 522
f 1163/2953/20 1160/2956/20 1158/2957/20 1167/2954/20
s 523
f 1155/2958/3 1156/2959/3 1167/2954/3 1158/2957/3
s 524
f 1167/2954/13 1156/2959/13 1168/2960/13 1165/2955/13
s 525
f 1154/2961/82 1168/2962/82 1156/2963/82
s 526
f 1168/2964/2 1169/2965/2 1166/2966/2 1165/2967/2
s 527
f 1170/2968/29 1166/2969/29 1169/2970/29 1171/2971/29
s 528
f 1164/2972/477 1166/2969/477 1170/2968/477
s 529
f 1161/2973/91 1164/2972/91 1170/2968/91 1172/2974/91
s 530
f 1171/2971/1 1173/2975/1 1172/2974/1 1170/2968/1
s 531
f 1174/2976/17 1175/2977/17 1173/2978/17 1171/2979/17
s 532
f 1176/2980/5 1175/2977/5 1174/2976/5 1177/2981/5
s 533
f 1178/2982/20 1176/2980/20 1177/2981/20 1179/2983/20
s 534
f 1180/2984/475 1176/2985/475 1178/2986/475
s 535
f 1181/2987/8 1182/2988/8 1180/2989/8 1178/2990/8
s 536
f 1183/2991/476 1182/2988/476 1181/2987/476
s 537
f 1183/2991/473 1184/2992/473 1185/2993/473 1182/2988/473
s 538
f 1186/2994/5 1187/2995/5 1184/2996/5 1183/2997/5
s 539
f 1187/2998/27 1186/2999/27 1188/3000/27 1189/3001/27
s 540
f 1188/3002/482 1186/3003/482 1190/3004/482
s 541
f 1186/3003/479 1183/3005/479 1181/3006/479 1190/3004/479
s 542
f 1178/3007/3 1179/3008/3 1190/3004/3 1181/3006/3
s 543
f 1191/3009/21 1188/3002/21 1190/3004/21 1179/3008/21
s 544
f 1191/3010/2 1192/3011/2 1189/3012/2 1188/3013/2
s 545
f 1193/3014/29 1189/3015/29 1192/3016/29 1194/3017/29
s 546
f 1187/3018/477 1189/3015/477 1193/3014/477
s 547
f 1184/3019/91 1187/3018/91 1193/3014/91 1195/3020/91
s 548
f 1194/3017/1 1196/3021/1 1195/3020/1 1193/3014/1
s 549
f 1197/3022/48 1198/3023/48 1196/3024/48 1194/3025/48
s 550
f 1199/3026/5 1198/3023/5 1197/3022/5 1200/3027/5
s 551
f 1201/3028/20 1199/3026/20 1200/3027/20 1202/3029/20
s 552
f 1203/3030/9 1199/3031/9 1201/3032/9
s 553
f 1204/3033/8 1205/3034/8 1203/3035/8 1201/3036/8
s 554
f 1206/3037/476 1205/3034/476 1204/3033/476
s 555
f 1206/3037/473 1207/3038/473 1208/3039/473 1205/3034/473
s 556
f 1207/3040/5 1206/3041/5 1209/3042/5 1210/3043/5
s 557
f 1209/3044/479 1206/3045/479 1204/3046/479 1211/3047/479
s 558
f 1202/3048/3 1211/3047/3 1204/3046/3 1201/3049/3
s 559
f 1212/3050/21 1213/3051/21 1211/3047/21 1202/3048/21
s 560
f 1212/3052/2 1214/3053/2 1215/3054/2 1213/3055/2
s 561
f 1216/3056/29 1215/3057/29 1214/3058/29 1217/3059/29
s 562
f 1210/3060/477 1215/3057/477 1216/3056/477
s 563
f 1210/3043/27 1209/3042/27 1213/3061/27 1215/3062/27
s 564
f 1213/3051/483 1209/3044/483 1211/3047/483
s 565
f 1207/3063/91 1210/3060/91 1216/3056/91 1218/3064/91
s 566
f 1219/3065/1 1218/3064/1 1216/3056/1 1217/3059/1
s 567
f 1218/3066/10 1219/3067/10 1220/3068/10 1208/3039/10
s 568
f 1221/3069/9 1220/3070/9 1219/3071/9
s 569
f 1222/3072/17 1221/3073/17 1219/3074/17 1217/3075/17
s 570
f 1223/3076/5 1221/3073/5 1222/3072/5 1224/3077/5
s 571
f 1225/3078/20 1223/3076/20 1224/3077/20 1226/3079/20
s 572
f 1227/3080/9 1223/3081/9 1225/3082/9
s 573
f 1228/3083/8 1229/3084/8 1227/3085/8 1225/3086/8
s 574
f 1230/3087/476 1229/3084/476 1228/3083/476
s 575
f 1230/3087/473 1231/3088/473 1232/3089/473 1229/3084/473
s 576
f 1231/3090/5 1230/3091/5 1233/3092/5 1234/3093/5
s 577
f 1233/3094/479 1230/3095/479 1228/3096/479 1235/3097/479
s 578
f 1228/3096/3 1225/3098/3 1226/3099/3 1235/3097/3
s 579
f 1235/3097/21 1226/3099/21 1236/3100/21 1237/3101/21
s 580
f 1224/3102/82 1236/3103/82 1226/3104/82
s 581
f 1236/3105/2 1238/3106/2 1239/3107/2 1237/3108/2
s 582
f 1240/3109/74 1239/3110/74 1238/3111/74 1241/3112/74
s 583
f 1234/3113/484 1239/3110/484 1240/3109/484
s 584
f 1234/3093/27 1233/3092/27 1237/3114/27 1239/3115/27
s 585
f 1233/3094/485 1235/3097/485 1237/3101/485
s 586
f 1231/3116/75 1234/3113/75 1240/3109/75 1242/3117/75
s 587
f 1243/3118/1 1242/3117/1 1240/3109/1 1241/3112/1
s 588
f 1244/3119/10 1232/3089/10 1242/3120/10 1243/3121/10
s 589
f 1244/3119/4 1227/3085/4 1229/3084/4 1232/3089/4
s 590
f 1232/3089/474 1231/3088/474 1242/3120/474
s 591
f 1245/3122/9 1244/3123/9 1243/3124/9
s 592
f 1246/3125/17 1245/3126/17 1243/3127/17 1241/3128/17
s 593
f 1246/3125/5 1247/3129/5 1248/3130/5 1245/3126/5
s 594
f 1249/3131/20 1248/3130/20 1247/3129/20 1250/3132/20
s 595
f 1251/3133/475 1248/3134/475 1249/3135/475
s 596
f 1252/3136/8 1253/3137/8 1251/3138/8 1249/3139/8
s 597
f 1254/3140/476 1253/3137/476 1252/3136/476
s 598
f 1254/3140/9 1255/3141/9 1256/3142/9 1253/3137/9
s 599
f 1257/3143/5 1255/3144/5 1254/3145/5 1258/3146/5
s 600
f 1255/3147/91 1257/3148/91 1259/3149/91 1260/3150/91
s 601
f 1257/3148/477 1261/3151/477 1259/3149/477
s 602
f 1257/3143/27 1258/3146/27 1262/3152/27 1261/3153/27
s 603
f 1262/3154/485 1258/3155/485 1263/3156/485
s 604
f 1258/3155/486 1254/3157/486 1252/3158/486 1263/3156/486
s 605
f 1249/3159/3 1250/3160/3 1263/3156/3 1252/3158/3
s 606
f 1264/3161/22 1262/3154/22 1263/3156/22 1250/3160/22
s 607
f 1264/3162/2 1265/3163/2 1261/3164/2 1262/3165/2
s 608
f 1259/3149/29 1261/3151/29 1265/3166/29 1266/3167/29
s 609
f 1265/3168/82 1267/3169/82 1266/3170/82
s 610
f 1267/3171/17 1268/3172/17 1269/3173/17 1266/3174/17
s 611
f 1267/3171/5 1270/3175/5 1271/3176/5 1268/3172/5
s 612
f 1272/3177/20 1271/3176/20 1270/3175/20 1273/3178/20
s 613
f 1274/3179/9 1271/3180/9 1272/3181/9
s 614
f 1275/3182/8 1276/3183/8 1274/3184/8 1272/3185/8
s 615
f 1277/3186/476 1276/3183/476 1275/3182/476
s 616
f 1277/3186/473 1278/3187/473 1279/3188/473 1276/3183/473
s 617
f 1280/3189/5 1281/3190/5 1278/3191/5 1277/3192/5
s 618
f 1281/3190/27 1280/3189/27 1282/3193/27 1283/3194/27
s 619
f 1282/3195/485 1280/3196/485 1284/3197/485
s 620
f 1280/3196/486 1277/3198/486 1275/3199/486 1284/3197/486
s 621
f 1275/3199/3 1272/3200/3 1273/3201/3 1284/3197/3
s 622
f 1285/3202/19 1282/3195/19 1284/3197/19 1273/3201/19
s 623
f 1285/3203/2 1286/3204/2 1283/3205/2 1282/3206/2
s 624
f 1287/3207/29 1283/3208/29 1286/3209/29 1288/3210/29
s 625
f 1281/3211/477 1283/3208/477 1287/3207/477
s 626
f 1278/3212/91 1281/3211/91 1287/3207/91 1289/3213/91
s 627
f 1290/3214/1 1289/3213/1 1287/3207/1 1288/3210/1
s 628
f 1289/3215/10 1290/3216/10 1291/3217/10 1279/3188/10
s 629
f 1292/3218/9 1291/3219/9 1290/3220/9
s 630
f 1293/3221/48 1292/3222/48 1290/3223/48 1288/3224/48
s 631
f 1294/3225/5 1292/3222/5 1293/3221/5 1295/3226/5
s 632
f 1296/3227/20 1294/3225/20 1295/3226/20 1297/3228/20
s 633
f 1298/3229/9 1294/3230/9 1296/3231/9
s 634
f 1299/3232/8 1300/3233/8 1298/3234/8 1296/3235/8
s 635
f 1301/3236/487 1300/3233/487 1299/3232/487
s 636
f 1301/3236/473 1302/3237/473 1303/3238/473 1300/3233/473
s 637
f 1301/3239/5 1304/3240/5 1305/3241/5 1302/3242/5
s 638
f 1304/3243/479 1301/3244/479 1299/3245/479 1306/3246/479
s 639
f 1306/3246/3 1299/3245/3 1296/3247/3 1297/3248/3
s 640
f 1306/3246/21 1297/3248/21 1307/3249/21 1308/3250/21
s 641
f 1295/3251/82 1307/3252/82 1297/3253/82
s 642
f 1307/3254/2 1309/3255/2 1310/3256/2 1308/3257/2
s 643
f 1311/3258/29 1310/3259/29 1309/3260/29 1312/3261/29
s 644
f 1305/3262/477 1310/3259/477 1311/3258/477
s 645
f 1305/3241/27 1304/3240/27 1308/3263/27 1310/3264/27
s 646
f 1304/3243/482 1306/3246/482 1308/3250/482
s 647
f 1302/3265/91 1305/3262/91 1311/3258/91 1313/3266/91
s 648
f 1311/3258/1 1312/3261/1 1314/3267/1 1313/3266/1
s 649
f 1315/3268/48 1316/3269/48 1314/3270/48 1312/3271/48
s 650
f 1317/3272/5 1316/3269/5 1315/3268/5 1318/3273/5
s 651
f 1319/3274/20 1317/3272/20 1318/3273/20 1320/3275/20
s 652
f 1321/3276/9 1317/3277/9 1319/3278/9
s 653
f 1322/3279/8 1323/3280/8 1321/3281/8 1319/3282/8
s 654
f 1324/3283/488 1323/3280/488 1322/3279/488
s 655
f 1324/3283/473 1325/3284/473 1326/3285/473 1323/3280/473
s 656
f 1324/3286/5 1327/3287/5 1328/3288/5 1325/3289/5
s 657
f 1327/3287/479 1324/3286/479 1322/3290/479 1329/3291/479
s 658
f 1329/3292/3 1322/3293/3 1319/3294/3 1320/3295/3
s 659
f 1330/3296/21 1331/3297/21 1329/3292/21 1320/3295/21
s 660
f 1330/3298/2 1332/3299/2 1333/3300/2 1331/3301/2
s 661
f 1334/3302/15 1333/3303/15 1332/3304/15 1335/3305/15
s 662
f 1328/3288/477 1333/3306/477 1334/3307/477
s 663
f 1328/3288/27 1327/3287/27 1331/3308/27 1333/3306/27
s 664
f 1331/3308/478 1327/3287/478 1329/3291/478
s 665
f 1325/3289/75 1328/3288/75 1334/3307/75 1336/3309/75
s 666
f 1334/3302/1 1335/3305/1 1337/3310/1 1336/3311/1
s 667
f 1338/3312/48 1339/3313/48 1337/3314/48 1335/3315/48
s 668
f 1340/3316/5 1339/3313/5 1338/3312/5 1341/3317/5
s 669
f 1339/3318/9 1342/3319/9 1337/3320/9
s 670
f 1336/3321/10 1337/3322/10 1342/3323/10 1326/3285/10
s 671
f 1342/3323/4 1321/3281/4 1323/3280/4 1326/3285/4
s 672
f 1325/3284/489 1336/3321/489 1326/3285/489
s 673
f 1332/3324/82 1338/3325/82 1335/3326/82
s 674
f 1318/3327/82 1330/3328/82 1320/3329/82
s 675
f 1316/3330/9 1343/3331/9 1314/3332/9
s 676
f 1343/3333/10 1303/3238/10 1313/3334/10 1314/3335/10
s 677
f 1343/3333/4 1298/3234/4 1300/3233/4 1303/3238/4
s 678
f 1303/3238/490 1302/3237/490 1313/3334/490
s 679
f 1309/3336/82 1315/3337/82 1312/3338/82
s 680
f 1286/3339/82 1293/3340/82 1288/3341/82
s 681
f 1291/3217/4 1274/3184/4 1276/3183/4 1279/3188/4
s 682
f 1278/3187/491 1289/3215/491 1279/3188/491
s 683
f 1270/3342/82 1285/3343/82 1273/3344/82
s 684
f 1268/3345/9 1344/3346/9 1269/3347/9
s 685
f 1260/3348/10 1269/3349/10 1344/3350/10 1256/3142/10
s 686
f 1269/3351/1 1260/3150/1 1259/3149/1 1266/3167/1
s 687
f 1344/3350/4 1251/3138/4 1253/3137/4 1256/3142/4
s 688
f 1255/3141/474 1260/3348/474 1256/3142/474
s 689
f 1247/3352/82 1264/3353/82 1250/3354/82
s 690
f 1238/3355/82 1246/3356/82 1241/3357/82
s 691
f 1214/3358/82 1222/3359/82 1217/3360/82
s 692
f 1220/3068/4 1203/3035/4 1205/3034/4 1208/3039/4
s 693
f 1207/3038/474 1218/3066/474 1208/3039/474
s 694
f 1200/3361/82 1212/3362/82 1202/3363/82
s 695
f 1198/3364/9 1345/3365/9 1196/3366/9
s 696
f 1195/3367/10 1196/3368/10 1345/3369/10 1185/2993/10
s 697
f 1345/3369/4 1180/2989/4 1182/2988/4 1185/2993/4
s 698
f 1184/2992/474 1195/3367/474 1185/2993/474
s 699
f 1192/3370/82 1197/3371/82 1194/3372/82
s 700
f 1177/3373/82 1191/3374/82 1179/3375/82
s 701
f 1175/3376/9 1346/3377/9 1173/3378/9
s 702
f 1346/3379/10 1162/2946/10 1172/3380/10 1173/3381/10
s 703
f 1346/3379/4 1157/2942/4 1159/2941/4 1162/2946/4
s 704
f 1162/2946/474 1161/2945/474 1172/3380/474
s 705
f 1169/3382/82 1174/3383/82 1171/3384/82
s 706
f 1151/3385/475 1347/3386/475 1152/3387/475
s 707
f 1143/3388/10 1152/3389/10 1347/3390/10 1139/2900/10
s 708
f 1149/2925/1 1152/3391/1 1143/2908/1 1142/2907/1
s 709
f 1347/3390/4 1134/2896/4 1136/2895/4 1139/2900/4
s 710
f 1138/2899/474 1143/3388/474 1139/2900/474
s 711
f 1130/3392/82 1147/3393/82 1133/3394/82
s 712
f 1129/3395/475 1348/3396/475 1127/3397/475
s 713
f 1126/2879/10 1127/3398/10 1348/3399/10 1124/2877/10
s 714
f 1348/3399/4 1349/3400/4 1125/2878/4 1124/2877/4
s 715
f 1350/3401/8 1125/2878/8 1349/3400/8 1351/3402/8
s 716
f 1123/2875/476 1125/2878/476 1350/3401/476
s 717
f 1121/3403/479 1123/3404/479 1350/3405/479 1352/3406/479
s 718
f 1351/3407/3 1353/3408/3 1352/3406/3 1350/3405/3
s 719
f 1351/3409/20 1354/3410/20 1355/3411/20 1353/3412/20
s 720
f 1349/3413/475 1354/3414/475 1351/3415/475
s 721
f 1356/3416/5 1355/3411/5 1354/3410/5 1357/3417/5
s 722
f 1356/3416/17 1357/3417/17 1358/3418/17 1359/3419/17
s 723
f 1357/3420/9 1360/3421/9 1358/3422/9
s 724
f 1361/3423/10 1358/3424/10 1360/3425/10 1362/3426/10
s 725
f 1358/3427/1 1361/3428/1 1363/3429/1 1359/3430/1
s 726
f 1364/3431/91 1365/3432/91 1363/3429/91 1361/3428/91
s 727
f 1364/3433/5 1366/3434/5 1367/3435/5 1365/3436/5
s 728
f 1366/3437/9 1364/3438/9 1362/3426/9 1368/3439/9
s 729
f 1364/3438/474 1361/3423/474 1362/3426/474
s 730
f 1360/3425/4 1369/3440/4 1368/3439/4 1362/3426/4
s 731
f 1370/3441/8 1368/3439/8 1369/3440/8 1371/3442/8
s 732
f 1366/3437/476 1368/3439/476 1370/3441/476
s 733
f 1367/3443/479 1366/3444/479 1370/3445/479 1372/3446/479
s 734
f 1372/3446/3 1370/3445/3 1371/3447/3 1373/3448/3
s 735
f 1371/3449/20 1374/3450/20 1375/3451/20 1373/3452/20
s 736
f 1369/3453/9 1374/3454/9 1371/3455/9
s 737
f 1376/3456/5 1375/3451/5 1374/3450/5 1377/3457/5
s 738
f 1376/3456/48 1377/3457/48 1378/3458/48 1379/3459/48
s 739
f 1377/3460/9 1380/3461/9 1378/3462/9
s 740
f 1381/3463/10 1378/3464/10 1380/3465/10 1382/3466/10
s 741
f 1379/3467/1 1378/3468/1 1381/3469/1 1383/3470/1
s 742
f 1384/3471/91 1385/3472/91 1383/3473/91 1381/3474/91
s 743
f 1385/3472/5 1384/3471/5 1386/3475/5 1387/3476/5
s 744
f 1386/3477/473 1384/3478/473 1382/3466/473 1388/3479/473
s 745
f 1384/3478/489 1381/3463/489 1382/3466/489
s 746
f 1380/3465/4 1389/3480/4 1388/3479/4 1382/3466/4
s 747
f 1388/3481/8 1389/3482/8 1390/3483/8 1391/3484/8
s 748
f 1389/3485/5 1392/3486/5 1390/3487/5
s 749
f 1390/3483/3 1393/3488/3 1394/3489/3 1391/3484/3
s 750
f 1395/3490/22 1396/3491/22 1394/3489/22 1393/3488/22
s 751
f 1395/3492/2 1397/3493/2 1398/3494/2 1396/3495/2
s 752
f 1383/3470/29 1398/3496/29 1397/3497/29 1379/3467/29
s 753
f 1385/3472/472 1398/3498/472 1383/3473/472
s 754
f 1385/3472/27 1387/3476/27 1396/3499/27 1398/3498/27
s 755
f 1396/3491/482 1387/3500/482 1394/3489/482
s 756
f 1387/3500/486 1386/3501/486 1391/3484/486 1394/3489/486
s 757
f 1386/3501/492 1388/3481/492 1391/3484/492
s 758
f 1397/3502/82 1376/3503/82 1379/3504/82
s 759
f 1393/3505/5 1399/3506/5 1395/3507/5
s 760
f 1375/3508/82 1400/3509/82 1373/3510/82
s 761
f 1400/3511/21 1401/3512/21 1372/3446/21 1373/3448/21
s 762
f 1400/3513/2 1402/3514/2 1403/3515/2 1401/3516/2
s 763
f 1363/3429/74 1403/3517/74 1402/3518/74 1359/3430/74
s 764
f 1365/3432/472 1403/3517/472 1363/3429/472
s 765
f 1365/3436/27 1367/3435/27 1401/3519/27 1403/3520/27
s 766
f 1401/3512/482 1367/3443/482 1372/3446/482
s 767
f 1402/3521/82 1356/3522/82 1359/3523/82
s 768
f 1355/3524/82 1114/3525/82 1353/3526/82
s 769
f 1114/3527/19 1117/3528/19 1352/3406/19 1353/3408/19
s 770
f 1117/3528/478 1121/3403/478 1352/3406/478
s 771
f 1115/3529/82 1128/3530/82 1119/3531/82
usemtl FrontColor.003
s 928
f 1751/3532/3 1752/3533/3 1753/3534/3 1754/3535/3
s 929
f 1755/3536/8 1756/3537/8 1753/3538/8 1752/3539/8
s 930
f 1757/3540/4 1758/3541/4 1756/3537/4 1755/3536/4
s 931
f 1759/3542/7 1760/3543/7 1756/3537/7 1758/3541/7
s 932
f 1759/3544/6 1761/3545/6 1762/3546/6 1760/3547/6
s 933
f 1761/3548/6 1759/3549/6 1763/3550/6 1764/3551/6 1765/3552/6 1766/3553/6 1767/3554/6 1768/3555/6
s 934
f 1762/3546/12 1761/3545/12 1769/3556/12 1770/3557/12
s 935
f 1771/3558/2 1772/3559/2 1770/3560/2 1769/3561/2
s 936
f 1770/3560/22 1772/3559/22 1751/3562/22 1754/3563/22
s 937
f 1762/3546/493 1770/3557/493 1754/3564/493
s 938
f 1760/3547/18 1762/3546/18 1754/3564/18 1753/3565/18
s 939
f 1756/3537/494 1760/3543/494 1753/3538/494
