<?xml version="1.0" encoding="utf-8"?>
<COLLADA xmlns="http://www.collada.org/2005/11/COLLADASchema" version="1.4.1">
  <asset>
    <contributor>
      <author>Blender User</author>
      <authoring_tool>Blender 2.78.0 commit date:2016-10-24, commit time:12:20, hash:e8299c8</authoring_tool>
    </contributor>
    <created>2020-11-12T22:11:36</created>
    <modified>2020-11-12T22:11:36</modified>
    <unit name="meter" meter="1"/>
    <up_axis>Z_UP</up_axis>
  </asset>
  <library_images>
    <image id="_auto_1_png" name="_auto_1_png">
      <init_from>/I:/3D_Asset_Packages/For%20Sale/Guard_House/Guard_House/Guard_House/Guard_House_Guard_House/_auto_1.png</init_from>
    </image>
    <image id="_auto_7_png" name="_auto_7_png">
      <init_from>/I:/3D_Asset_Packages/For%20Sale/Guard_House/Guard_House/Guard_House/Guard_House_Guard_House/_auto_7.png</init_from>
    </image>
  </library_images>
  <library_effects>
    <effect id="FrontColor_002-effect">
      <profile_COMMON>
        <newparam sid="_auto_1_png-surface">
          <surface type="2D">
            <init_from>_auto_1_png</init_from>
          </surface>
        </newparam>
        <newparam sid="_auto_1_png-sampler">
          <sampler2D>
            <source>_auto_1_png-surface</source>
          </sampler2D>
        </newparam>
        <technique sid="common">
          <phong>
            <emission>
              <color sid="emission">0 0 0 1</color>
            </emission>
            <ambient>
              <color sid="ambient">0 0 0 1</color>
            </ambient>
            <diffuse>
              <texture texture="_auto_1_png-sampler" texcoord="UVMap"/>
            </diffuse>
            <specular>
              <color sid="specular">1 1 1 1</color>
            </specular>
            <shininess>
              <float sid="shininess">52</float>
            </shininess>
            <transparent opaque="A_ONE">
              <color>1 1 1 1</color>
            </transparent>
            <index_of_refraction>
              <float sid="index_of_refraction">1</float>
            </index_of_refraction>
          </phong>
        </technique>
      </profile_COMMON>
    </effect>
    <effect id="Material_002-effect">
      <profile_COMMON>
        <newparam sid="_auto_7_png-surface">
          <surface type="2D">
            <init_from>_auto_7_png</init_from>
          </surface>
        </newparam>
        <newparam sid="_auto_7_png-sampler">
          <sampler2D>
            <source>_auto_7_png-surface</source>
          </sampler2D>
        </newparam>
        <technique sid="common">
          <phong>
            <emission>
              <color sid="emission">0 0 0 1</color>
            </emission>
            <ambient>
              <color sid="ambient">0 0 0 1</color>
            </ambient>
            <diffuse>
              <texture texture="_auto_7_png-sampler" texcoord="UVMap"/>
            </diffuse>
            <specular>
              <color sid="specular">0.5 0.5 0.5 1</color>
            </specular>
            <shininess>
              <float sid="shininess">50</float>
            </shininess>
            <index_of_refraction>
              <float sid="index_of_refraction">1</float>
            </index_of_refraction>
          </phong>
        </technique>
      </profile_COMMON>
    </effect>
  </library_effects>
  <library_materials>
    <material id="FrontColor_002-material" name="FrontColor_002">
      <instance_effect url="#FrontColor_002-effect"/>
    </material>
    <material id="Material_002-material" name="Material_002">
      <instance_effect url="#Material_002-effect"/>
    </material>
  </library_materials>
  <library_geometries>
    <geometry id="Mesh3_Group2_Group1_Model-mesh" name="Mesh3 Group2 Group1 Model">
      <mesh>
        <source id="Mesh3_Group2_Group1_Model-mesh-positions">
          <float_array id="Mesh3_Group2_Group1_Model-mesh-positions-array" count="3216">0.001968502 1.089614 0.02740353 0.003968596 1.091614 0.02940362 0.003968596 2.177898 0.02940362 0.001968502 2.179898 0.02740353 0.7210685 1.091614 0.02940362 0.7230686 1.089614 0.02740353 0.7057687 1.106944 0.02940362 0.7210685 2.177898 0.02940362 0.7230686 2.179898 0.02740353 0.7230686 1.089614 0.001903712 0.7230686 1.089614 0.00140351 0.7230686 2.179898 0.00140351 0.7230686 1.089614 0.02690356 0.001968502 1.089614 0.001903712 0.001968502 1.089614 0.00140351 0.001968502 2.179898 0.00140351 0.001968502 1.089614 0.02690356 0.7210685 2.177898 -5.96312e-4 0.003968596 2.177898 -5.96312e-4 0.7210685 1.091614 -5.96312e-4 0.003968596 1.091614 -5.96312e-4 0.01926863 1.106944 -5.96312e-4 0.7057687 1.106944 -5.96312e-4 0.7057687 2.162568 -5.96312e-4 0.7037686 1.108944 0.00140351 0.7037686 2.158568 0.00140351 0.02326858 1.108944 0.00140351 0.02126848 1.110944 0.00140351 0.01926863 2.162568 -5.96312e-4 0.02126848 2.158568 0.00140351 0.7017685 2.160568 0.00140351 0.02326858 2.160568 0.00140351 0.7017685 2.160568 0.02740353 0.7037686 2.158568 0.02740353 0.02326858 2.160568 0.02740353 0.7057687 2.162568 0.02940362 0.01926863 2.162568 0.02940362 0.7037686 1.108944 0.02740353 0.01926863 1.106944 0.02940362 0.02326858 1.108944 0.02740353 0.02126848 1.110944 0.02740353 0.02126848 2.158568 0.02740353 0.001968502 1.084614 0.001903712 0.001968502 1.084614 0.02690356 0.7230686 1.084614 0.001903712 0.7230686 1.084614 0.02690356 0.001968502 1.084614 0.02740353 0.7230686 1.084614 0.02740353 0.001968502 1.084614 0.00140351 0.001968502 -6.56364e-4 0.00140351 0.001968502 -6.56364e-4 0.02740353 0.7230686 1.084614 0.00140351 0.7230686 -6.56364e-4 0.02740353 0.7230686 -6.56364e-4 0.00140351 0.003968596 0.001343727 -5.96312e-4 0.7210685 0.001343727 -5.96312e-4 0.003968596 1.082614 -5.96312e-4 0.7210685 1.082614 -5.96312e-4 0.7210685 0.001343727 0.02940362 0.003968596 0.001343727 0.02940362 0.7210685 1.082614 0.02940362 0.003968596 1.082614 0.02940362 0.6383687 0.9656327 0.02940362 0.6438686 0.9651427 0.02940362 0.6438686 0.9651427 0.03940361 0.6383687 0.9656327 0.03940361 0.6494686 0.9656327 0.02940362 0.6494686 0.9656327 0.03940361 0.6548687 0.9670727 0.02940362 0.6548687 0.9670727 0.03940361 0.6598686 0.9694337 0.02940362 0.6598686 0.9694337 0.03940361 0.6644687 0.9726337 0.02940362 0.6644687 0.9726337 0.03940361 0.6683685 0.9765737 0.02940362 0.6683685 0.9765737 0.03940361 0.6715685 0.9811437 0.02940362 0.6715685 0.9811437 0.03940361 0.6739687 0.9862037 0.02940362 0.6739687 0.9862037 0.03940361 0.6753687 0.9915937 0.02940362 0.6753687 0.9915937 0.03940361 0.6758686 0.9971437 0.02940362 0.6758686 0.9971437 0.03940361 0.6753687 1.002704 0.02940362 0.6753687 1.002704 0.03940361 0.6739687 1.008094 0.02940362 0.6739687 1.008094 0.03940361 0.6715685 1.013144 0.02940362 0.6715685 1.013144 0.03940361 0.6683685 1.017714 0.02940362 0.6683685 1.017714 0.03940361 0.6644687 1.021664 0.02940362 0.6644687 1.021664 0.03940361 0.6598686 1.024864 0.02940362 0.6598686 1.024864 0.03940361 0.6548687 1.027214 0.02940362 0.6548687 1.027214 0.03940361 0.6494686 1.028664 0.02940362 0.6494686 1.028664 0.03940361 0.6438686 1.029144 0.02940362 0.6438686 1.029144 0.03940361 0.6383687 1.028664 0.02940362 0.6383687 1.028664 0.03940361 0.6329686 1.027214 0.02940362 0.6329686 1.027214 0.03940361 0.6278688 1.024864 0.02940362 0.6278688 1.024864 0.03940361 0.6233686 1.021664 0.02940362 0.6233686 1.021664 0.03940361 0.6193687 1.017714 0.02940362 0.6193687 1.017714 0.03940361 0.6161686 1.013144 0.02940362 0.6161686 1.013144 0.03940361 0.6138686 1.008094 0.02940362 0.6138686 1.008094 0.03940361 0.6123687 1.002704 0.02940362 0.6123687 1.002704 0.03940361 0.6118685 0.9971437 0.02940362 0.6118685 0.9971437 0.03940361 0.6123687 0.9915937 0.02940362 0.6123687 0.9915937 0.03940361 0.6138686 0.9862037 0.02940362 0.6138686 0.9862037 0.03940361 0.6161686 0.9811437 0.02940362 0.6161686 0.9811437 0.03940361 0.6193687 0.9765737 0.02940362 0.6193687 0.9765737 0.03940361 0.6233686 0.9726337 0.02940362 0.6233686 0.9726337 0.03940361 0.6278688 0.9694337 0.02940362 0.6278688 0.9694337 0.03940361 0.6329686 0.9670727 0.02940362 0.6329686 0.9670727 0.03940361 0.6446687 1.001644 -0.05077624 0.6475686 1.000224 -0.04876637 0.6450688 1.000224 -0.05128645 0.6470686 1.001644 -0.04833626 0.6463686 1.002934 -0.04775643 0.6440686 1.002934 -0.05008625 0.6413685 1.002934 -0.05197644 0.6433686 1.004044 -0.04923629 0.6407687 1.004044 -0.05101633 0.6383687 1.002934 -0.05337643 0.6379687 1.004044 -0.05232644 0.6351687 1.002934 -0.05422639 0.6349686 1.004044 -0.05313634 0.6321687 1.002934 -0.05448627 0.6321687 1.004044 -0.05337643 0.5328685 1.002934 -0.05448627 0.5328685 1.004044 -0.05337643 0.5328685 0.9882837 -0.04915642 0.5328685 0.9881437 -0.04759645 0.5328685 0.9882837 -0.04603624 0.5328685 0.9886937 -0.04451632 0.5328685 0.9893537 -0.0430963 0.5328685 0.9902537 -0.04180645 0.5328685 0.9913637 -0.04069638 0.5328685 0.9926437 -0.03979635 0.5328685 0.9940637 -0.0391364 0.5328685 0.9955837 -0.03873634 0.5328685 0.9971437 -0.03859639 0.5328685 0.9987137 -0.03873634 0.5328685 1.000224 -0.0391364 0.5328685 1.001644 -0.03979635 0.5328685 1.002934 -0.04069638 0.5328685 1.004044 -0.04180645 0.5328685 1.004944 -0.0430963 0.5328685 1.005604 -0.04451632 0.5328685 1.006014 -0.04603624 0.5328685 1.006144 -0.04759645 0.5328685 1.006014 -0.04915642 0.5328685 1.005604 -0.05067634 0.5328685 1.004944 -0.05209636 0.5328685 1.001644 -0.0553863 0.5328685 1.000224 -0.05605626 0.5328685 0.9987137 -0.05645632 0.5328685 0.9971437 -0.05659627 0.5328685 0.9955837 -0.05645632 0.5328685 0.9940637 -0.05605626 0.5328685 0.9926437 -0.0553863 0.5328685 0.9913637 -0.05448627 0.5328685 0.9902537 -0.05337643 0.5328685 0.9893537 -0.05209636 0.5328685 0.9886937 -0.05067634 0.6319686 0.9882837 -0.04915642 0.6318685 0.9881437 -0.04759645 0.6320688 0.9886937 -0.05067634 0.6320688 0.9893537 -0.05209636 0.6321687 0.9902537 -0.05337643 0.6321687 0.9913637 -0.05448627 0.6322686 0.9926437 -0.0553863 0.6322686 0.9940637 -0.05605626 0.6322686 0.9955837 -0.05645632 0.6322686 0.9971437 -0.05659627 0.6322686 0.9987137 -0.05645632 0.6322686 1.000224 -0.05605626 0.6322686 1.001644 -0.0553863 0.6353685 1.001644 -0.05511641 0.6386687 1.001644 -0.05422639 0.6417686 1.001644 -0.05276632 0.6421687 1.000224 -0.05333638 0.6388687 1.000224 -0.05484628 0.6354686 1.000224 -0.05577635 0.6355687 0.9987137 -0.05617642 0.6355687 0.9971437 -0.05630636 0.6390687 0.9971437 -0.05535626 0.6390687 0.9987137 -0.05523633 0.6423687 0.9987137 -0.05369639 0.6453687 0.9987137 -0.05160641 0.6478688 0.9987137 -0.04902625 0.6499688 0.9987137 -0.04604625 0.6496688 1.000224 -0.04583644 0.6490685 1.001644 -0.04550623 0.6482686 1.002934 -0.04505634 0.6455685 1.004044 -0.0470364 0.6473686 1.004044 -0.04449629 0.6461686 1.004944 -0.04385638 0.6445686 1.004944 -0.04621624 0.6424686 1.004944 -0.04824638 0.6401688 1.004944 -0.04989624 0.6375686 1.004944 -0.05111622 0.6394688 1.005604 -0.04866623 0.6370686 1.005604 -0.04977631 0.6345688 1.005604 -0.05045628 0.6365687 1.006014 -0.04834628 0.6342687 1.006014 -0.04895639 0.6320688 1.005604 -0.05067634 0.6319686 1.006014 -0.04915642 0.6347686 1.004944 -0.05185627 0.6320688 1.004944 -0.05209636 0.6318685 1.006144 -0.04759645 0.6318685 1.006014 -0.04603624 0.6317686 1.005604 -0.04451632 0.6316687 1.004944 -0.0430963 0.6316687 1.004044 -0.04180645 0.6315686 1.002934 -0.04069638 0.6315686 1.001644 -0.03979635 0.6315686 1.000224 -0.0391364 0.6314687 0.9987137 -0.03873634 0.6314687 0.9971437 -0.03859639 0.6314687 0.9955837 -0.03873634 0.6315686 0.9940637 -0.0391364 0.6315686 0.9926437 -0.03979635 0.6315686 0.9913637 -0.04069638 0.6316687 0.9902537 -0.04180645 0.6316687 0.9893537 -0.0430963 0.6317686 0.9886937 -0.04451632 0.6318685 0.9882837 -0.04603624 0.6336686 0.9882837 -0.04586625 0.6339685 0.9881437 -0.04741644 0.6342687 0.9882837 -0.04895639 0.6345688 0.9886937 -0.05045628 0.6347686 0.9893537 -0.05185627 0.6349686 0.9902537 -0.05313634 0.6351687 0.9913637 -0.05422639 0.6353685 0.9926437 -0.05511641 0.6354686 0.9940637 -0.05577635 0.6355687 0.9955837 -0.05617642 0.6390687 0.9955837 -0.05523633 0.6423687 0.9971437 -0.0538063 0.6454686 0.9971437 -0.05170631 0.6479687 0.9971437 -0.04911637 0.6500687 0.9971437 -0.04611635 0.6516687 0.9971437 -0.04278635 0.6515685 0.9987137 -0.0427463 0.6511685 1.000224 -0.04260635 0.6505686 1.001644 -0.04237627 0.6496688 1.002934 -0.04206633 0.6486687 1.004044 -0.04168629 0.6474687 1.004944 -0.04124641 0.6460687 1.005604 -0.04075622 0.6449686 1.005604 -0.04313635 0.6434685 1.005604 -0.04529643 0.6436688 1.006014 -0.04237627 0.6422688 1.006014 -0.04431629 0.6406685 1.006014 -0.04598641 0.6410686 1.006144 -0.04330635 0.6395687 1.006144 -0.04478645 0.6386687 1.006014 -0.04734635 0.6378685 1.006144 -0.04598641 0.6359688 1.006144 -0.04686641 0.6339685 1.006144 -0.04741644 0.6336686 1.006014 -0.04586625 0.6334688 1.005604 -0.04436635 0.6331686 1.004944 -0.04296636 0.6329686 1.004044 -0.04169631 0.6327688 1.002934 -0.04059624 0.6326686 1.001644 -0.03970623 0.6324686 1.000224 -0.0390563 0.6324686 0.9987137 -0.03864645 0.6323687 0.9971437 -0.03851628 0.6324686 0.9955837 -0.03864645 0.6324686 0.9940637 -0.0390563 0.6326686 0.9926437 -0.03970623 0.6327688 0.9913637 -0.04059624 0.6329686 0.9902537 -0.04169631 0.6331686 0.9893537 -0.04296636 0.6334688 0.9886937 -0.04436635 0.6354686 0.9882837 -0.04539632 0.6359688 0.9881437 -0.04686641 0.6365687 0.9882837 -0.04834628 0.6370686 0.9886937 -0.04977631 0.6375686 0.9893537 -0.05111622 0.6379687 0.9902537 -0.05232644 0.6383687 0.9913637 -0.05337643 0.6386687 0.9926437 -0.05422639 0.6388687 0.9940637 -0.05484628 0.6421687 0.9940637 -0.05333638 0.6423687 0.9955837 -0.05369639 0.6453687 0.9955837 -0.05160641 0.6478688 0.9955837 -0.04902625 0.6499688 0.9955837 -0.04604625 0.6515685 0.9955837 -0.0427463 0.6525685 0.9971437 -0.03924632 0.6524688 0.9987137 -0.03922629 0.6520687 1.000224 -0.03915643 0.6514686 1.001644 -0.03903627 0.6505686 1.002934 -0.03887629 0.6494686 1.004044 -0.03868627 0.6481687 1.004944 -0.03846645 0.6467687 1.005604 -0.03821635 0.6446687 1.006014 -0.04023623 0.6452686 1.006014 -0.03794622 0.6431686 1.006144 -0.03969645 0.6436688 1.006144 -0.03767633 0.6416687 1.006014 -0.03916645 0.6421687 1.006014 -0.03740644 0.6406685 1.005604 -0.03714632 0.6402687 1.005604 -0.03864645 0.6409687 1.006014 -0.04080629 0.6395687 1.005604 -0.04004645 0.6387688 1.005604 -0.04132628 0.6376687 1.004944 -0.04040622 0.6383687 1.004944 -0.03933644 0.6366688 1.004044 -0.03957629 0.6372687 1.004044 -0.03869628 0.6362687 1.002934 -0.03813624 0.6357685 1.002934 -0.03885626 0.6358687 1.004044 -0.04033637 0.6351687 1.002934 -0.0394864 0.6344687 1.002934 -0.03999638 0.6345688 1.001644 -0.03879642 0.6339685 1.001644 -0.03921627 0.6336686 1.002934 -0.04036641 0.6333686 1.001644 -0.03951644 0.6330687 1.000224 -0.03889632 0.6329686 0.9987137 -0.03850626 0.6328687 0.9971437 -0.03838634 0.6329686 0.9955837 -0.03850626 0.6330687 0.9940637 -0.03889632 0.6333686 0.9926437 -0.03951644 0.6336686 0.9913637 -0.04036641 0.6339685 0.9902537 -0.0414164 0.6344687 0.9893537 -0.04262638 0.6349686 0.9886937 -0.04396629 0.6370686 0.9882837 -0.04462623 0.6378685 0.9881437 -0.04598641 0.6386687 0.9882837 -0.04734635 0.6394688 0.9886937 -0.04866623 0.6401688 0.9893537 -0.04989624 0.6407687 0.9902537 -0.05101633 0.6413685 0.9913637 -0.05197644 0.6417686 0.9926437 -0.05276632 0.6446687 0.9926437 -0.05077624 0.6450688 0.9940637 -0.05128645 0.6475686 0.9940637 -0.04876637 0.6496688 0.9940637 -0.04583644 0.6511685 0.9940637 -0.04260635 0.6524688 0.9955837 -0.03922629 0.6528686 0.9971437 -0.03598642 0.6527687 0.9987137 -0.03598642 0.6523687 1.000224 -0.03596639 0.6516687 1.001644 -0.03593635 0.6507686 1.002934 -0.0358963 0.6496688 1.004044 -0.03584623 0.6483685 1.004944 -0.0357964 0.6469685 1.005604 -0.0357263 0.6454686 1.006014 -0.03566622 0.6438686 1.006144 -0.03559637 0.6423687 1.006014 -0.03552627 0.6408688 1.005604 -0.03545641 0.6392685 1.004944 -0.03689622 0.6393687 1.004944 -0.03539633 0.6379687 1.004044 -0.03666639 0.6380688 1.004044 -0.03534626 0.6368686 1.002934 -0.03647637 0.6369687 1.002934 -0.03529644 0.6359688 1.001644 -0.03631639 0.6360685 1.001644 -0.03525638 0.6353685 1.000224 -0.03620624 0.6354686 1.000224 -0.03522634 0.6349686 0.9987137 -0.03613638 0.6350685 0.9987137 -0.03520631 0.6348688 0.9971437 -0.03610634 0.6350685 0.9987137 -0.01059627 0.6348688 0.9971437 -0.01059627 0.6354686 1.000224 -0.01059627 0.6360685 1.001644 -0.01059627 0.6369687 1.002934 -0.01059627 0.6380688 1.004044 -0.01059627 0.6393687 1.004944 -0.01059627 0.6408688 1.005604 -0.01059627 0.6423687 1.006014 -0.01059627 0.6438686 1.006144 -0.01059627 0.6454686 1.006014 -0.01059627 0.6469685 1.005604 -0.01059627 0.6483685 1.004944 -0.01059627 0.6496688 1.004044 -0.01059627 0.6507686 1.002934 -0.01059627 0.6516687 1.001644 -0.01059627 0.6523687 1.000224 -0.01059627 0.6527687 0.9987137 -0.01059627 0.6528686 0.9971437 -0.01059627 0.6527687 0.9955837 -0.03598642 0.6527687 0.9955837 -0.01059627 0.6520687 0.9940637 -0.03915643 0.6505686 0.9926437 -0.04237627 0.6490685 0.9926437 -0.04550623 0.6496688 0.9913637 -0.04206633 0.6505686 0.9913637 -0.03887629 0.6514686 0.9926437 -0.03903627 0.6523687 0.9940637 -0.03596639 0.6523687 0.9940637 -0.01059627 0.6516687 0.9926437 -0.01059627 0.6516687 0.9926437 -0.03593635 0.6507686 0.9913637 -0.01059627 0.6507686 0.9913637 -0.0358963 0.6496688 0.9902537 -0.01059627 0.6496688 0.9902537 -0.03584623 0.6483685 0.9893537 -0.01059627 0.6483685 0.9893537 -0.0357964 0.6469685 0.9886937 -0.01059627 0.6469685 0.9886937 -0.0357263 0.6454686 0.9882837 -0.01059627 0.6454686 0.9882837 -0.03566622 0.6438686 0.9881437 -0.01059627 0.6438686 0.9881437 -0.03559637 0.6423687 0.9882837 -0.01059627 0.6423687 0.9882837 -0.03552627 0.6408688 0.9886937 -0.01059627 0.6408688 0.9886937 -0.03545641 0.6393687 0.9893537 -0.01059627 0.6393687 0.9893537 -0.03539633 0.6380688 0.9902537 -0.01059627 0.6380688 0.9902537 -0.03534626 0.6369687 0.9913637 -0.01059627 0.6369687 0.9913637 -0.03529644 0.6360685 0.9926437 -0.01059627 0.6360685 0.9926437 -0.03525638 0.6354686 0.9940637 -0.01059627 0.6354686 0.9940637 -0.03522634 0.6350685 0.9955837 -0.01059627 0.6350685 0.9955837 -0.03520631 0.6349686 0.9955837 -0.03613638 0.6346685 0.9971437 -0.03660631 0.6347686 0.9955837 -0.03665637 0.6344687 0.9971437 -0.03707623 0.6345688 0.9955837 -0.03714632 0.6341688 0.9971437 -0.03749632 0.6342687 0.9955837 -0.03758645 0.6338688 0.9955837 -0.03797626 0.6341688 0.9940637 -0.03828644 0.6345688 0.9940637 -0.03785634 0.6350685 0.9926437 -0.03827643 0.6345688 0.9926437 -0.03879642 0.6336686 0.9940637 -0.03863644 0.6339685 0.9926437 -0.03921627 0.6334688 0.9955837 -0.03828644 0.6337687 0.9971437 -0.03786635 0.6338688 0.9987137 -0.03797626 0.6334688 0.9987137 -0.03828644 0.6333686 0.9971437 -0.03816628 0.6344687 0.9913637 -0.03999638 0.6349686 0.9902537 -0.04095625 0.6356686 0.9893537 -0.04207634 0.6363686 0.9886937 -0.04330635 0.6385685 0.9882837 -0.04358625 0.6395687 0.9881437 -0.04478645 0.6406685 0.9882837 -0.04598641 0.6415688 0.9886937 -0.04715633 0.6424686 0.9893537 -0.04824638 0.6433686 0.9902537 -0.04923629 0.6440686 0.9913637 -0.05008625 0.6463686 0.9913637 -0.04775643 0.6470686 0.9926437 -0.04833626 0.6482686 0.9913637 -0.04505634 0.6473686 0.9902537 -0.04449629 0.6455685 0.9902537 -0.0470364 0.6445686 0.9893537 -0.04621624 0.6461686 0.9893537 -0.04385638 0.6474687 0.9893537 -0.04124641 0.6486687 0.9902537 -0.04168629 0.6494686 0.9902537 -0.03868627 0.6481687 0.9893537 -0.03846645 0.6460687 0.9886937 -0.04075622 0.6449686 0.9886937 -0.04313635 0.6436688 0.9882837 -0.04237627 0.6434685 0.9886937 -0.04529643 0.6422688 0.9882837 -0.04431629 0.6422688 0.9881437 -0.04159641 0.6431686 0.9881437 -0.03969645 0.6446687 0.9882837 -0.04023623 0.6467687 0.9886937 -0.03821635 0.6452686 0.9882837 -0.03794622 0.6436688 0.9881437 -0.03767633 0.6421687 0.9882837 -0.03740644 0.6416687 0.9882837 -0.03916645 0.6409687 0.9882837 -0.04080629 0.6398686 0.9882837 -0.0422964 0.6410686 0.9881437 -0.04330635 0.6376687 0.9886937 -0.04241633 0.6366688 0.9893537 -0.04132628 0.6376687 0.9893537 -0.04040622 0.6387688 0.9886937 -0.04132628 0.6395687 0.9886937 -0.04004645 0.6402687 0.9886937 -0.03864645 0.6406685 0.9886937 -0.03714632 0.6392685 0.9893537 -0.03689622 0.6389686 0.9893537 -0.03815627 0.6383687 0.9893537 -0.03933644 0.6377686 0.9902537 -0.03771638 0.6379687 0.9902537 -0.03666639 0.6368686 0.9913637 -0.03647637 0.6366688 0.9913637 -0.03733634 0.6372687 0.9902537 -0.03869628 0.6366688 0.9902537 -0.03957629 0.6358687 0.9902537 -0.04033637 0.6357685 0.9913637 -0.03885626 0.6362687 0.9913637 -0.03813624 0.6358687 0.9926437 -0.0370264 0.6359688 0.9926437 -0.03631639 0.6353685 0.9940637 -0.03620624 0.6351687 0.9940637 -0.03679633 0.6354686 0.9926437 -0.03768634 0.6351687 0.9913637 -0.0394864 0.6349686 0.9940637 -0.03734636 0.6336686 1.000224 -0.03863644 0.6341688 1.000224 -0.03828644 0.6342687 0.9987137 -0.03758645 0.6345688 0.9987137 -0.03714632 0.6347686 0.9987137 -0.03665637 0.6351687 1.000224 -0.03679633 0.6349686 1.000224 -0.03734636 0.6354686 1.001644 -0.03768634 0.6345688 1.000224 -0.03785634 0.6350685 1.001644 -0.03827643 0.6358687 1.001644 -0.0370264 0.6366688 1.002934 -0.03733634 0.6377686 1.004044 -0.03771638 0.6389686 1.004944 -0.03815627 0.6339685 1.004044 -0.0414164 0.6349686 1.004044 -0.04095625 0.6366688 1.004944 -0.04132628 0.6376687 1.005604 -0.04241633 0.6363686 1.005604 -0.04330635 0.6356686 1.004944 -0.04207634 0.6349686 1.005604 -0.04396629 0.6344687 1.004944 -0.04262638 0.6354686 1.006014 -0.04539632 0.6370686 1.006014 -0.04462623 0.6385685 1.006014 -0.04358625 0.6398686 1.006014 -0.0422964 0.6422688 1.006144 -0.04159641 0.6415688 1.005604 -0.04715633 0.6138686 0.9862037 -0.01059627 0.6161686 0.9811437 -0.01059627 0.6161686 0.9811437 -5.96312e-4 0.6138686 0.9862037 -5.96312e-4 0.6494686 0.9656327 -0.01059627 0.6438686 0.9651427 -0.01059627 0.6383687 0.9656327 -0.01059627 0.6329686 0.9670727 -0.01059627 0.6278688 0.9694337 -0.01059627 0.6233686 0.9726337 -0.01059627 0.6193687 0.9765737 -0.01059627 0.6123687 0.9915937 -0.01059627 0.6118685 0.9971437 -0.01059627 0.6123687 1.002704 -0.01059627 0.6138686 1.008094 -0.01059627 0.6161686 1.013144 -0.01059627 0.6193687 1.017714 -0.01059627 0.6233686 1.021664 -0.01059627 0.6278688 1.024864 -0.01059627 0.6329686 1.027214 -0.01059627 0.6383687 1.028664 -0.01059627 0.6438686 1.029144 -0.01059627 0.6494686 1.028664 -0.01059627 0.6548687 1.027214 -0.01059627 0.6598686 1.024864 -0.01059627 0.6644687 1.021664 -0.01059627 0.6683685 1.017714 -0.01059627 0.6715685 1.013144 -0.01059627 0.6739687 1.008094 -0.01059627 0.6753687 1.002704 -0.01059627 0.6758686 0.9971437 -0.01059627 0.6753687 0.9915937 -0.01059627 0.6739687 0.9862037 -0.01059627 0.6715685 0.9811437 -0.01059627 0.6683685 0.9765737 -0.01059627 0.6644687 0.9726337 -0.01059627 0.6598686 0.9694337 -0.01059627 0.6548687 0.9670727 -0.01059627 0.6494686 0.9656327 -5.96312e-4 0.6438686 0.9651427 -5.96312e-4 0.6548687 0.9670727 -5.96312e-4 0.6598686 0.9694337 -5.96312e-4 0.6644687 0.9726337 -5.96312e-4 0.6683685 0.9765737 -5.96312e-4 0.6715685 0.9811437 -5.96312e-4 0.6739687 0.9862037 -5.96312e-4 0.6753687 0.9915937 -5.96312e-4 0.6758686 0.9971437 -5.96312e-4 0.6753687 1.002704 -5.96312e-4 0.6739687 1.008094 -5.96312e-4 0.6715685 1.013144 -5.96312e-4 0.6683685 1.017714 -5.96312e-4 0.6644687 1.021664 -5.96312e-4 0.6598686 1.024864 -5.96312e-4 0.6548687 1.027214 -5.96312e-4 0.6494686 1.028664 -5.96312e-4 0.6438686 1.029144 -5.96312e-4 0.6383687 1.028664 -5.96312e-4 0.6329686 1.027214 -5.96312e-4 0.6278688 1.024864 -5.96312e-4 0.6233686 1.021664 -5.96312e-4 0.6193687 1.017714 -5.96312e-4 0.6161686 1.013144 -5.96312e-4 0.6138686 1.008094 -5.96312e-4 0.6123687 1.002704 -5.96312e-4 0.6118685 0.9971437 -5.96312e-4 0.6123687 0.9915937 -5.96312e-4 0.6383687 0.9656327 -5.96312e-4 0.6329686 0.9670727 -5.96312e-4 0.6278688 0.9694337 -5.96312e-4 0.6233686 0.9726337 -5.96312e-4 0.6193687 0.9765737 -5.96312e-4 0.6483685 1.004944 0.0646035 0.6483685 1.004944 0.03940361 0.6469685 1.005604 0.03940361 0.6469685 1.005604 0.06454366 0.6496688 1.004044 0.06465357 0.6496688 1.004044 0.03940361 0.6507686 1.002934 0.06470364 0.6507686 1.002934 0.03940361 0.6516687 1.001644 0.06474369 0.6516687 1.001644 0.03940361 0.6523687 1.000224 0.06477349 0.6523687 1.000224 0.03940361 0.6527687 0.9987137 0.06479352 0.6527687 0.9987137 0.03940361 0.6528686 0.9971437 0.03940361 0.6528686 0.9971437 0.06479352 0.6524688 0.9987137 0.06803363 0.6520687 1.000224 0.06796354 0.6514686 1.001644 0.06784361 0.6505686 1.002934 0.06769365 0.6494686 1.004044 0.06749361 0.6481687 1.004944 0.06727355 0.6467687 1.005604 0.06702369 0.6452686 1.006014 0.06676357 0.6454686 1.006014 0.06447356 0.6454686 1.006014 0.03940361 0.6438686 1.006144 0.03940361 0.6438686 1.006144 0.06440371 0.6423687 1.006014 0.03940361 0.6423687 1.006014 0.06433361 0.6408688 1.005604 0.03940361 0.6408688 1.005604 0.06427353 0.6393687 1.004944 0.03940361 0.6393687 1.004944 0.06420367 0.6380688 1.004044 0.03940361 0.6380688 1.004044 0.06415361 0.6369687 1.002934 0.03940361 0.6369687 1.002934 0.06410354 0.6360685 1.001644 0.03940361 0.6360685 1.001644 0.06406348 0.6354686 1.000224 0.03940361 0.6354686 1.000224 0.06403368 0.6350685 0.9987137 0.03940361 0.6350685 0.9987137 0.06401365 0.6348688 0.9971437 0.03940361 0.6348688 0.9971437 0.0649237 0.6350685 0.9955837 0.06401365 0.6350685 0.9955837 0.03940361 0.6349686 0.9955837 0.06494349 0.6354686 0.9940637 0.06403368 0.6353685 0.9940637 0.06501358 0.6360685 0.9926437 0.06406348 0.6359688 0.9926437 0.06513351 0.6369687 0.9913637 0.06410354 0.6368686 0.9913637 0.06528371 0.6380688 0.9902537 0.06415361 0.6379687 0.9902537 0.06548351 0.6393687 0.9893537 0.06420367 0.6392685 0.9893537 0.06570357 0.6408688 0.9886937 0.06427353 0.6406685 0.9886937 0.06595367 0.6421687 0.9882837 0.06621354 0.6423687 0.9882837 0.06433361 0.6408688 0.9886937 0.03940361 0.6423687 0.9882837 0.03940361 0.6438686 0.9881437 0.03940361 0.6438686 0.9881437 0.06440371 0.6454686 0.9882837 0.03940361 0.6454686 0.9882837 0.06447356 0.6469685 0.9886937 0.03940361 0.6469685 0.9886937 0.06454366 0.6483685 0.9893537 0.03940361 0.6483685 0.9893537 0.0646035 0.6496688 0.9902537 0.03940361 0.6496688 0.9902537 0.06465357 0.6507686 0.9913637 0.03940361 0.6507686 0.9913637 0.06470364 0.6516687 0.9926437 0.03940361 0.6516687 0.9926437 0.06474369 0.6523687 0.9940637 0.03940361 0.6523687 0.9940637 0.06477349 0.6527687 0.9955837 0.03940361 0.6527687 0.9955837 0.06479352 0.6524688 0.9955837 0.06803363 0.6525685 0.9971437 0.06805366 0.6515685 0.9987137 0.07155364 0.6511685 1.000224 0.07141369 0.6505686 1.001644 0.07118362 0.6496688 1.002934 0.07087367 0.6486687 1.004044 0.07049363 0.6474687 1.004944 0.07005351 0.6460687 1.005604 0.06956356 0.6446687 1.006014 0.06904357 0.6431686 1.006144 0.06851357 0.6436688 1.006144 0.06649369 0.6421687 1.006014 0.06621354 0.6406685 1.005604 0.06595367 0.6392685 1.004944 0.06570357 0.6379687 1.004044 0.06548351 0.6368686 1.002934 0.06528371 0.6359688 1.001644 0.06513351 0.6353685 1.000224 0.06501358 0.6349686 0.9987137 0.06494349 0.6347686 0.9987137 0.06546348 0.6346685 0.9971437 0.06542366 0.6347686 0.9955837 0.06546348 0.6351687 0.9940637 0.06560367 0.6358687 0.9926437 0.0658335 0.6366688 0.9913637 0.06614369 0.6377686 0.9902537 0.06652349 0.6389686 0.9893537 0.06696361 0.6402687 0.9886937 0.06745356 0.6416687 0.9882837 0.06797355 0.6436688 0.9881437 0.06649369 0.6431686 0.9881437 0.06851357 0.6452686 0.9882837 0.06676357 0.6446687 0.9882837 0.06904357 0.6460687 0.9886937 0.06956356 0.6467687 0.9886937 0.06702369 0.6481687 0.9893537 0.06727355 0.6494686 0.9902537 0.06749361 0.6505686 0.9913637 0.06769365 0.6514686 0.9926437 0.06784361 0.6520687 0.9940637 0.06796354 0.6511685 0.9940637 0.07141369 0.6515685 0.9955837 0.07155364 0.6516687 0.9971437 0.07160371 0.6499688 0.9987137 0.07485359 0.6496688 1.000224 0.07465356 0.6490685 1.001644 0.07431358 0.6482686 1.002934 0.07386368 0.6473686 1.004044 0.07330363 0.6461686 1.004944 0.07266348 0.6449686 1.005604 0.07195371 0.6436688 1.006014 0.07119363 0.6422688 1.006144 0.07040351 0.6409687 1.006014 0.06962364 0.6416687 1.006014 0.06797355 0.6402687 1.005604 0.06745356 0.6389686 1.004944 0.06696361 0.6377686 1.004044 0.06652349 0.6366688 1.002934 0.06614369 0.6358687 1.001644 0.0658335 0.6351687 1.000224 0.06560367 0.6345688 0.9987137 0.06595367 0.6344687 0.9971437 0.06588357 0.6345688 0.9955837 0.06595367 0.6349686 0.9940637 0.06616348 0.6354686 0.9926437 0.06649369 0.6362687 0.9913637 0.06694358 0.6372687 0.9902537 0.06750363 0.6383687 0.9893537 0.06814354 0.6395687 0.9886937 0.06886357 0.6409687 0.9882837 0.06962364 0.6422688 0.9881437 0.07040351 0.6436688 0.9882837 0.07119363 0.6449686 0.9886937 0.07195371 0.6461686 0.9893537 0.07266348 0.6474687 0.9893537 0.07005351 0.6486687 0.9902537 0.07049363 0.6496688 0.9913637 0.07087367 0.6505686 0.9926437 0.07118362 0.6490685 0.9926437 0.07431358 0.6496688 0.9940637 0.07465356 0.6499688 0.9955837 0.07485359 0.6500687 0.9971437 0.07492369 0.6478688 0.9987137 0.07783359 0.6475686 1.000224 0.07757371 0.6470686 1.001644 0.0771436 0.6463686 1.002934 0.07656353 0.6455685 1.004044 0.07585352 0.6445686 1.004944 0.07502359 0.6434685 1.005604 0.07410353 0.6422688 1.006014 0.07312363 0.6410686 1.006144 0.07211369 0.6398686 1.006014 0.07111352 0.6387688 1.005604 0.07013362 0.6395687 1.005604 0.06886357 0.6383687 1.004944 0.06814354 0.6372687 1.004044 0.06750363 0.6362687 1.002934 0.06694358 0.6354686 1.001644 0.06649369 0.6349686 1.000224 0.06616348 0.6345688 1.000224 0.06666368 0.6342687 0.9987137 0.06640356 0.6341688 0.9971437 0.06631368 0.6342687 0.9955837 0.06640356 0.6345688 0.9940637 0.06666368 0.6350685 0.9926437 0.06709355 0.6357685 0.9913637 0.06767362 0.6366688 0.9902537 0.06838363 0.6376687 0.9893537 0.06921356 0.6387688 0.9886937 0.07013362 0.6398686 0.9882837 0.07111352 0.6410686 0.9881437 0.07211369 0.6422688 0.9882837 0.07312363 0.6434685 0.9886937 0.07410353 0.6445686 0.9893537 0.07502359 0.6455685 0.9902537 0.07585352 0.6473686 0.9902537 0.07330363 0.6482686 0.9913637 0.07386368 0.6470686 0.9926437 0.0771436 0.6475686 0.9940637 0.07757371 0.6478688 0.9955837 0.07783359 0.6479687 0.9971437 0.07792371 0.6454686 0.9971437 0.08051365 0.6453687 0.9987137 0.08041352 0.6450688 1.000224 0.08010357 0.6446687 1.001644 0.07959359 0.6440686 1.002934 0.07890361 0.6433686 1.004044 0.07804363 0.6424686 1.004944 0.07705348 0.6415688 1.005604 0.07596367 0.6406685 1.006014 0.07480353 0.6395687 1.006144 0.07359355 0.6385685 1.006014 0.07239359 0.6376687 1.005604 0.07123368 0.6376687 1.004944 0.06921356 0.6366688 1.004944 0.07013362 0.6366688 1.004044 0.06838363 0.6358687 1.004044 0.06915348 0.6357685 1.002934 0.06767362 0.6351687 1.002934 0.06829351 0.6345688 1.001644 0.06760352 0.6350685 1.001644 0.06709355 0.6341688 1.000224 0.06709355 0.6338688 0.9987137 0.0667836 0.6337687 0.9971437 0.06667369 0.6338688 0.9955837 0.0667836 0.6341688 0.9940637 0.06709355 0.6345688 0.9926437 0.06760352 0.6351687 0.9913637 0.06829351 0.6358687 0.9902537 0.06915348 0.6366688 0.9893537 0.07013362 0.6376687 0.9886937 0.07123368 0.6385685 0.9882837 0.07239359 0.6395687 0.9881437 0.07359355 0.6406685 0.9882837 0.07480353 0.6415688 0.9886937 0.07596367 0.6424686 0.9893537 0.07705348 0.6433686 0.9902537 0.07804363 0.6463686 0.9913637 0.07656353 0.6440686 0.9913637 0.07890361 0.6446687 0.9926437 0.07959359 0.6450688 0.9940637 0.08010357 0.6453687 0.9955837 0.08041352 0.6423687 0.9955837 0.08250349 0.6423687 0.9971437 0.08262366 0.6423687 0.9987137 0.08250349 0.6421687 1.000224 0.08215349 0.6417686 1.001644 0.08157366 0.6413685 1.002934 0.08079355 0.6407687 1.004044 0.07982367 0.6401688 1.004944 0.07871359 0.6394688 1.005604 0.07747358 0.6386687 1.006014 0.07615369 0.6378685 1.006144 0.07479351 0.6370686 1.006014 0.07344359 0.6363686 1.005604 0.0721237 0.6356686 1.004944 0.07088369 0.6349686 1.004044 0.0697636 0.6344687 1.002934 0.06880348 0.6339685 1.001644 0.06802362 0.6336686 1.000224 0.06744354 0.6334688 0.9987137 0.06709355 0.6333686 0.9971437 0.06697362 0.6334688 0.9955837 0.06709355 0.6336686 0.9940637 0.06744354 0.6339685 0.9926437 0.06802362 0.6344687 0.9913637 0.06880348 0.6349686 0.9902537 0.0697636 0.6356686 0.9893537 0.07088369 0.6363686 0.9886937 0.0721237 0.6370686 0.9882837 0.07344359 0.6378685 0.9881437 0.07479351 0.6386687 0.9882837 0.07615369 0.6394688 0.9886937 0.07747358 0.6401688 0.9893537 0.07871359 0.6407687 0.9902537 0.07982367 0.6413685 0.9913637 0.08079355 0.6417686 0.9926437 0.08157366 0.6421687 0.9940637 0.08215349 0.6390687 0.9955837 0.08404368 0.6390687 0.9971437 0.08417361 0.6390687 0.9987137 0.08404368 0.6388687 1.000224 0.08366364 0.6386687 1.001644 0.0830335 0.6383687 1.002934 0.08218353 0.6379687 1.004044 0.08113354 0.6375686 1.004944 0.07992357 0.6370686 1.005604 0.07858365 0.6365687 1.006014 0.07715362 0.6359688 1.006144 0.07568353 0.6354686 1.006014 0.07420367 0.6349686 1.005604 0.07277363 0.6344687 1.004944 0.07143348 0.6339685 1.004044 0.07022351 0.6336686 1.002934 0.06917351 0.6333686 1.001644 0.06833356 0.6330687 1.000224 0.06770366 0.6329686 0.9987137 0.06732362 0.6328687 0.9971437 0.06719368 0.6329686 0.9955837 0.06732362 0.6330687 0.9940637 0.06770366 0.6333686 0.9926437 0.06833356 0.6336686 0.9913637 0.06917351 0.6339685 0.9902537 0.07022351 0.6344687 0.9893537 0.07143348 0.6349686 0.9886937 0.07277363 0.6354686 0.9882837 0.07420367 0.6359688 0.9881437 0.07568353 0.6365687 0.9882837 0.07715362 0.6370686 0.9886937 0.07858365 0.6375686 0.9893537 0.07992357 0.6379687 0.9902537 0.08113354 0.6383687 0.9913637 0.08218353 0.6386687 0.9926437 0.0830335 0.6388687 0.9940637 0.08366364 0.6355687 0.9955837 0.08498352 0.6355687 0.9971437 0.08512347 0.6355687 0.9987137 0.08498352 0.6354686 1.000224 0.08458369 0.6353685 1.001644 0.08392351 0.6351687 1.002934 0.0830335 0.6349686 1.004044 0.08194369 0.6347686 1.004944 0.08067363 0.6345688 1.005604 0.07926362 0.6342687 1.006014 0.07776349 0.6339685 1.006144 0.07622355 0.6336686 1.006014 0.07467359 0.6334688 1.005604 0.07318371 0.6331686 1.004944 0.0717737 0.6329686 1.004044 0.07050365 0.6327688 1.002934 0.06940358 0.6326686 1.001644 0.06851357 0.6324686 1.000224 0.06786364 0.6324686 0.9987137 0.06746357 0.6323687 0.9971437 0.06732362 0.6324686 0.9955837 0.06746357 0.6324686 0.9940637 0.06786364 0.6326686 0.9926437 0.06851357 0.6327688 0.9913637 0.06940358 0.6329686 0.9902537 0.07050365 0.6331686 0.9893537 0.0717737 0.6334688 0.9886937 0.07318371 0.6336686 0.9882837 0.07467359 0.6339685 0.9881437 0.07622355 0.6342687 0.9882837 0.07776349 0.6345688 0.9886937 0.07926362 0.6347686 0.9893537 0.08067363 0.6349686 0.9902537 0.08194369 0.6351687 0.9913637 0.0830335 0.6353685 0.9926437 0.08392351 0.6354686 0.9940637 0.08458369 0.6322686 0.9955837 0.08526366 0.6322686 0.9971437 0.08540362 0.6322686 0.9987137 0.08526366 0.6322686 1.000224 0.0848636 0.6322686 1.001644 0.08420366 0.6321687 1.002934 0.08330363 0.6321687 1.004044 0.08219355 0.6320688 1.004944 0.0809037 0.6320688 1.005604 0.07948368 0.6319686 1.006014 0.07796353 0.6318685 1.006144 0.07640355 0.6318685 1.006014 0.07484358 0.6317686 1.005604 0.07332366 0.6316687 1.004944 0.07190364 0.6316687 1.004044 0.07062357 0.6315686 1.002934 0.06951349 0.6315686 1.001644 0.0686137 0.6315686 1.000224 0.06794351 0.6314687 0.9987137 0.06754368 0.6314687 0.9971437 0.06740349 0.6314687 0.9955837 0.06754368 0.6315686 0.9940637 0.06794351 0.6315686 0.9926437 0.0686137 0.6315686 0.9913637 0.06951349 0.6316687 0.9902537 0.07062357 0.6316687 0.9893537 0.07190364 0.6317686 0.9886937 0.07332366 0.6318685 0.9882837 0.07484358 0.6318685 0.9881437 0.07640355 0.6319686 0.9882837 0.07796353 0.6320688 0.9886937 0.07948368 0.6320688 0.9893537 0.0809037 0.6321687 0.9902537 0.08219355 0.6321687 0.9913637 0.08330363 0.6322686 0.9926437 0.08420366 0.6322686 0.9940637 0.0848636 0.5328685 0.9955837 0.08526366 0.5328685 0.9940637 0.0848636 0.5328685 0.9971437 0.08540362 0.5328685 0.9987137 0.08526366 0.5328685 1.000224 0.0848636 0.5328685 1.001644 0.08420366 0.5328685 1.002934 0.08330363 0.5328685 1.004044 0.08219355 0.5328685 1.004944 0.0809037 0.5328685 1.005604 0.07948368 0.5328685 1.006014 0.07796353 0.5328685 1.006144 0.07640355 0.5328685 1.006014 0.07484358 0.5328685 1.005604 0.07332366 0.5328685 1.004944 0.07190364 0.5328685 1.004044 0.07062357 0.5328685 1.002934 0.06951349 0.5328685 1.001644 0.0686137 0.5328685 1.000224 0.06794351 0.5328685 0.9987137 0.06754368 0.5328685 0.9971437 0.06740349 0.5328685 0.9955837 0.06754368 0.5328685 0.9940637 0.06794351 0.5328685 0.9926437 0.0686137 0.5328685 0.9913637 0.06951349 0.5328685 0.9902537 0.07062357 0.5328685 0.9893537 0.07190364 0.5328685 0.9886937 0.07332366 0.5328685 0.9882837 0.07484358 0.5328685 0.9881437 0.07640355 0.5328685 0.9882837 0.07796353 0.5328685 0.9886937 0.07948368 0.5328685 0.9893537 0.0809037 0.5328685 0.9902537 0.08219355 0.5328685 0.9913637 0.08330363 0.5328685 0.9926437 0.08420366 0.6393687 0.9893537 0.03940361 0.6380688 0.9902537 0.03940361 0.6369687 0.9913637 0.03940361 0.6360685 0.9926437 0.03940361 0.6354686 0.9940637 0.03940361 0.7037686 2.160568 0.01440352 0.02132856 2.160568 0.01440352 0.02132856 1.108944 0.01440352 0.7037686 1.108944 0.01440352</float_array>
          <technique_common>
            <accessor source="#Mesh3_Group2_Group1_Model-mesh-positions-array" count="1072" stride="3">
              <param name="X" type="float"/>
              <param name="Y" type="float"/>
              <param name="Z" type="float"/>
            </accessor>
          </technique_common>
        </source>
        <source id="Mesh3_Group2_Group1_Model-mesh-normals">
          <float_array id="Mesh3_Group2_Group1_Model-mesh-normals-array" count="3546">-0.7071076 0 0.707106 -0.7071064 0 0.7071073 -0.7071064 0 0.7071072 0 -0.707154 0.7070596 0 -0.7071033 0.7071103 0 -0.7071031 0.7071105 0 0 1 0 0 1 0 0 1 0.7071076 0 0.707106 0.7071064 0 0.7071073 0.7071076 0 0.7071059 1 0 0 0 -1 0 -1 0 0 -1 0 0 -1 0 0 0 1 0 0 0.7070503 -0.7071633 0 0.7071145 -0.7070991 0 0.7071146 -0.707099 0.7070646 0 -0.707149 0.7070646 0 -0.707149 0 -0.7070503 -0.7071633 0 -0.7071226 -0.707091 0 -0.7071228 -0.7070909 -0.7070646 0 -0.707149 -0.7070646 0 -0.707149 0 0 -1 0 0 -1 0 0 -1 -0.7070646 0 -0.7071491 0 0.7070778 -0.7071358 0 0.7070406 -0.707173 0 0.707078 -0.7071356 0.3014867 0.3015049 -0.9045444 0.7071068 0 -0.7071068 0 0 -1 0 -0.7071226 -0.707091 0 -0.7071022 -0.7071114 -0.3015405 -0.3015506 -0.9045113 -0.7071129 -0.7071007 0 -0.707091 -0.7071226 0 -0.7070893 -0.7071244 0 0 -0.7071648 0.7070488 0 -0.7071444 0.7070692 0 -0.7071443 0.7070692 0 0 1 0 0 1 -0.7071062 0 0.7071074 -0.7071068 0 0.7071068 0 0.7071199 0.7070937 0 0.7070827 0.7071309 0 0.7070827 0.707131 0 0 1 0 0 1 0.7071481 0 0.7070654 0.7071492 0 0.7070645 0.7071482 0 0.7070654 0.3015164 0.3015345 0.9045246 0.7070857 0.7071279 0 0.7071067 -0.707107 0 0.7071067 -0.7071069 0 0.301552 -0.301552 0.9045069 0.3015222 -0.3015224 -0.9045267 0 0.7071831 0.7070305 0 0.707066 0.7071475 0 0.7070656 0.7071481 -0.301572 -0.3015632 0.9044966 -1 0 0 -1 0 0 -1 0 0 1 0 0 1 -6.53286e-7 0 1 -1.26769e-6 0 0 -0.7070647 -0.7071489 0 -0.7070646 -0.707149 -0.7070648 0 -0.7071489 -0.7070647 0 -0.7071489 -0.7070647 0 -0.7071489 0 0.7071378 -0.7070758 0 0.707046 -0.7071676 0 0.7070458 -0.7071678 0.7070648 0 -0.7071489 0.7070647 0 -0.7071489 0.7070647 0 -0.7071489 0 -0.7071068 0.7071068 0.7071074 0 0.7071063 0.7071071 0 0.7071066 0.707107 0 0.7071066 0 0.7071799 0.7070336 0 0.7070882 0.7071255 0 0.7070879 0.7071256 -0.7071072 0 0.7071064 -0.7071071 0 0.7071065 -0.7071072 0 0.7071065 -7.90271e-4 -0.9999998 0 -0.1738386 -0.9847742 0 -0.1738386 -0.9847742 0 0.1730602 -0.9849113 0 -7.90271e-4 -0.9999997 0 0.3437246 -0.9390705 0 0.1730602 -0.9849113 0 0.5007675 -0.8655818 0 0.3437246 -0.9390705 0 0.6435748 -0.7653833 0 0.5007649 -0.8655835 0 0.7676849 -0.6408275 0 0.6435726 -0.7653852 0 0.8643721 -0.5028528 0 0.7676849 -0.6408275 0 0.9398782 -0.3415102 0 0.8643747 -0.5028485 0 0.9852474 -0.1711362 0 0.9398818 -0.3415003 0 1 -8.00028e-5 0 0.9852484 -0.1711308 0 0.9852619 0.1710534 0 1 -7.99909e-5 0 0.9397508 0.3418601 0 0.9852609 0.1710587 0 0.8641827 0.5031782 0 0.9397473 0.34187 0 0.7680913 0.6403403 0 0.8641802 0.5031824 0 0.6440613 0.7649739 0 0.7680915 0.6403402 0 0.4999873 0.8660328 0 0.6440638 0.7649719 0 0.3436849 0.9390851 0 0.4999901 0.8660312 0 0.1730386 0.9849151 0 0.3436847 0.9390852 0 -7.74463e-4 0.9999998 0 0.1730385 0.9849151 0 -0.1738013 0.9847809 0 -0.3401312 0.940378 0 -0.1738013 0.9847808 0 -0.5011847 0.8653404 0 -0.3401289 0.9403789 0 -0.6431663 0.7657266 0 -0.5011826 0.8653416 0 -0.7640183 0.6451947 0 -0.6431663 0.7657265 0 -0.8682513 0.4961247 0 -0.7640183 0.6451946 0 -0.9395802 0.3423291 0 -0.8682539 0.4961202 0 -0.9837418 0.1795884 0 -0.9395819 0.3423241 0 -1 -8.00437e-5 0 -0.9837418 0.1795883 0 -0.9837278 -0.1796658 0 -1 -8.00246e-5 0 -0.9397094 -0.3419741 0 -0.9837278 -0.1796657 0 -0.868438 -0.4957979 0 -0.9397076 -0.3419789 0 -0.7636088 -0.6456794 0 -0.8684354 -0.4958024 0 -0.6426768 -0.7661374 0 -0.7636087 -0.6456794 0 -0.5019497 -0.864897 0 -0.642677 -0.7661373 0 -0.3401581 -0.9403684 0 -0.5019518 -0.8648957 0 -0.3401603 -0.9403676 0 0 0 1 0 0 1 0 0 1 0.5574054 0.500767 -0.6622173 0.7204952 0.3404131 -0.604157 0.5957355 0.3305352 -0.7320148 0.6655635 0.5167641 -0.5384982 0.575728 0.6396636 -0.5092818 0.493808 0.6435671 -0.5847865 0.4000535 0.6426877 -0.6533833 0.4209536 0.7605791 -0.4942848 0.3070548 0.7760766 -0.5508381 0.2729218 0.6349325 -0.7227548 0.2020676 0.7665513 -0.6095637 0.1305226 0.6445763 -0.7533162 0.101454 0.7553845 -0.6473804 0.03864735 0.6555045 -0.7542017 0.03217059 0.7771409 -0.6285039 0 0.7654156 -0.6435364 0 0.6420751 -0.7666418 -1 -4.00283e-6 0 -1 3.99588e-6 0 0 -0.9844806 -0.1754939 -0.001681149 -0.9998407 0.01777267 0 -1 8.80537e-5 0 -0.9396124 -0.3422406 -0.01203429 -0.9842742 -0.1762371 0 -0.8658201 -0.5003554 0.01338642 -0.9404782 -0.3395903 0 -0.7654086 -0.6435446 0.01966154 -0.8652693 -0.5009217 0 -0.643535 -0.7654168 0.008914053 -0.7681198 -0.6402443 -2.83358e-7 -0.5032091 -0.8641647 0.01389032 -0.6479137 -0.7615872 0 -0.3420309 -0.9396888 0.01941072 -0.5087925 -0.8606705 0 -0.1725441 -0.9850019 0.04017609 -0.3410446 -0.9391883 0 -2.84698e-4 -1 0.04244929 -0.1855908 -0.9817098 0 0.1730694 -0.9849096 0.04368698 -2.79283e-4 -0.9990453 0 0.3428189 -0.9394016 0.0425896 0.1588363 -0.9863859 0 0.5012109 -0.8653252 0.04160267 0.3416555 -0.938904 0.03988409 0.4903978 -0.8705856 0.1759149 0.5011974 -0.8472634 0.2990749 0.4966414 -0.8148015 0.4082528 0.5008063 -0.7632319 0.4655696 0.3511632 -0.8123605 0.3078647 0.3598752 -0.8807436 0.1372367 0.3444241 -0.9287294 0.1999046 0.173547 -0.9643235 0.1450986 -2.70889e-4 -0.9894172 0.3166731 -2.28031e-4 -0.9485347 0.3634114 0.1715862 -0.9156912 0.5152907 0.1694966 -0.8400872 0.647285 0.1990308 -0.7358049 0.7629088 0.1414802 -0.6308356 0.8504449 0.1583157 -0.5016769 0.8249993 0.3383656 -0.4526422 0.7416459 0.5089336 -0.4369761 0.654901 0.63698 -0.4066463 0.5066266 0.763355 -0.4007725 0.5661588 0.76437 -0.3085497 0.4123809 0.8765676 -0.2481358 0.3832212 0.8608654 -0.3347422 0.3052133 0.8742741 -0.3774778 0.2543328 0.8645244 -0.4334886 0.1742507 0.8718016 -0.4578194 0.1856948 0.929945 -0.3173637 0.1157306 0.9458214 -0.303362 0.06928128 0.9396876 -0.3349438 0.05671888 0.9851559 -0.162021 0.02797746 0.9881421 -0.150972 0.005581676 0.9347648 -0.3552235 0.0832498 0.8600722 -0.5033342 0.0222522 0.8660159 -0.4995212 0 0.9396116 -0.3422428 0 0.8658807 -0.5002506 0.00990802 0.9846239 -0.1744071 0 0.9850142 -0.1724734 -0.001558899 0.9998628 0.01649266 0 0.9850271 0.1723998 0 1 -6.33032e-6 -0.01915919 0.9338905 0.3570457 0.01268476 0.9848747 0.1728035 0 0.9396392 0.3421671 -0.02142912 0.8668926 0.4980344 0 0.7662864 0.6424992 0 0.8667762 0.4986973 -0.03184425 0.64261 0.7655315 -0.008534491 0.7644025 0.644683 0 0.4986954 0.8667774 0 0.6421251 0.7665999 0 0.3400866 0.9403941 -0.03529173 0.4890796 0.871525 -0.04413712 0.1739798 0.9837596 -0.02514755 0.3346763 0.9419976 0 -2.82565e-4 1 0 0.1730675 0.98491 1.41508e-7 -0.1720607 0.9850863 -0.04448246 -2.79317e-4 0.9990102 0 -0.3393222 0.9406703 -0.04393273 -0.175025 0.9835834 0 -0.5002977 0.8658535 -0.06085485 -0.3473013 0.935777 0 -0.6435677 0.7653893 -0.0369594 -0.5119813 0.8582012 0 -0.7665727 0.6421577 -0.03260165 -0.6454849 0.763077 0 -0.8667373 0.4987651 -0.03000622 -0.7731356 0.6335307 0 -0.9396234 0.3422104 -0.0231077 -0.8679963 0.4960327 0 -0.9844611 0.175603 -0.01709312 -0.9404706 0.3394449 -0.0280267 -0.9848691 0.1710191 -0.02568405 -0.9891272 0.1448028 0.001581132 -0.9998356 -0.01806426 0.02774107 -0.9846745 -0.1721822 0.06931519 -0.939682 -0.3349524 0.08324551 -0.8600988 -0.5032895 0.101449 -0.7553736 -0.6473941 0.1303519 -0.6459769 -0.7521452 0.175716 -0.5027801 -0.8463665 0.1487971 -0.3265918 -0.9333795 0.19991 -0.172967 -0.9644265 0.3634923 -0.1709504 -0.9157781 0.4710143 -2.02455e-4 -0.8821256 0.6456509 -2.82139e-4 -0.7636327 0.7715997 -2.6859e-4 -0.6361086 0.8485214 -2.45197e-4 -0.529161 0.9276004 -2.18029e-4 -0.373574 0.9275457 0.1636627 -0.3359667 0.8958297 0.3257216 -0.3023153 0.8209812 0.4911105 -0.2912052 0.7074248 0.6520157 -0.2728108 0.6120185 0.7592608 -0.2212609 0.4835453 0.8572615 -0.1768801 0.3289434 0.9361263 -0.1243532 0.3001392 0.9382941 -0.1718163 0.2616643 0.9396958 -0.2202356 0.1602435 0.9827964 -0.09183251 0.1178085 0.988346 -0.09640294 0.114753 0.9849436 -0.1292974 0.01153403 0.9998725 -0.0110495 -0.002696275 0.9999962 -7.41906e-4 0.09331935 0.9828129 -0.1592814 -0.006987154 0.9999238 0.01017373 -1.86936e-4 0.9999999 5.90663e-4 5.32793e-5 1 -2.95956e-4 -0.02496027 0.9897288 0.140762 -0.06208032 0.9440473 0.3239147 -0.08828067 0.867644 0.4892858 -0.1188499 0.6515727 0.7492181 -0.1098186 0.7701632 0.628322 -0.1725499 0.502117 0.8474108 -0.1450581 0.360653 0.921351 -0.1851222 0.1879466 0.9645755 -0.1709787 -2.91985e-4 0.9852747 -0.1673922 -0.1833405 0.968693 -0.1450298 -0.3600091 0.9216072 -0.1724008 -0.5037366 0.8464795 -0.1186267 -0.6527611 0.7482184 -0.1141252 -0.7671756 0.6312029 -0.09032058 -0.8526081 0.5146861 -0.05092072 -0.9431937 0.3283182 -0.05814939 -0.9843638 0.1662726 -1.91559e-4 -0.9999998 7.00706e-4 0.05785351 -0.9846205 -0.1648499 0.1157357 -0.945796 -0.3034389 0.1742774 -0.8717975 -0.4578173 0.2020685 -0.7665289 -0.6095916 0.2724491 -0.6365484 -0.7215107 0.2987848 -0.4982963 -0.8138971 0.3079715 -0.3591805 -0.8809897 0.4657486 -0.3503253 -0.8126195 0.5153387 -0.1688797 -0.840182 0.6474167 -0.198267 -0.7358952 0.7629342 -0.1413185 -0.6308411 0.8505216 -0.1578264 -0.5017011 0.9276558 -0.1630483 -0.3359613 0.9806482 -2.07935e-4 -0.1957787 0.971869 0.16473 -0.1683294 0.9293161 0.3308657 -0.164011 0.8672475 0.480437 -0.1306223 0.7688125 0.626042 -0.13038 0.6413188 0.7585685 -0.1152569 0.4863436 0.8703086 -0.07767224 0.3383811 0.9393324 -0.05615103 0.1810462 0.9815754 -0.061091 0.1692687 0.9852198 -0.02626854 0.01031899 0.9999424 -0.00297743 -0.001385569 0.999995 0.002865672 -0.1654834 0.9847653 0.05341088 -0.1715852 0.9847555 0.02855479 -0.3366298 0.9389017 0.07172262 -0.3064124 0.9445419 0.1181194 -0.1602342 0.9829642 0.09003627 -0.321017 0.9293807 0.182208 -0.2553583 0.9455271 0.2019175 -0.360664 0.8831706 0.2998853 -0.4563168 0.8489658 0.2665185 -0.4840831 0.7790474 0.3984331 -0.5638474 0.7601821 0.3227992 -0.6551927 0.6377491 0.4049676 -0.573321 0.6479789 0.5014246 -0.4271151 0.7451104 0.5122336 -0.5045265 0.6436467 0.5754755 -0.4046284 0.6430006 0.6502508 -0.5550516 0.5270443 0.6435388 -0.4231876 0.51646 0.7444337 -0.2737901 0.6300036 0.7267286 -0.3186264 0.4882546 0.8124561 -0.2884019 0.3460691 0.8927825 -0.3528402 0.1759759 0.9189866 -0.3082942 -2.94664e-4 0.9512911 -0.3526437 -0.1754797 0.9191569 -0.2883973 -0.3453031 0.8930805 -0.3183318 -0.4895531 0.8117898 -0.2731828 -0.6316338 0.7255412 -0.2016375 -0.7658421 0.6105965 -0.1547414 -0.877514 0.4538993 -0.1270774 -0.9394958 0.3181179 -0.09387004 -0.9808949 0.1703928 -0.007520794 -0.9999122 0.01092356 0.09471291 -0.9823085 -0.1615538 0.1856952 -0.929921 -0.317434 0.2543292 -0.8645341 -0.4334713 0.3070756 -0.7760775 -0.5508251 0.3994367 -0.6440879 -0.6523812 0.4078118 -0.5023987 -0.7624207 0.5567987 -0.5023586 -0.6615218 0.5959171 -0.3295437 -0.7323141 0.7207174 -0.3396614 -0.604315 0.8252096 -0.3376279 -0.4528095 0.8961421 -0.3247504 -0.3024345 0.9719744 -0.1640781 -0.1683578 0.998124 -2.04328e-4 -0.06122463 0.9820549 0.1805325 -0.05455517 0.931842 0.3597885 -0.04714745 0.8519362 0.5225949 -0.03315401 0.7554373 0.6545113 -0.03049206 0.6267963 0.77873 -0.02657234 0.4835939 0.8750233 -0.02171069 0.3287666 0.9442811 -0.01567721 0.1542968 0.9879952 -0.007623732 -0.01912105 0.9998154 0.001909077 -0.1752019 0.9844887 0.009285628 -0.3356317 0.9417257 0.02245634 -0.4874769 0.8698664 0.07549095 -0.5032458 0.8638748 0.02154469 -0.6294469 0.7719761 0.08859813 -0.6546024 0.7553261 0.03128004 -0.760006 0.6408653 0.1080865 -0.7768424 0.6283349 0.04136461 -0.8576524 0.4979614 0.128324 -0.8831558 0.4662289 0.05163854 -0.9232583 0.3404558 0.1780002 -0.9485879 0.3109372 0.05915409 -0.95267 0.1800527 0.2449508 -0.9828273 0.1768592 0.05264419 -0.98677 -2.71834e-4 0.1621258 -1 -3.99477e-4 0 -0.981472 0.1916061 0 -0.9462534 0.3234264 0 -0.8754338 0.4833381 0 -0.7679997 0.6404502 0 -0.6424626 0.766317 0 -0.4881976 0.8727331 0 -0.3341073 0.9425352 0 -0.1757401 0.9844367 0 -0.002693593 0.9999964 0 0.1730937 0.9849054 0 0.3463705 0.9380978 0 0.4994653 0.866334 0 0.6424621 0.7663175 0 0.7680659 0.6403708 0 0.8609982 0.5086082 0 0.9364259 0.3508656 0 0.9870196 0.1605999 0 1 -2.022e-4 0 0.987118 -0.1599941 0 0.9821957 -0.1797581 -0.05457752 0.9295875 -0.3300752 -0.164066 0.8202403 -0.4924973 -0.2909508 0.7407605 -0.5105952 -0.4365392 0.7064833 -0.6531955 -0.2724281 0.7672622 -0.6279846 -0.1301704 0.8665407 -0.4817443 -0.1304987 0.9320743 -0.3591852 -0.0471549 0.9367119 -0.3501014 0 0.8613173 -0.5060578 -0.0451467 0.86006 -0.510193 0 0.7685406 -0.6382308 -0.04479759 0.7668853 -0.6417843 0 0.6445751 -0.7633008 -0.0435301 0.6427508 -0.7660754 -2.32008e-7 0.5014879 -0.8643347 -0.03789144 0.499477 -0.8663272 0 0.3484287 -0.9367214 -0.03392153 0.3463541 -0.9381039 0 0.1775287 -0.9837065 -0.02837604 0.1761351 -0.9843661 0 -0.002370119 -0.9997892 -0.02039742 -0.002896487 -0.9999958 0 -0.1759113 -0.9843848 0.00646913 -0.1789796 -0.9838528 0 -0.3381951 -0.9409744 0.01383459 -0.3340916 -0.9425407 0 -0.4903885 -0.8714973 -0.003441095 -0.4882102 -0.8727262 0 -0.6454131 -0.7638131 0.005605876 -0.6424864 -0.7662971 0 -0.7703593 -0.6374208 0.01553213 -0.7668188 -0.6418637 0 -0.8780758 -0.4781172 0.01966512 -0.8745421 -0.4849496 0 -0.9489116 -0.31367 0.03432315 -0.946517 -0.3226542 0 -0.9841831 -0.1728515 0.03880834 -0.9815517 -0.1911974 0 -0.9528051 -0.1792776 0.244994 -0.9273631 -2.1704e-4 0.3741626 -0.9168694 -0.1519378 0.3691415 -0.8915317 -2.48526e-4 0.4529585 -0.853913 -0.1908288 0.4841665 -0.758417 -2.7284e-4 0.6517697 -0.7458959 -0.1923996 0.637669 -0.6367685 -0.1797183 0.7498181 -0.6337134 -0.3428263 0.6934533 -0.7375783 -0.3370243 0.5851435 -0.6725027 -0.5006521 0.5450574 -0.5542449 -0.5291466 0.6425081 -0.4684394 -0.3309295 0.8191766 -0.523183 -0.1615055 0.8367769 -0.6305583 -3.01641e-4 0.776142 -0.6365903 0.1802839 0.7498337 -0.5232518 0.1617846 0.8366799 -0.4715986 -3.09821e-4 0.8818134 -0.4272578 -0.4924986 0.758219 -0.4039936 -0.6444002 0.6492593 -0.320416 -0.7641533 0.5598244 -0.2440254 -0.8678113 0.4328457 -0.181389 -0.9392291 0.2914562 -0.1101535 -0.9838994 0.1407416 -0.002902746 -0.9999955 -7.95475e-4 0.116765 -0.9844103 -0.1315381 0.207505 -0.9443959 -0.2550652 0.3052601 -0.8742464 -0.3775043 0.4209662 -0.7605621 -0.4943003 0.4930667 -0.6449372 -0.5839018 0.5748759 -0.6410487 -0.5085021 0.6646615 -0.5186498 -0.5377987 0.6539354 -0.6383772 -0.4060087 0.5661882 -0.7643415 -0.308566 0.5066635 -0.7633458 -0.4007436 0.3831951 -0.8608908 -0.3347069 0.4123913 -0.876558 -0.2481526 0.4834467 -0.8572779 -0.1770703 0.6120812 -0.7592098 -0.2212628 0.6413055 -0.7585836 -0.1152307 0.4863103 -0.8703272 -0.07767236 0.3290187 -0.9360945 -0.1243939 0.3002465 -0.9382472 -0.1718848 0.162519 -0.9823052 -0.09308099 0.2616504 -0.9397047 -0.2202143 0.1207304 -0.9877696 -0.09866863 -0.001233637 -0.9999989 8.95452e-4 0.01107817 -0.9999336 -0.003219723 0.1833902 -0.981085 -0.06197094 0.3384193 -0.9393187 -0.05614954 0.1722769 -0.9846814 -0.02689498 -0.001491487 -0.9999942 0.003092885 -0.1747956 -0.9841759 0.02905642 -0.1684784 -0.9842036 0.05439203 -0.1625878 -0.9824586 0.09132641 -0.1248559 -0.9859064 0.1113532 0.01239448 -0.9998528 -0.01186996 -0.22316 -0.9401136 0.257655 -0.3182346 -0.8620399 0.3944793 -0.3606745 -0.8831527 0.2999252 -0.2554107 -0.9454975 0.2019902 -0.3210425 -0.9293643 0.1822466 -0.3064872 -0.9445109 0.1181731 -0.3366852 -0.9388766 0.07179123 -0.4874395 -0.8698864 0.07550126 -0.4476504 -0.8786329 0.1661732 -0.456295 -0.8489828 0.266502 -0.577854 -0.7905233 0.2028735 -0.6294648 -0.771971 0.08851528 -0.7588984 -0.6422047 0.1079187 -0.7008816 -0.6686226 0.248413 -0.563863 -0.7601537 0.3228388 -0.4840907 -0.7790272 0.3984634 -0.4271673 -0.745101 0.5122038 -0.5724741 -0.6493097 0.50067 -0.654031 -0.6393415 0.404334 -0.7944704 -0.5367834 0.284043 -0.8567435 -0.4995681 0.1281489 -0.923442 -0.3398777 0.1781517 -0.8813546 -0.3467262 0.3209282 -0.7525109 -0.4713705 0.4599319 -0.5038236 -0.6449794 0.5745986 -0.8228693 -0.3368756 0.4576038 -0.4618817 0.3321667 0.8223932 -0.6335596 0.3436211 0.6932004 -0.7456157 0.1932089 0.6377521 -0.8537719 0.1915977 0.4841117 -0.9168513 0.1522804 0.3690455 -0.8811104 0.3475161 0.3207444 -0.8225998 0.3377592 0.4574368 -0.7529996 0.4702494 0.4602796 -0.7373318 0.3378194 0.5849956 -0.6732187 0.4990763 0.5456186 -0.7957147 0.5346829 0.2845217 -0.7015956 0.6677781 0.2486689 -0.5778198 0.7905397 0.2029072 -0.447643 0.8786356 0.166178 -0.2015928 0.7658556 0.6105945 -0.3204419 0.7641171 0.5598591 -0.3182431 0.8620308 0.3944926 -0.2296316 0.9348742 0.2707018 -0.1813373 0.9392514 0.2914167 -0.2382698 0.8774913 0.416217 -0.1270422 0.9395104 0.3180888 -0.154736 0.877537 0.4538565 -0.05697911 0.9849087 0.1634268 -0.09261089 0.9813882 0.168227 -0.108246 0.9844548 0.1383172 -0.1105672 0.9893106 0.09507673 -0.001156628 0.999999 8.56333e-4 0.2074786 0.9444311 -0.2549564 -0.8684358 -0.4958017 0 -0.9397094 -0.3419741 0 0 0 -1 0 0 -1 0 0 -1 0.1730602 -0.9849113 0 -7.9028e-4 -0.9999997 0 0.5007644 -0.8655837 0 0.3437268 -0.9390697 0 0.643577 -0.7653815 0 0.5007666 -0.8655825 0 0.7676831 -0.6408298 0 0.6435739 -0.765384 0 0.8643736 -0.5028502 0 0.7676835 -0.6408293 0 0.9398818 -0.3415002 0 0.8643734 -0.5028507 0 0.9852469 -0.171139 0 0.93988 -0.3415049 0 1 -8.56201e-5 0 0.9852479 -0.1711335 0 0.9852614 0.171056 0 1 -7.43785e-5 0 0.9397493 0.3418647 0 0.9852604 0.1710615 0 0.8641815 0.5031804 0 0.939751 0.3418599 0 0.76809 0.6403421 0 0.8641817 0.50318 0 0.6440628 0.7649727 0 0.7680897 0.6403425 0 0.499989 0.8660318 0 0.6440659 0.7649701 0 0.3436871 0.9390843 0 0.4999869 0.866033 0 0.3436847 0.9390851 0 0.1730385 0.9849151 0 -0.1738013 0.9847809 0 -0.3401278 0.9403792 0 -0.1738013 0.9847808 0 -0.5011835 0.865341 0 -0.34013 0.9403784 0 -0.6431663 0.7657266 0 -0.5011856 0.8653398 0 -0.8682541 0.49612 0 -0.7640153 0.6451982 0 -0.9395819 0.3423241 0 -0.8682517 0.496124 0 -0.9837418 0.1795884 0 -1 -8.00318e-5 0 -0.9837418 0.1795884 0 -1 -8.00294e-5 0 -0.9837278 -0.1796657 0 -0.1738386 -0.9847742 0 -0.340157 -0.9403687 0 -0.3401592 -0.9403679 0 -0.5019506 -0.8648963 0 -0.5019526 -0.8648952 0 -0.642677 -0.7661374 0 -0.7636086 -0.6456794 0 -0.7636057 -0.6456829 0 -0.8684381 -0.4957977 0 0.4994587 0.8663378 0 0.3288103 0.9442654 0.01570111 0.4836729 0.8749784 0.02175533 0.6427 0.766118 4.97187e-7 0.626798 0.7787285 0.02657932 0.7680452 0.6403958 0 0.7554134 0.6545422 0.03041654 0.8609979 0.5086085 0 0.851967 0.5225471 0.03311783 0.936441 0.3508254 0 0.9318428 0.3597876 0.04713702 0.9870265 0.1605576 0 0.9820489 0.1805623 0.05456531 0.9981243 -2.05881e-4 0.06122183 1 -2.02226e-4 0 0.9718829 0.1646099 0.168366 0.9293398 0.3307849 0.1640396 0.867428 0.4801021 0.1306551 0.758957 0.6362113 0.138635 0.6312168 0.7689371 0.1014941 0.4863355 0.8703125 0.0776779 0.354561 0.9334757 0.05394005 0.1819543 0.9827623 0.03272527 0.1542629 0.9880008 0.007585525 0.3463553 0.9381034 0 0.1730779 0.9849082 0 -0.01912951 0.9998152 -0.001900732 -0.002693355 0.9999964 0 -0.1753463 0.9844631 -0.009279131 -0.1757355 0.9844374 0 -0.3356626 0.9417124 -0.02255177 -0.3341064 0.9425354 0 -0.5032835 0.863855 -0.02146077 -0.4881974 0.8727334 0 -0.6545832 0.755349 -0.03112548 -0.6424602 0.766319 0 -0.7768692 0.6283091 -0.04125595 -0.7679963 0.6404544 0 -0.8831317 0.4663133 -0.05128759 -0.8754329 0.4833398 0 -0.9485773 0.3109617 -0.05919581 -0.946253 0.3234275 0 -0.98287 0.1766095 -0.05268603 -1 -3.98444e-4 0 -0.981481 0.1915596 0 -0.9803568 -0.1920784 -0.0447939 -0.9815608 -0.1911506 0 -0.9548001 -0.1963492 -0.2231681 -0.9792411 -0.00660938 -0.2025917 -0.9488856 -0.3100166 -0.05921107 -0.9233309 -0.3403488 -0.1778282 -0.882435 -0.4676313 -0.05127775 -0.8565288 -0.4998705 -0.1284053 -0.7754971 -0.6300073 -0.04117059 -0.7587576 -0.6423314 -0.1081551 -0.6545694 -0.7553614 -0.03111577 -0.6293017 -0.7720732 -0.08878272 -0.5032936 -0.8638494 -0.02144849 -0.4874704 -0.8698477 -0.0757482 -0.3357128 -0.9416942 -0.02256304 -0.3366294 -0.9388911 -0.07186311 -0.1747099 -0.9841887 -0.02913779 -0.1785868 -0.9838787 -0.009461462 -0.1789748 -0.9838537 0 -0.3340907 -0.942541 0 -0.002896249 -0.9999958 0 0.1761189 -0.984369 0 9.39897e-4 -0.9997853 -0.02070206 0.3463389 -0.9381095 0 0.1772758 -0.9840807 -0.01259201 0.4994705 -0.8663309 0 0.3453164 -0.9384706 -0.00544995 0.6424589 -0.7663203 0 0.4971334 -0.867674 5.14463e-4 0.7668643 -0.6418093 0 0.6396244 -0.7686833 0.002576887 0.8600598 -0.5101935 0 0.7637353 -0.6454848 0.007606625 0.9367268 -0.3500614 0 0.8571757 -0.5148993 0.01134037 0.9871249 -0.1599521 0 0.9351144 -0.353453 0.02514368 0.9853294 -0.168718 0.02569681 0.9719814 -0.1640083 0.1683856 0.9806854 -2.15471e-4 0.1955921 0.9276065 0.1639274 0.3356695 0.8834897 0.3447327 0.3171835 0.820729 0.500066 0.2762932 0.710476 0.6421185 0.2879369 0.6257328 0.7496519 0.2155936 0.4834705 0.8573104 0.1768483 0.3197621 0.9402441 0.1170183 0.1635686 0.984766 0.05900377 0.01033025 0.9999423 0.00298649 -0.001298606 0.9999952 -0.002828121 -0.1715732 0.9847573 -0.02856457 -0.3365734 0.9389143 -0.07182079 -0.4874955 0.8698327 -0.07575744 -0.6292806 0.7720827 -0.08884966 -0.7599342 0.6409199 -0.1082671 -0.857447 0.4982534 -0.1285627 -0.9230976 0.3410155 -0.177762 -0.9546108 0.1972876 -0.2231498 -0.9184471 0.1367855 -0.3711398 -0.9228259 -2.18062e-4 -0.3852172 -0.918524 -0.136506 -0.3710522 -0.8816913 -0.3469001 -0.3198139 -0.7941887 -0.5367871 -0.2848227 -0.7006384 -0.6688138 -0.2485842 -0.5779262 -0.7903949 -0.2031686 -0.447609 -0.8787153 -0.165848 -0.3258339 -0.9374039 -0.1229076 -0.1765684 -0.9822927 -0.0626471 -0.001430988 -0.9999942 -0.00309205 0.01114583 -0.9999327 0.003237485 0.1844938 -0.982273 0.03319495 0.1664822 -0.9842166 0.0600112 0.3198339 -0.9402149 0.1170564 0.3545987 -0.9334616 0.05393856 0.4863096 -0.8703294 0.07765239 0.6312392 -0.7689193 0.10149 0.7576619 -0.6377968 0.1384336 0.8667216 -0.48141 0.1305308 0.9296157 -0.3299888 0.1640797 0.8837468 -0.3439662 0.3172996 0.9276887 -0.1633211 0.3357379 0.9275147 -2.31434e-4 0.3737866 0.8503059 0.1576107 0.5021345 0.8246767 0.3232016 0.4641652 0.7544301 0.4961364 0.4297485 0.6554305 0.6364717 0.406589 0.5664032 0.7643195 0.3082258 0.4124696 0.8765537 0.2480379 0.3007419 0.9380263 0.1722246 0.1601878 0.9828023 0.09186697 0.01179403 0.9998917 0.008803725 -0.1359903 0.9874751 -0.07999837 -0.1740098 0.982804 -0.06178355 -0.3257496 0.9374293 -0.1229375 -0.4476042 0.8787157 -0.1658594 -0.5778927 0.7904139 -0.2031894 -0.7013913 0.6679364 -0.2488198 -0.795457 0.5346471 -0.285308 -0.8814608 0.3476583 -0.3196257 -0.8555867 0.191817 -0.4808092 -0.8920621 -2.43594e-4 -0.4519127 -0.8557122 -0.1910564 -0.4808891 -0.8220973 -0.3367776 -0.4590609 -0.7533754 -0.4710526 -0.458841 -0.6553688 -0.6390605 -0.4026083 -0.5637505 -0.7602824 -0.3227324 -0.455976 -0.8492206 -0.2662898 -0.3100535 -0.9351891 -0.1711386 -0.1390477 -0.9868996 -0.08182317 0.01274734 -0.9998735 0.00951302 0.1625003 -0.9823049 0.09311753 0.3008005 -0.9379964 0.1722842 0.4124779 -0.8765432 0.248061 0.4833683 -0.8573279 0.1770421 0.6257541 -0.7496377 0.2155809 0.7093901 -0.6435087 0.2875104 0.8198329 -0.5016995 0.2759925 0.7537476 -0.4975072 0.4293616 0.8249157 -0.3223444 0.4643363 0.8503863 -0.1571309 0.5021483 0.8483534 -2.52692e-4 0.5294303 0.7629628 0.141468 0.630773 0.720878 0.3398547 0.6040147 0.6661614 0.5165385 0.537975 0.576421 0.6391512 0.5091412 0.5066882 0.7632778 0.4008418 0.3823816 0.8613765 0.3343875 0.2618421 0.9395602 0.2206023 0.1177863 0.9883556 0.0963304 -0.002015054 0.9999979 5.46134e-4 -0.1449449 0.9807546 -0.1308111 -0.2550723 0.9456931 -0.2015013 -0.3099849 0.9352164 -0.1711129 -0.4559898 0.8491944 -0.2663498 -0.56378 0.7602884 -0.3226668 -0.6565421 0.6374645 -0.4032263 -0.7539116 0.4698939 -0.4591484 -0.8218846 0.3376293 -0.4588159 -0.7372928 0.337574 -0.5851863 -0.7452335 0.1918097 -0.6386204 -0.757502 -2.68117e-4 -0.6528328 -0.7452836 -0.1910516 -0.6387892 -0.7376232 -0.3367425 -0.5852492 -0.6722255 -0.5019954 -0.5441631 -0.5720773 -0.6491904 -0.5012779 -0.4858461 -0.7783087 -0.3977301 -0.3604696 -0.883347 -0.2995997 -0.255131 -0.9456617 -0.201574 -0.1468294 -0.9802563 -0.1324339 -0.002194583 -0.9999974 5.71587e-4 0.1207057 -0.9877792 0.09860306 0.2618997 -0.9395316 0.220656 0.3823767 -0.861378 0.3343891 0.5067068 -0.7632457 0.4008795 0.5664104 -0.7643066 0.3082447 0.6544388 -0.6378626 0.4060063 0.6652608 -0.5184595 0.5372411 0.7210773 -0.339146 0.6041751 0.7629916 -0.1413084 0.6307739 0.7716095 -2.6834e-4 0.6360966 0.6461726 -2.61569e-4 0.7631914 0.6478452 0.1974149 0.7357473 0.5968338 0.3281275 0.7322034 0.5576876 0.5008063 0.6619499 0.4937406 0.6446971 0.5835974 0.4201065 0.7614911 0.4936007 0.3055512 0.874233 0.3772998 0.2076342 0.9442255 0.25559 0.1148921 0.9848879 0.129598 0.008332967 0.9998856 0.01262831 -0.2231311 0.9402921 -0.2570281 -0.1159484 0.9844059 -0.1322916 -0.3604471 0.8833562 -0.2995996 -0.3180907 0.8620947 -0.3944756 -0.4858552 0.7783182 -0.3977004 -0.4261068 0.7450779 -0.5131199 -0.5730473 0.6477857 -0.5019865 -0.5015237 0.6448103 -0.5767962 -0.5523755 0.5270319 -0.6458473 -0.6729205 0.5004207 -0.5447544 -0.6309098 0.3437803 -0.6955342 -0.6318224 0.1801566 -0.7538861 -0.627791 -2.73453e-4 -0.7783819 -0.6316424 -0.1796415 -0.7541598 -0.6312828 -0.3429214 -0.6956199 -0.5515458 -0.5291342 -0.6448367 -0.5007724 -0.6461848 -0.5759099 -0.4261377 -0.7450658 -0.5131119 -0.3181028 -0.8620764 -0.3945059 -0.2231324 -0.9402735 -0.2570952 -0.1105737 -0.9837979 -0.1411216 0.008963406 -0.9998677 0.01357191 0.1169229 -0.984353 0.1318269 0.2076548 -0.9441881 0.2557117 0.3055446 -0.8742123 0.3773531 0.4201071 -0.7614579 0.4936518 0.5755656 -0.6405384 0.5083647 0.4929571 -0.6461386 0.5826647 0.5570771 -0.502394 0.6612605 0.5970022 -0.3271175 0.732518 0.6479849 -0.1966631 0.7358255 0.5156322 -0.1683958 0.840099 0.471532 -2.22765e-4 0.8818489 0.515531 0.1689854 0.8400427 0.4655914 0.3500409 0.8128321 0.4072663 0.5016533 0.7632026 0.3990358 0.64307 0.6536294 0.3066737 0.7762746 0.5507714 0.2543937 0.8643555 0.4337899 0.1853051 0.9302242 0.3167728 0.09331834 0.9827705 0.1595428 -0.006991684 0.9999239 -0.01016575 -0.09238284 0.9813582 -0.1685271 -0.180526 0.9395713 -0.2908885 -0.2372438 0.8780053 -0.4157187 -0.3194354 0.7637377 -0.5609509 -0.4036211 0.6433507 -0.6505305 -0.427423 0.5155084 -0.7426714 -0.465391 0.3322328 -0.8203857 -0.5288935 0.161534 -0.8331738 -0.4771566 -2.98496e-4 -0.8788182 -0.5288552 -0.1612834 -0.8332467 -0.4655877 -0.3313558 -0.8206287 -0.4029874 -0.6447511 -0.6495361 -0.4535891 -0.5161652 -0.7265195 -0.3194436 -0.7637763 -0.5608937 -0.2372453 -0.8779852 -0.4157603 -0.1805788 -0.9395509 -0.2909217 -0.09365081 -0.9808691 -0.1706618 -0.007537841 -0.999912 -0.01092058 0.09467107 -0.9822692 0.1618168 0.1853626 -0.9301926 0.316832 0.2543917 -0.8643696 0.4337628 0.3067357 -0.7762471 0.5507757 0.3984289 -0.6444672 0.6526228 0.4068325 -0.503235 0.7623924 0.4657375 -0.3492481 0.8130896 0.3634461 -0.170993 0.9157884 0.3166767 -2.58923e-4 0.9485335 0.3634554 0.1715813 0.9156746 0.307076 0.3603157 0.8808389 0.2986277 0.4990388 0.8134998 0.2724698 0.6348496 0.722998 0.2024833 0.766268 0.6097819 0.1743708 0.8718923 0.4576011 0.1158625 0.9457977 0.3033856 0.05684202 0.9851326 0.1621196 -8.47684e-5 1 -3.16183e-4 -0.05704295 0.9848656 -0.1636648 -0.1266417 0.9396428 -0.3178575 -0.1550431 0.8778148 -0.4532141 -0.273947 0.6290309 -0.7275117 -0.2254924 0.7571518 -0.6130859 -0.3182962 0.4885587 -0.8124026 -0.2869674 0.3449249 -0.8936871 -0.3574386 0.1762886 -0.9171478 -0.3087801 -3.13127e-4 -0.9511335 -0.357399 -0.1758142 -0.9172543 -0.2869612 -0.3441711 -0.8939797 -0.3181156 -0.489863 -0.8116875 -0.2734817 -0.6306456 -0.7262877 -0.2017887 -0.7657566 -0.610654 -0.1550475 -0.8777914 -0.4532577 -0.1266273 -0.9396302 -0.3179005 -0.05820351 -0.9843139 -0.1665487 -4.15513e-5 -1 -3.71085e-4 0.05798196 -0.9845889 0.1649937 0.1158757 -0.9457541 0.3035163 0.1743543 -0.8718886 0.4576143 0.2024847 -0.7662628 0.6097879 0.2720077 -0.6364772 0.7217401 0.2983503 -0.5006384 0.8126183 0.3071326 -0.3596631 0.8810857 0.1993595 -0.1751943 0.9641384 0.1737895 -2.78273e-4 0.9847829 0.1993498 0.1757391 0.9640412 0.1367426 0.3434045 0.9291797 0.1762408 0.5016692 0.8469164 0.1317147 0.6447453 0.752964 0.1029505 0.7544956 0.6481802 0.08343589 0.8602213 0.5030483 0.06941622 0.9399906 0.3340644 0.0279051 0.9881353 0.1510303 5.08086e-5 1 2.08586e-4 -0.02496433 0.9896661 -0.1412013 -0.06203049 0.9441754 -0.3235511 -0.08296364 0.861244 -0.5013741 -0.1163461 0.7671277 -0.6308557 -0.1429681 0.6547843 -0.7421709 -0.1713833 0.5016483 -0.8479251 -0.1473591 0.359565 -0.9214111 -0.1825854 0.1881982 -0.9650099 -0.1410673 -2.96709e-4 -0.99 -0.1824949 -0.1875353 -0.9651561 -0.1473335 -0.3589369 -0.9216601 -0.1711922 -0.5032534 -0.8470121 -0.1427798 -0.6558543 -0.7412619 -0.116353 -0.7671141 -0.630871 -0.08296418 -0.861232 -0.5013944 -0.06203418 -0.9441587 -0.3235987 -0.02568072 -0.9890633 -0.1452389 0.001582384 -0.9998359 0.01804733 0.02767759 -0.9846526 0.1723176 0.06936645 -0.9399532 0.3341801 0.08343386 -0.8602445 0.5030094 0.1029502 -0.7544773 0.6482017 0.1315609 -0.6460923 0.7518355 0.1760887 -0.5032864 0.845988 0.1367865 -0.342634 0.9294576 0.05020588 -0.1898734 0.9805241 0.05023467 0.1906533 0.9803714 0.04222518 -2.81413e-4 0.9991081 0.04116922 0.3394722 0.9397148 0.05150216 0.4999743 0.8645076 0.04010701 0.655749 0.753913 0.0326147 0.7776227 0.6278848 0.02116036 0.8669459 0.4979529 0.01908767 0.9337453 0.357429 0.005080938 0.984642 0.174512 -0.01875674 0.9998152 0.004218697 -0.0107814 0.9816926 -0.1901671 -0.0183838 0.9340197 -0.3567482 -0.02162593 0.866 -0.4995762 -0.03342646 0.7768588 -0.6287871 -0.04777914 0.4857968 -0.872765 -0.03594762 0.6442713 -0.7639517 -0.04884237 0.3266817 -0.9438716 -0.04903483 0.1580838 -0.9862075 -0.0440129 -2.80461e-4 -0.999031 -0.04907995 -0.1578546 -0.9862419 -0.0490213 -0.3256135 -0.9442313 -0.04771721 -0.4870848 -0.8720502 -0.03345036 -0.7768693 -0.6287729 -0.03262269 -0.6446294 -0.763799 -0.02161532 -0.8659831 -0.4996058 -0.01838999 -0.933981 -0.3568493 -0.01090514 -0.9811716 -0.1928303 -0.001672863 -0.9998409 -0.01776504 0.007594347 -0.9874009 0.1580568 0.01971215 -0.9397093 0.3414059 0.02115464 -0.8669087 0.498018 0.03263205 -0.7776765 0.6278172 0.04005998 -0.6568289 0.7529749 0.05149394 -0.501573 0.8635814 0.04115855 -0.3386909 0.939997 -3.30842e-7 -0.3390289 0.9407759 0 -0.1725635 0.9849984 0 -2.80517e-4 1 0 0.1730812 0.9849076 0 0.3401121 0.940385 0 0.4987064 0.866771 0 0.6421679 0.7665641 0 0.7666421 0.6420747 0 0.8667519 0.4987397 0 0.9396036 0.3422647 0 0.9850176 0.1724541 0 1 -4.75346e-5 0 0.9850178 -0.1724528 0 0.9396392 -0.342167 0 0.8658446 -0.500313 0 0.7654024 -0.6435521 0 0.6420775 -0.7666398 0 0.5012229 -0.8653182 0 0.173073 -0.9849091 0 -2.83231e-4 -1 0 -0.3423591 -0.9395692 0 -0.1725522 -0.9850004 0 -0.5028046 -0.8644002 0 -0.765449 -0.6434966 0 -0.64352 -0.7654294 0 -0.9396234 -0.3422105 0 -0.865864 -0.5002795 0 -0.9844765 -0.1755166 0 -0.984484 0.1754743 0 -0.9396485 0.3421414 0 -0.7665705 0.6421602 0 -0.8667559 0.4987326 0 -0.500299 0.8658527 0 -0.6439306 0.7650839 -1 -5.02626e-6 0 -1 6.82838e-6 0 -1 -6.16032e-6 0 -0.4882099 -0.8727264 0 -0.642484 -0.7662991 0 -0.7668154 -0.6418677 0 -0.8745412 -0.4849513 0 -0.9465166 -0.3226553 0 -0.7071076 0 0.7071059 0 -0.7071541 0.7070596 0.7071064 0 0.7071072 -1 0 0 -1 0 0 0 0.70705 -0.7071636 0 -0.70705 -0.7071636 0 0.7070406 -0.7071731 0 -0.7071022 -0.7071114 -0.7071146 -0.707099 0 0 -0.707165 0.7070487 0 0.7071201 0.7070935 0.7070856 0.707128 0 0 0.7071833 0.7070303 0 -0.7070647 -0.707149 0 0.7071382 -0.7070754 0 0.7071803 0.7070333 0 0 1 1.31657e-6 0 1 0 0 1 -1.35188e-6 0 1 0 0 1 2.10862e-7 0 1 3.36678e-6 0 1 0 0 1 2.55603e-6 0 1 -3.40214e-6 0 1 0 0 1 0 0 1 -1.57389e-7 0 1 -4.97235e-6 0 1 0 0 1 -3.64147e-7 0 1 -1 1.09465e-5 0 -1 1.62546e-4 0 -1 8.05334e-6 0 -1 -1.67259e-4 0 -1 2.72749e-4 0 -1 -8.87731e-7 0 -1 -1.63969e-5 0 -1 -1.64371e-4 0 -1 -1.34139e-5 0 -1 1.70337e-4 0 -1 -2.63414e-4 0 -1 -1.77776e-6 0 -1 -1.31247e-4 0 -1 -4.0259e-6 0 -1 3.98625e-6 0 -1 1.29291e-4 0 -1 -1.0793e-5 0 -1 -1.78459e-4 0 0 0 -1 0 0 -1 -1.30928e-6 0 -1 0 0 -1 2.57583e-6 0 -1 0 0 -1 0 0 -1 -1.68985e-7 0 -1 0 0 -1 -4.35771e-7 0 -1 0 0 -1 0 0 -1 1.24003e-6 0 -1 1.30989e-6 0 -1 0 0 -1 -1 -2.63491e-4 0 -1 -2.32493e-6 0 -1 4.2492e-5 0 -1 -3.9947e-6 0 -1 -1.34318e-4 0 -1 -1.3104e-4 0 -1 -4.02568e-6 0 -1 1.18344e-5 0 -1 1.29086e-4 0 -1 3.99514e-6 0 -1 -5.87829e-6 0 -1 -4.27089e-5 0 -1 8.02883e-6 0 -1 2.72837e-4 0 -1 9.81057e-6 0 -1 0 0 -1 3.5876e-5 0 -1 -1.75562e-4 0 -1 -5.44097e-5 0</float_array>
          <technique_common>
            <accessor source="#Mesh3_Group2_Group1_Model-mesh-normals-array" count="1182" stride="3">
              <param name="X" type="float"/>
              <param name="Y" type="float"/>
              <param name="Z" type="float"/>
            </accessor>
          </technique_common>
        </source>
        <source id="Mesh3_Group2_Group1_Model-mesh-map-0">
          <float_array id="Mesh3_Group2_Group1_Model-mesh-map-0-array" count="11940">0.551372 0.410175 0.552107 0.810658 0.551372 0.811394 0.552107 0.410911 0.816735 0.410175 0.815998 0.410911 0.816014 0.410891 0.810384 0.416533 0.552107 0.410911 0.810384 0.416533 0.816014 0.410891 0.816014 0.810638 0.553419 0.317426 0.953901 0.318162 0.554155 0.318162 0.553418 0.307858 0.954637 0.317426 0.553418 0.308042 0.2302809 0.67963 0.2300969 0.414267 0.2300969 0.67963 0.553418 0.299009 0.954638 0.299009 0.954638 0.298825 0.212417 0.67963 0.221984 0.414267 0.221984 0.67963 0.212417 0.67963 0.2116799 0.415003 0.212417 0.414267 0.00573498 0.005735993 0.004999935 0.406219 0.00573498 0.405483 0.270362 0.406219 0.00573498 0.405483 0.004999935 0.406219 0.954636 0.299009 0.554155 0.299745 0.953901 0.299745 0.263995 0.399842 0.269627 0.405483 0.269533 0.005765914 0.269627 0.405483 0.263995 0.399842 0.00573498 0.405483 0.01136398 0.399842 0.00573498 0.405483 0.263995 0.399842 0.00573498 0.405483 0.01136398 0.399842 0.005641162 0.005765914 0.005641162 0.005765914 0.01136398 0.399842 0.01127278 0.01140689 0.01136589 0.399842 0.01210188 0.01284897 0.01136589 0.01137697 0.01136595 0.399842 0.262524 0.399106 0.01210278 0.399106 0.263995 0.399842 0.26326 0.39837 0.262524 0.399106 0.263995 0.01137697 0.26326 0.39837 0.263995 0.399842 0.263995 0.399842 0.269533 0.005765914 0.263904 0.01140689 0.263904 0.01140689 0.269533 0.005765914 0.01127278 0.01140689 0.005641162 0.005765914 0.01127278 0.01140689 0.269533 0.005765914 0.263995 0.01137697 0.01283866 0.01211297 0.262524 0.01211297 0.01283788 0.01211297 0.01136589 0.01137697 0.01210188 0.01284897 0.553418 0.335843 0.554155 0.326275 0.553418 0.326275 0.242375 0.414267 0.251942 0.663953 0.251942 0.414267 0.557738 0.805016 0.808896 0.80428 0.810367 0.805016 0.810384 0.804997 0.816014 0.810638 0.557738 0.805016 0.810384 0.416533 0.816014 0.810638 0.810384 0.804997 0.810367 0.416552 0.809632 0.803544 0.809632 0.417288 0.810367 0.416552 0.559211 0.417288 0.557738 0.416552 0.557738 0.416552 0.552107 0.410911 0.810384 0.416533 0.552107 0.410911 0.557738 0.416552 0.552107 0.810658 0.552107 0.810658 0.557738 0.416552 0.557738 0.805016 0.557738 0.805016 0.558476 0.418024 0.558476 0.803544 0.558476 0.418024 0.557738 0.416552 0.559211 0.417288 0.554154 0.05140197 0.553418 0.04183399 0.554154 0.04183399 0.554154 0.05140197 0.939675 0.04183399 0.939675 0.05140197 0.94041 0.05140197 0.939675 0.04183399 0.94041 0.04183399 0.559211 0.80428 0.557738 0.805016 0.558476 0.803544 0.263995 0.01137697 0.262524 0.01211297 0.26326 0.01284897 0.1932629 0.269746 0.202831 0.019324 0.202831 0.269746 0.94041 0.326275 0.554155 0.335843 0.94041 0.335843 0.552107 0.810658 0.557738 0.805016 0.816014 0.810638 0.22272 0.678894 0.221984 0.414267 0.22272 0.415003 0.810367 0.805016 0.808896 0.80428 0.809632 0.803544 0.10711 0.02852398 0.105271 0.019324 0.105271 0.02852398 0.21352 0.019324 0.2116799 0.284686 0.21352 0.284686 0.584113 0.755344 0.593313 0.489982 0.593313 0.755344 0.08685296 0.108331 0.08869296 0.099132 0.08869296 0.108331 0.223751 0.02750998 0.221912 0.292872 0.223751 0.292872 0.232327 0.037741 0.232143 0.303104 0.232143 0.03774088 0.553418 0.01438397 0.553418 0.01456785 0.952795 0.004999995 0.262839 0.67963 0.263022 0.414268 0.263022 0.679631 0.553418 0.02341699 0.952796 0.03280055 0.952796 0.03298497 0.575264 0.728742 0.565696 0.46338 0.565696 0.728742 0.544572 0.404375 0.279945 0.403639 0.279209 0.404375 0.544571 0.004999876 0.543834 0.403639 0.544571 0.404375 0.279209 0.004999935 0.543835 0.005735933 0.544572 0.004999935 0.279209 0.004999935 0.279945 0.403639 0.279945 0.005735933 0.543835 0.005735933 0.279945 0.403639 0.543835 0.403639 0.542526 0.412221 0.277898 0.412957 0.277163 0.412221 0.541789 0.412957 0.542527 0.811597 0.541789 0.810861 0.541788 0.810861 0.277898 0.412957 0.541788 0.412957 0.277163 0.811597 0.541788 0.810861 0.542526 0.811597 0.277163 0.811597 0.277898 0.412957 0.277898 0.810861 0.600484 0.514538 0.609684 0.7799 0.609684 0.514538 0.25056 0.05615788 0.250744 0.321521 0.250744 0.05615788 0.04346799 0.026905 0.03978788 0.02892899 0.04346799 0.02892899 0.04346799 0.02484399 0.03978788 0.026905 0.04346799 0.026905 0.04346799 0.02285695 0.03978788 0.02484399 0.04346799 0.02484399 0.04346799 0.02101689 0.03978788 0.02285689 0.04346799 0.02285689 0.04346799 0.019324 0.03978788 0.02101689 0.04346799 0.02101689 0.08421099 0.04183399 0.08276098 0.04551398 0.08276098 0.04183399 0.08589297 0.04183399 0.08421099 0.04551398 0.08421099 0.04183399 0.08775496 0.04183399 0.08589297 0.04551398 0.08589297 0.04183399 0.08973789 0.04183399 0.08775496 0.04551398 0.08775496 0.04183399 0.09178 0.04183399 0.08973789 0.04551398 0.08973789 0.04183399 0.09382599 0.04183399 0.09178 0.04551398 0.09178 0.04183399 0.09580999 0.04183399 0.09382599 0.04551398 0.09382599 0.04183399 0.09766799 0.04183399 0.09580999 0.04551398 0.09580999 0.04183399 0.09934997 0.04183399 0.09766799 0.04551398 0.09766799 0.04183399 0.100803 0.04183399 0.09934997 0.04551398 0.09934997 0.04183399 0.099132 0.10585 0.102811 0.107543 0.099132 0.107543 0.099132 0.10401 0.102811 0.10585 0.099132 0.10585 0.099132 0.102023 0.102811 0.10401 0.099132 0.10401 0.099132 0.09996199 0.102811 0.102023 0.099132 0.102023 0.099132 0.097938 0.102811 0.09996199 0.099132 0.09996199 0.099132 0.09595096 0.102811 0.097938 0.099132 0.097938 0.099132 0.09407401 0.102811 0.09595096 0.099132 0.09595096 0.099132 0.09241795 0.102811 0.09407401 0.099132 0.09407401 0.099132 0.09094595 0.102811 0.09241795 0.099132 0.09241795 0.10286 0.07006996 0.101178 0.06638997 0.101178 0.07006996 0.104718 0.07006996 0.10286 0.06638997 0.10286 0.07006996 0.106701 0.07006996 0.104718 0.06638997 0.104718 0.07006996 0.108747 0.07006996 0.106701 0.06638997 0.106701 0.07006996 0.11079 0.07006996 0.108747 0.06638997 0.108747 0.07006996 0.112774 0.07006996 0.11079 0.06638997 0.11079 0.07006996 0.114636 0.07006996 0.112774 0.06638997 0.112774 0.07006996 0.116317 0.07006996 0.114636 0.06638997 0.114636 0.07006996 0.04346799 0.03444898 0.03978788 0.03592097 0.04346799 0.03592097 0.04346799 0.03279298 0.03978788 0.03444898 0.04346799 0.03444898 0.04346799 0.03091597 0.03978788 0.03279298 0.04346799 0.03279298 0.04346799 0.02892899 0.03978788 0.03091597 0.04346799 0.03091597 0.0562942 0.02617049 0.07543337 0.03315097 0.05279767 0.03116387 0.119694 0.134261 0.11917 0.135001 0.11917 0.134074 0.119694 0.134261 0.119694 0.135159 0.11917 0.135001 0.119694 0.134261 0.120167 0.1353729 0.119694 0.135159 0.119694 0.134261 0.120167 0.134515 0.120167 0.1353729 0.60404 0.383981 0.603045 0.383981 0.602825 0.384456 0.167488 0.1615689 0.168497 0.1623049 0.168184 0.162563 0.167488 0.1615689 0.167842 0.161348 0.168497 0.1623049 0.1669729 0.160465 0.167842 0.161348 0.167488 0.1615689 0.1669729 0.160465 0.1673589 0.160318 0.167842 0.161348 0.166661 0.159287 0.1673589 0.160318 0.1669729 0.160465 0.166661 0.159287 0.1670629 0.159214 0.1673589 0.160318 0.607426 0.383981 0.606394 0.383572 0.60632 0.383981 0.607426 0.383981 0.607426 0.383572 0.606394 0.383572 0.643968 0.383572 0.607426 0.383981 0.643968 0.383981 0.121437 0.05006885 0.119202 0.05619895 0.122514 0.05619895 0.182898 0.248854 0.182323 0.212423 0.182323 0.248854 0.183456 0.248854 0.182898 0.212386 0.182898 0.248854 0.183978 0.248854 0.183456 0.2123489 0.183456 0.248854 0.184449 0.248854 0.183978 0.2123489 0.183978 0.248854 0.643968 0.388239 0.607426 0.388647 0.643968 0.388647 0.643968 0.387768 0.607426 0.388239 0.643968 0.388239 0.643968 0.387245 0.607389 0.387768 0.643968 0.387768 0.643968 0.386686 0.607389 0.387245 0.643968 0.387245 0.643968 0.386112 0.607389 0.386686 0.643968 0.386686 0.643968 0.385534 0.607389 0.386112 0.643968 0.386112 0.643968 0.384978 0.607389 0.385534 0.643968 0.385534 0.643968 0.384456 0.607389 0.384978 0.643968 0.384978 0.643968 0.384456 0.607426 0.383981 0.607389 0.384456 0.607389 0.384456 0.607426 0.383981 0.60632 0.383981 0.607389 0.384456 0.60632 0.383981 0.606247 0.384456 0.606247 0.384456 0.60632 0.383981 0.605143 0.383981 0.606247 0.384456 0.605143 0.383981 0.605033 0.384456 0.605143 0.383981 0.603893 0.384456 0.605033 0.384456 0.605143 0.383981 0.60404 0.383981 0.603893 0.384456 0.60404 0.383981 0.602825 0.384456 0.603893 0.384456 0.603744 0.384978 0.603893 0.384456 0.602825 0.384456 0.60496 0.384978 0.603893 0.384456 0.603744 0.384978 0.60496 0.384978 0.605033 0.384456 0.603893 0.384456 0.606247 0.384456 0.605033 0.384456 0.60496 0.384978 0.606247 0.384456 0.60496 0.384978 0.60621 0.384978 0.606173 0.385534 0.60621 0.384978 0.60496 0.384978 0.607389 0.385534 0.60621 0.384978 0.606173 0.385534 0.607389 0.385534 0.607389 0.384978 0.60621 0.384978 0.607389 0.384456 0.60621 0.384978 0.607389 0.384978 0.607389 0.384456 0.606247 0.384456 0.60621 0.384978 0.607389 0.385534 0.606173 0.385534 0.606173 0.386112 0.606173 0.385534 0.604886 0.386112 0.606173 0.386112 0.606173 0.385534 0.604886 0.385534 0.604886 0.386112 0.606173 0.385534 0.60496 0.384978 0.604886 0.385534 0.604886 0.385534 0.60496 0.384978 0.603744 0.384978 0.604886 0.385534 0.603744 0.384978 0.60367 0.385534 0.60367 0.385534 0.603744 0.384978 0.602678 0.384978 0.603744 0.384978 0.602825 0.384456 0.602678 0.384978 0.60367 0.385534 0.602678 0.384978 0.602567 0.385534 0.118616 0.133956 0.11917 0.134074 0.11917 0.135001 0.118616 0.133956 0.11917 0.135001 0.118616 0.134905 0.11917 0.135001 0.118616 0.136002 0.118616 0.134905 0.11917 0.135001 0.11917 0.136079 0.118616 0.136002 0.11917 0.135001 0.119694 0.1362 0.11917 0.136079 0.11917 0.135001 0.119694 0.135159 0.119694 0.1362 0.119694 0.135159 0.120167 0.136366 0.119694 0.1362 0.119694 0.135159 0.120167 0.1353729 0.120167 0.136366 0.169306 0.163115 0.170034 0.164108 0.169042 0.1634089 0.169306 0.163115 0.1702409 0.1637769 0.170034 0.164108 0.169306 0.163115 0.170476 0.163335 0.1702409 0.1637769 0.169306 0.163115 0.169607 0.162746 0.170476 0.163335 0.168497 0.1623049 0.169607 0.162746 0.169306 0.163115 0.168497 0.1623049 0.16886 0.161974 0.169607 0.162746 0.167842 0.161348 0.16886 0.161974 0.168497 0.1623049 0.167842 0.161348 0.168253 0.161127 0.16886 0.161974 0.167805 0.16017 0.168253 0.161127 0.167842 0.161348 0.167805 0.16017 0.1687059 0.16087 0.168253 0.161127 0.167805 0.16017 0.168299 0.159987 0.1687059 0.16087 0.168049 0.159066 0.168299 0.159987 0.167805 0.16017 0.168049 0.159066 0.168825 0.159803 0.168299 0.159987 0.168049 0.159066 0.1686 0.158956 0.168825 0.159803 0.167941 0.158165 0.168576 0.158974 0.168025 0.159084 0.167966 0.158147 0.168049 0.159066 0.1675339 0.15914 0.168049 0.159066 0.167805 0.16017 0.1675339 0.15914 0.1675339 0.15914 0.167805 0.16017 0.1673589 0.160318 0.167805 0.16017 0.167842 0.161348 0.1673589 0.160318 0.1675339 0.15914 0.1673589 0.160318 0.1670629 0.159214 0.1669729 0.158183 0.1675339 0.15914 0.1670629 0.159214 0.1669729 0.158183 0.167444 0.158147 0.1675339 0.15914 0.1669729 0.121641 0.167444 0.158147 0.1669729 0.158183 0.167966 0.121641 0.167444 0.158147 0.167444 0.121641 0.167966 0.121641 0.168527 0.15811 0.167966 0.158147 0.168527 0.121641 0.1691009 0.158073 0.168527 0.15811 0.169673 0.121641 0.1691009 0.158073 0.1691009 0.121641 0.169673 0.121641 0.170234 0.1580359 0.169673 0.158073 0.170234 0.121641 0.170756 0.158 0.170234 0.1580359 0.171232 0.121641 0.170756 0.158 0.170756 0.121641 0.171232 0.121641 0.171638 0.157963 0.171232 0.158 0.616855 0.587896 0.653177 0.588371 0.616855 0.588371 0.616855 0.587374 0.653177 0.587896 0.616855 0.587896 0.616855 0.587374 0.65314 0.586818 0.653177 0.587374 0.616855 0.58624 0.65314 0.586818 0.616855 0.586818 0.616855 0.585666 0.65314 0.58624 0.616855 0.58624 0.616855 0.585107 0.65314 0.585666 0.616855 0.585666 0.616855 0.584585 0.653177 0.585107 0.616855 0.585107 0.616855 0.584113 0.653177 0.584585 0.616855 0.584585 0.180193 0.248854 0.1797839 0.2125329 0.1797839 0.248854 0.180666 0.248854 0.180193 0.212496 0.180193 0.248854 0.18119 0.248854 0.180666 0.212496 0.180666 0.248854 0.181749 0.248854 0.18119 0.21246 0.18119 0.248854 0.182323 0.248854 0.181749 0.212423 0.181749 0.248854 0.182323 0.212423 0.1816869 0.21176 0.181749 0.212423 0.182323 0.212423 0.1822569 0.21165 0.1816869 0.21176 0.182898 0.212386 0.1822569 0.21165 0.182323 0.212423 0.182898 0.212386 0.182824 0.211539 0.1822569 0.21165 0.183456 0.2123489 0.182824 0.211539 0.182898 0.212386 0.183456 0.2123489 0.183376 0.2114289 0.182824 0.211539 0.183456 0.2123489 0.1838909 0.211356 0.183376 0.2114289 0.183456 0.2123489 0.183978 0.2123489 0.1838909 0.211356 0.184449 0.212312 0.1838909 0.211356 0.183978 0.2123489 0.184449 0.212312 0.1843619 0.211282 0.1838909 0.211356 0.607426 0.388239 0.606394 0.388647 0.607426 0.388647 0.607426 0.388239 0.60632 0.388239 0.606394 0.388647 0.607389 0.387768 0.60632 0.388239 0.607426 0.388239 0.607389 0.387768 0.606247 0.387768 0.60632 0.388239 0.607381 0.387734 0.606202 0.387211 0.606239 0.387734 0.607389 0.386686 0.60621 0.387245 0.607389 0.387245 0.607389 0.386686 0.606173 0.386686 0.60621 0.387245 0.607389 0.386686 0.606173 0.386112 0.606173 0.386686 0.607389 0.386686 0.607389 0.386112 0.606173 0.386112 0.607389 0.385534 0.606173 0.386112 0.607389 0.386112 0.606173 0.386686 0.606173 0.386112 0.604886 0.386112 0.606173 0.386686 0.604886 0.386112 0.604886 0.386686 0.604886 0.386686 0.604886 0.386112 0.60367 0.386112 0.604886 0.385534 0.60367 0.386112 0.604886 0.386112 0.604886 0.385534 0.60367 0.385534 0.60367 0.386112 0.60367 0.385534 0.60253 0.386112 0.60367 0.386112 0.60367 0.385534 0.602567 0.385534 0.60253 0.386112 0.118037 0.133919 0.118616 0.133956 0.118616 0.134905 0.118037 0.133919 0.118616 0.134905 0.118037 0.134872 0.118616 0.134905 0.118037 0.135976 0.118037 0.134872 0.118616 0.134905 0.118616 0.136002 0.118037 0.135976 0.118616 0.136002 0.118037 0.137201 0.118037 0.135976 0.118616 0.136002 0.118616 0.137217 0.118037 0.137201 0.11917 0.136079 0.118616 0.137217 0.118616 0.136002 0.11917 0.136079 0.11917 0.137268 0.118616 0.137217 0.11917 0.136079 0.119694 0.137353 0.11917 0.137268 0.11917 0.136079 0.119694 0.1362 0.119694 0.137353 0.119694 0.1362 0.120167 0.137467 0.119694 0.137353 0.119694 0.1362 0.120167 0.136366 0.120167 0.137467 0.1702409 0.1637769 0.171135 0.164623 0.170034 0.164108 0.1702409 0.1637769 0.171275 0.164255 0.171135 0.164623 0.1702409 0.1637769 0.171436 0.163814 0.171275 0.164255 0.1702409 0.1637769 0.170476 0.163335 0.171436 0.163814 0.170476 0.163335 0.171618 0.163298 0.171436 0.163814 0.170476 0.163335 0.170742 0.162894 0.171618 0.163298 0.169947 0.162342 0.170742 0.162894 0.170476 0.163335 0.169947 0.162342 0.171023 0.162415 0.170742 0.162894 0.169947 0.162342 0.1703079 0.1619 0.171023 0.162415 0.169692 0.161311 0.1703079 0.1619 0.169947 0.162342 0.169692 0.161311 0.17068 0.161458 0.1703079 0.1619 0.169692 0.161311 0.170135 0.160906 0.17068 0.161458 0.169193 0.160575 0.170135 0.160906 0.169692 0.161311 0.169193 0.160575 0.169692 0.160281 0.170135 0.160906 0.168825 0.159803 0.169692 0.160281 0.169193 0.160575 0.168825 0.159803 0.1693699 0.159582 0.169692 0.160281 0.1686 0.158956 0.1693699 0.159582 0.168825 0.159803 0.1686 0.158956 0.169166 0.158846 0.1693699 0.159582 0.168557 0.158125 0.169197 0.158861 0.168631 0.158971 0.1691009 0.158073 0.1697379 0.158735 0.169166 0.158846 0.1691009 0.158073 0.169673 0.158073 0.1697379 0.158735 0.169673 0.158073 0.170289 0.158662 0.1697379 0.158735 0.169673 0.158073 0.170234 0.1580359 0.170289 0.158662 0.170234 0.1580359 0.170804 0.158551 0.170289 0.158662 0.170234 0.1580359 0.170756 0.158 0.170804 0.158551 0.171195 0.15802 0.170767 0.158572 0.170719 0.158021 0.171232 0.158 0.171675 0.1584039 0.171271 0.158478 0.171232 0.158 0.171638 0.157963 0.171675 0.1584039 0.653177 0.587896 0.653618 0.588371 0.653177 0.588371 0.653177 0.587896 0.653581 0.587896 0.653618 0.588371 0.653177 0.587896 0.653508 0.587374 0.653581 0.587896 0.653177 0.587896 0.653177 0.587374 0.653508 0.587374 0.653177 0.587374 0.653508 0.586818 0.653508 0.587374 0.653177 0.587374 0.65314 0.586818 0.653508 0.586818 0.65314 0.586818 0.653471 0.58624 0.653508 0.586818 0.65314 0.585666 0.653471 0.58624 0.65314 0.58624 0.653177 0.585107 0.653508 0.585666 0.65314 0.585666 0.653177 0.585107 0.653508 0.585107 0.653508 0.585666 0.653177 0.584585 0.653508 0.585107 0.653177 0.585107 0.653177 0.584585 0.653581 0.584585 0.653508 0.585107 0.653177 0.584585 0.653618 0.584113 0.653581 0.584585 0.653177 0.584585 0.653177 0.584113 0.653618 0.584113 0.180193 0.212496 0.179747 0.212092 0.1797839 0.2125329 0.180193 0.212496 0.1801519 0.212018 0.179747 0.212092 0.180193 0.212496 0.180621 0.211944 0.1801519 0.212018 0.180193 0.212496 0.180666 0.212496 0.180621 0.211944 0.181228 0.212436 0.1806589 0.21192 0.180707 0.212472 0.181749 0.212423 0.1811349 0.211834 0.18119 0.21246 0.181749 0.212423 0.1816869 0.21176 0.1811349 0.211834 0.1811349 0.211834 0.1816869 0.21176 0.1815119 0.211098 0.1816869 0.21176 0.1820549 0.210914 0.1815119 0.211098 0.1816869 0.21176 0.1822569 0.21165 0.1820549 0.210914 0.182824 0.211539 0.1820549 0.210914 0.1822569 0.21165 0.182824 0.211539 0.182599 0.210693 0.1820549 0.210914 0.183376 0.2114289 0.182599 0.210693 0.182824 0.211539 0.183376 0.2114289 0.183125 0.210509 0.182599 0.210693 0.183376 0.2114289 0.1836169 0.210325 0.183125 0.210509 0.183376 0.2114289 0.1838909 0.211356 0.1836169 0.210325 0.1838909 0.211356 0.184063 0.210178 0.1836169 0.210325 0.1838909 0.211356 0.1843619 0.211282 0.184063 0.210178 0.184762 0.211208 0.184063 0.210178 0.1843619 0.211282 0.184762 0.211208 0.184449 0.210031 0.184063 0.210178 0.606247 0.387768 0.605143 0.388239 0.60632 0.388239 0.606247 0.387768 0.605033 0.387768 0.605143 0.388239 0.606247 0.387768 0.60496 0.387245 0.605033 0.387768 0.606247 0.387768 0.60621 0.387245 0.60496 0.387245 0.606173 0.386686 0.60496 0.387245 0.60621 0.387245 0.606173 0.386686 0.604886 0.386686 0.60496 0.387245 0.604886 0.386686 0.603744 0.387245 0.60496 0.387245 0.604886 0.386686 0.60367 0.386686 0.603744 0.387245 0.604886 0.386686 0.60367 0.386112 0.60367 0.386686 0.60367 0.386686 0.60367 0.386112 0.60253 0.386112 0.60367 0.386686 0.60253 0.386112 0.602567 0.386686 0.118037 0.133919 0.117463 0.134905 0.117463 0.133956 0.118037 0.133919 0.118037 0.134872 0.117463 0.134905 0.117463 0.134905 0.118037 0.134872 0.118037 0.135976 0.117463 0.134905 0.118037 0.135976 0.117463 0.136002 0.117463 0.136002 0.118037 0.135976 0.118037 0.137201 0.117463 0.136002 0.118037 0.137201 0.117463 0.137217 0.117463 0.137217 0.118037 0.137201 0.118037 0.138504 0.118616 0.137217 0.118037 0.138504 0.118037 0.137201 0.118616 0.137217 0.118616 0.138512 0.118037 0.138504 0.11917 0.137268 0.118616 0.138512 0.118616 0.137217 0.11917 0.137268 0.11917 0.138538 0.118616 0.138512 0.119694 0.137353 0.11917 0.138538 0.11917 0.137268 0.119694 0.137353 0.119694 0.138582 0.11917 0.138538 0.119694 0.137353 0.120167 0.1386409 0.119694 0.138582 0.119694 0.137353 0.120167 0.137467 0.120167 0.1386409 0.171135 0.164623 0.172378 0.16455 0.172309 0.164955 0.171135 0.164623 0.171275 0.164255 0.172378 0.16455 0.171436 0.163814 0.172378 0.16455 0.171275 0.164255 0.171436 0.163814 0.172461 0.164071 0.172378 0.16455 0.171618 0.163298 0.172461 0.164071 0.171436 0.163814 0.171618 0.163298 0.172553 0.163556 0.172461 0.164071 0.171808 0.162783 0.172553 0.163556 0.171618 0.163298 0.171808 0.162783 0.172652 0.163004 0.172553 0.163556 0.172008 0.162231 0.172652 0.163004 0.171808 0.162783 0.172008 0.162231 0.172751 0.162415 0.172652 0.163004 0.172204 0.161679 0.172751 0.162415 0.172008 0.162231 0.172204 0.161679 0.17285 0.161863 0.172751 0.162415 0.172204 0.161679 0.172946 0.161311 0.17285 0.161863 0.172204 0.161679 0.172394 0.161164 0.172946 0.161311 0.171599 0.161422 0.172394 0.161164 0.172204 0.161679 0.171599 0.161422 0.17188 0.160906 0.172394 0.161164 0.171409 0.160612 0.17188 0.160906 0.171599 0.161422 0.171746 0.160207 0.17188 0.160906 0.171409 0.160612 0.171746 0.160207 0.172139 0.160465 0.17188 0.160906 0.172052 0.159839 0.172139 0.160465 0.171746 0.160207 0.172052 0.159839 0.172376 0.16006 0.172139 0.160465 0.172052 0.159839 0.172581 0.159692 0.172376 0.16006 0.172052 0.159839 0.172316 0.159508 0.172581 0.159692 0.171772 0.159545 0.172316 0.159508 0.172052 0.159839 0.171772 0.159545 0.172084 0.159287 0.172316 0.159508 0.171896 0.15903 0.172084 0.159287 0.171772 0.159545 0.654243 0.588371 0.65428 0.587896 0.654501 0.588371 0.654243 0.588371 0.654059 0.587896 0.65428 0.587896 0.653949 0.588371 0.654059 0.587896 0.654243 0.588371 0.653949 0.588371 0.653839 0.587896 0.654059 0.587896 0.653581 0.587896 0.653839 0.587896 0.653949 0.588371 0.653581 0.587896 0.653728 0.587374 0.653839 0.587896 0.653581 0.587896 0.653508 0.587374 0.653728 0.587374 0.653508 0.586818 0.653728 0.587374 0.653508 0.587374 0.653508 0.586818 0.653692 0.586818 0.653728 0.587374 0.653508 0.586818 0.653655 0.58624 0.653692 0.586818 0.653508 0.586818 0.653471 0.58624 0.653655 0.58624 0.653508 0.585666 0.653655 0.58624 0.653471 0.58624 0.653508 0.585666 0.653692 0.585666 0.653655 0.58624 0.653508 0.585666 0.653728 0.585107 0.653692 0.585666 0.653508 0.585666 0.653508 0.585107 0.653728 0.585107 0.653581 0.584585 0.653728 0.585107 0.653508 0.585107 0.653581 0.584585 0.653839 0.584585 0.653728 0.585107 0.653581 0.584585 0.653949 0.584113 0.653839 0.584585 0.653581 0.584585 0.653618 0.584113 0.653949 0.584113 0.179747 0.212092 0.180048 0.21165 0.179662 0.21176 0.179747 0.212092 0.1801519 0.212018 0.180048 0.21165 0.180621 0.211944 0.180048 0.21165 0.1801519 0.212018 0.180621 0.211944 0.180494 0.211466 0.180048 0.21165 0.1811349 0.211834 0.180494 0.211466 0.180621 0.211944 0.1811349 0.211834 0.180986 0.211282 0.180494 0.211466 0.1811349 0.211834 0.1815119 0.211098 0.180986 0.211282 0.180986 0.211282 0.1815119 0.211098 0.18123 0.210509 0.1815119 0.211098 0.18173 0.210215 0.18123 0.210509 0.1815119 0.211098 0.1820549 0.210914 0.18173 0.210215 0.182599 0.210693 0.18173 0.210215 0.1820549 0.210914 0.182599 0.210693 0.182232 0.20992 0.18173 0.210215 0.183125 0.210509 0.182232 0.20992 0.182599 0.210693 0.183125 0.210509 0.182716 0.209626 0.182232 0.20992 0.1836169 0.210325 0.182716 0.209626 0.183125 0.210509 0.1836169 0.210325 0.183169 0.209369 0.182716 0.209626 0.1836169 0.210325 0.18358 0.209147 0.183169 0.209369 0.1836169 0.210325 0.184063 0.210178 0.18358 0.209147 0.184449 0.210031 0.18358 0.209147 0.184063 0.210178 0.184449 0.210031 0.183934 0.208927 0.18358 0.209147 0.605143 0.388239 0.603893 0.387768 0.60404 0.388239 0.605143 0.388239 0.605033 0.387768 0.603893 0.387768 0.60496 0.387245 0.603893 0.387768 0.605033 0.387768 0.60496 0.387245 0.603744 0.387245 0.603893 0.387768 0.603744 0.387245 0.602825 0.387768 0.603893 0.387768 0.603744 0.387245 0.602678 0.387245 0.602825 0.387768 0.60367 0.386686 0.602678 0.387245 0.603744 0.387245 0.60367 0.386686 0.602567 0.386686 0.602678 0.387245 0.117463 0.133956 0.116904 0.135001 0.116904 0.134074 0.117463 0.133956 0.117463 0.134905 0.116904 0.135001 0.116904 0.135001 0.117463 0.134905 0.117463 0.136002 0.116904 0.135001 0.117463 0.136002 0.116904 0.136079 0.116904 0.136079 0.117463 0.136002 0.117463 0.137217 0.116904 0.136079 0.117463 0.137217 0.116904 0.137268 0.116904 0.137268 0.117463 0.137217 0.117463 0.138512 0.117463 0.137217 0.118037 0.138504 0.117463 0.138512 0.117463 0.138512 0.118037 0.138504 0.118037 0.139704 0.118616 0.138512 0.118037 0.139704 0.118037 0.138504 0.118616 0.138512 0.118616 0.139704 0.118037 0.139704 0.11917 0.138538 0.118616 0.139704 0.118616 0.138512 0.11917 0.138538 0.11917 0.139712 0.118616 0.139704 0.119694 0.138582 0.11917 0.139712 0.11917 0.138538 0.119694 0.138582 0.119694 0.139723 0.11917 0.139712 0.120167 0.1386409 0.119694 0.139723 0.119694 0.138582 0.120167 0.1386409 0.120167 0.139737 0.119694 0.139723 0.120576 0.138711 0.120167 0.139737 0.120167 0.1386409 0.120576 0.138711 0.120576 0.139756 0.120167 0.139737 0.172461 0.164071 0.173424 0.164623 0.172378 0.16455 0.172461 0.164071 0.173442 0.1641449 0.173424 0.164623 0.172553 0.163556 0.173442 0.1641449 0.172461 0.164071 0.172553 0.163556 0.1734679 0.16363 0.173442 0.1641449 0.172652 0.163004 0.1734679 0.16363 0.172553 0.163556 0.172652 0.163004 0.173491 0.163078 0.1734679 0.16363 0.172751 0.162415 0.173491 0.163078 0.172652 0.163004 0.172751 0.162415 0.173516 0.1624889 0.173491 0.163078 0.17285 0.161863 0.173516 0.1624889 0.172751 0.162415 0.17285 0.161863 0.173541 0.1619369 0.173516 0.1624889 0.17285 0.161863 0.173569 0.1613849 0.173541 0.1619369 0.17285 0.161863 0.172946 0.161311 0.173569 0.1613849 0.173038 0.160796 0.173569 0.1613849 0.172946 0.161311 0.173038 0.160796 0.17359 0.160833 0.173569 0.1613849 0.173123 0.160318 0.17359 0.160833 0.173038 0.160796 0.173123 0.160318 0.173608 0.160354 0.17359 0.160833 0.16707 0.182324 0.166661 0.181908 0.166661 0.182393 0.16707 0.182324 0.16707 0.1818889 0.166661 0.181908 0.1675429 0.182265 0.16707 0.1818889 0.16707 0.182324 0.1675429 0.182265 0.1675429 0.181875 0.16707 0.1818889 0.168067 0.182224 0.1675429 0.181875 0.1675429 0.182265 0.168067 0.182224 0.168067 0.181863 0.1675429 0.181875 0.168621 0.182199 0.168067 0.181863 0.168067 0.182224 0.168621 0.182199 0.168621 0.181856 0.168067 0.181863 0.1692 0.182187 0.168621 0.181856 0.168621 0.182199 0.168621 0.181856 0.1692 0.1728 0.168621 0.1728 0.168621 0.181856 0.168067 0.1728 0.168067 0.181863 0.168067 0.181863 0.1675429 0.1728 0.1675429 0.181875 0.1675429 0.181875 0.16707 0.1728 0.16707 0.1818889 0.16707 0.1818889 0.166661 0.1728 0.166661 0.181908 0.173608 0.160354 0.1827149 0.160833 0.17359 0.160833 0.17359 0.160833 0.1827149 0.1613849 0.173569 0.1613849 0.173569 0.1613849 0.1827149 0.1619369 0.173541 0.1619369 0.173541 0.1619369 0.1827149 0.1624889 0.173516 0.1624889 0.173516 0.1624889 0.1827149 0.163078 0.173491 0.163078 0.173491 0.163078 0.1827149 0.16363 0.1734679 0.16363 0.1734679 0.16363 0.1827149 0.1641449 0.173442 0.1641449 0.173442 0.1641449 0.1827149 0.164623 0.173424 0.164623 0.120576 0.139756 0.120167 0.149048 0.120167 0.139737 0.120167 0.139737 0.119694 0.149048 0.119694 0.139723 0.119694 0.139723 0.11917 0.149048 0.11917 0.139712 0.11917 0.139712 0.118616 0.149048 0.118616 0.139704 0.118616 0.139704 0.118037 0.149048 0.118037 0.139704 0.118037 0.139704 0.117463 0.149048 0.117463 0.139704 0.117463 0.138512 0.118037 0.139704 0.117463 0.139704 0.116904 0.138538 0.117463 0.138512 0.117463 0.139704 0.116904 0.137268 0.117463 0.138512 0.116904 0.138538 0.116382 0.137353 0.116904 0.137268 0.116904 0.138538 0.116904 0.136079 0.116904 0.137268 0.116382 0.137353 0.116904 0.136079 0.116382 0.137353 0.116382 0.1362 0.116382 0.1362 0.116382 0.137353 0.115911 0.137467 0.116382 0.137353 0.115911 0.1386409 0.115911 0.137467 0.116382 0.137353 0.116382 0.138582 0.115911 0.1386409 0.116382 0.137353 0.116904 0.138538 0.116382 0.138582 0.116382 0.138582 0.116904 0.138538 0.116904 0.139712 0.116904 0.138538 0.117463 0.139704 0.116904 0.139712 0.116904 0.139712 0.117463 0.149048 0.116904 0.149049 0.116382 0.139723 0.116904 0.149048 0.116382 0.149048 0.115911 0.139737 0.116382 0.149048 0.115911 0.149047 0.1155019 0.139756 0.115911 0.149048 0.1155019 0.149049 0.17798 0.206351 0.168707 0.2058719 0.168707 0.206351 0.177955 0.206866 0.168707 0.206351 0.168708 0.206866 0.177932 0.207418 0.168707 0.206866 0.1687059 0.207418 0.177906 0.208007 0.168707 0.207418 0.1687059 0.208007 0.177881 0.208559 0.168707 0.208007 0.168708 0.208559 0.177856 0.209111 0.168707 0.208559 0.168708 0.209111 0.177833 0.209663 0.168707 0.209111 0.1687059 0.209663 0.177814 0.210141 0.168707 0.209663 0.1687059 0.210141 0.171326 0.1818889 0.171735 0.1728 0.171326 0.1728 0.170855 0.181875 0.171326 0.1728 0.170855 0.1728 0.170333 0.181863 0.170855 0.1728 0.170333 0.172799 0.169775 0.181856 0.170333 0.1728 0.169775 0.1728 0.169775 0.181856 0.1692 0.1728 0.1692 0.182187 0.1692 0.182187 0.169775 0.182199 0.169775 0.181856 0.1692 0.182371 0.169775 0.182199 0.1692 0.182187 0.1692 0.182371 0.169775 0.18239 0.169775 0.182199 0.1692 0.1825439 0.169775 0.18239 0.1692 0.182371 0.1692 0.1825439 0.169775 0.18257 0.169775 0.18239 0.1692 0.182699 0.169775 0.18257 0.1692 0.1825439 0.1692 0.182699 0.169775 0.182732 0.169775 0.18257 0.654023 0.585666 0.65417 0.585666 0.654133 0.58624 0.170333 0.182989 0.169775 0.182732 0.169775 0.182876 0.170333 0.182989 0.170333 0.182831 0.169775 0.182732 0.170333 0.182989 0.170855 0.182986 0.170333 0.182831 0.170333 0.182989 0.170855 0.1831769 0.170855 0.182986 0.653947 0.5851 0.654278 0.584578 0.654131 0.5851 0.653949 0.585107 0.654133 0.585107 0.654023 0.585666 0.653949 0.585107 0.654023 0.585666 0.653875 0.585666 0.653875 0.585666 0.654023 0.585666 0.653986 0.58624 0.654023 0.585666 0.654133 0.58624 0.653986 0.58624 0.654023 0.586818 0.653986 0.58624 0.654133 0.58624 0.653875 0.586818 0.653986 0.58624 0.654023 0.586818 0.653875 0.586818 0.653839 0.58624 0.653986 0.58624 0.653692 0.586818 0.653839 0.58624 0.653875 0.586818 0.653692 0.586818 0.653655 0.58624 0.653839 0.58624 0.653692 0.585666 0.653839 0.58624 0.653655 0.58624 0.653692 0.585666 0.653875 0.585666 0.653839 0.58624 0.653692 0.585666 0.653949 0.585107 0.653875 0.585666 0.653692 0.585666 0.653728 0.585107 0.653949 0.585107 0.653839 0.584585 0.653949 0.585107 0.653728 0.585107 0.653839 0.584585 0.654059 0.584585 0.653949 0.585107 0.653949 0.584113 0.654059 0.584585 0.653839 0.584585 0.653949 0.584113 0.654243 0.584113 0.654059 0.584585 0.179662 0.21176 0.17988 0.211282 0.179527 0.211466 0.179662 0.21176 0.180048 0.21165 0.17988 0.211282 0.1805 0.211453 0.179886 0.211269 0.180054 0.211637 0.180986 0.211282 0.180292 0.211024 0.180494 0.211466 0.180986 0.211282 0.180745 0.210767 0.180292 0.211024 0.180986 0.211282 0.18123 0.210509 0.180745 0.210767 0.180745 0.210767 0.18123 0.210509 0.180848 0.209957 0.18173 0.210215 0.180848 0.209957 0.18123 0.210509 0.18173 0.210215 0.181289 0.209589 0.180848 0.209957 0.182232 0.20992 0.181289 0.209589 0.18173 0.210215 0.182232 0.20992 0.18173 0.209184 0.181289 0.209589 0.182232 0.20992 0.18216 0.208853 0.18173 0.209184 0.182232 0.20992 0.182716 0.209626 0.18216 0.208853 0.182716 0.209626 0.1825619 0.208522 0.18216 0.208853 0.182716 0.209626 0.183169 0.209369 0.1825619 0.208522 0.18358 0.209147 0.1825619 0.208522 0.183169 0.209369 0.18358 0.209147 0.1829259 0.208191 0.1825619 0.208522 0.183934 0.208927 0.1829259 0.208191 0.18358 0.209147 0.183934 0.208927 0.1832399 0.207933 0.1829259 0.208191 0.60404 0.388239 0.602825 0.387768 0.603045 0.388239 0.60404 0.388239 0.603893 0.387768 0.602825 0.387768 0.116382 0.134261 0.115911 0.1353729 0.115911 0.134515 0.116382 0.134261 0.116382 0.135159 0.115911 0.1353729 0.116382 0.134261 0.116904 0.135001 0.116382 0.135159 0.116382 0.134261 0.116904 0.134074 0.116904 0.135001 0.116904 0.135001 0.116382 0.1362 0.116382 0.135159 0.116904 0.135001 0.116904 0.136079 0.116382 0.1362 0.116382 0.135159 0.116382 0.1362 0.115911 0.136366 0.116382 0.1362 0.115911 0.137467 0.115911 0.136366 0.181181 0.206719 0.181388 0.2063879 0.180287 0.2058719 0.182117 0.207381 0.181388 0.2063879 0.181181 0.206719 0.182117 0.207381 0.182381 0.207087 0.181388 0.2063879 0.1829259 0.208191 0.182381 0.207087 0.182117 0.207381 0.1829259 0.208191 0.1832399 0.207933 0.182381 0.207087 0.1829259 0.208191 0.182117 0.207381 0.181816 0.207749 0.182117 0.207381 0.180947 0.2071599 0.181816 0.207749 0.182117 0.207381 0.181181 0.206719 0.180947 0.2071599 0.181181 0.206719 0.179986 0.206682 0.180947 0.2071599 0.181181 0.206719 0.180147 0.206241 0.179986 0.206682 0.181181 0.206719 0.180287 0.2058719 0.180147 0.206241 0.180287 0.2058719 0.179044 0.205946 0.180147 0.206241 0.180287 0.2058719 0.179113 0.205541 0.179044 0.205946 0.1155019 0.138711 0.115911 0.1386409 0.115911 0.139737 0.115911 0.1386409 0.116382 0.139723 0.115911 0.139737 0.115911 0.1386409 0.116382 0.138582 0.116382 0.139723 0.116382 0.138582 0.116904 0.139712 0.116382 0.139723 0.1155019 0.138711 0.115911 0.139737 0.1155019 0.139756 0.178964 0.2064239 0.179044 0.205946 0.177998 0.2058719 0.179986 0.206682 0.179044 0.205946 0.178964 0.2064239 0.179986 0.206682 0.180147 0.206241 0.179044 0.205946 0.179805 0.207197 0.179986 0.206682 0.178964 0.2064239 0.180947 0.2071599 0.179986 0.206682 0.179805 0.207197 0.180947 0.2071599 0.179805 0.207197 0.180683 0.207602 0.180402 0.208081 0.180683 0.207602 0.179805 0.207197 0.181475 0.208154 0.180683 0.207602 0.180402 0.208081 0.181475 0.208154 0.180947 0.2071599 0.180683 0.207602 0.181475 0.208154 0.181816 0.207749 0.180947 0.2071599 0.1825619 0.208522 0.181816 0.207749 0.181475 0.208154 0.1829259 0.208191 0.181816 0.207749 0.1825619 0.208522 0.1825619 0.208522 0.181475 0.208154 0.18216 0.208853 0.18173 0.209184 0.18216 0.208853 0.181475 0.208154 0.18173 0.209184 0.181475 0.208154 0.1811169 0.208596 0.181475 0.208154 0.180402 0.208081 0.1811169 0.208596 0.1811169 0.208596 0.180402 0.208081 0.180115 0.208596 0.180402 0.208081 0.179416 0.2082639 0.180115 0.208596 0.180402 0.208081 0.179614 0.2077119 0.179416 0.2082639 0.180402 0.208081 0.179805 0.207197 0.179614 0.2077119 0.179614 0.2077119 0.179805 0.207197 0.178872 0.2069399 0.179805 0.207197 0.178964 0.2064239 0.178872 0.2069399 0.178872 0.2069399 0.178964 0.2064239 0.17798 0.206351 0.178964 0.2064239 0.177998 0.2058719 0.17798 0.206351 0.178872 0.2069399 0.17798 0.206351 0.177955 0.206866 0.178773 0.2074919 0.178872 0.2069399 0.177955 0.206866 0.179614 0.2077119 0.178872 0.2069399 0.178773 0.2074919 0.179416 0.2082639 0.179614 0.2077119 0.178773 0.2074919 0.179416 0.2082639 0.178773 0.2074919 0.178672 0.208081 0.178672 0.208081 0.178773 0.2074919 0.177932 0.207418 0.178773 0.2074919 0.177955 0.206866 0.177932 0.207418 0.178672 0.208081 0.177932 0.207418 0.177906 0.208007 0.178573 0.208632 0.178672 0.208081 0.177906 0.208007 0.179221 0.208816 0.178672 0.208081 0.178573 0.208632 0.179221 0.208816 0.179416 0.2082639 0.178672 0.208081 0.179823 0.209074 0.179416 0.2082639 0.179221 0.208816 0.179823 0.209074 0.180115 0.208596 0.179416 0.2082639 0.1803719 0.209479 0.180115 0.208596 0.179823 0.209074 0.1803719 0.209479 0.180745 0.209037 0.180115 0.208596 0.181289 0.209589 0.180745 0.209037 0.1803719 0.209479 0.18173 0.209184 0.180745 0.209037 0.181289 0.209589 0.18173 0.209184 0.1811169 0.208596 0.180745 0.209037 0.1811169 0.208596 0.180115 0.208596 0.180745 0.209037 0.181289 0.209589 0.1803719 0.209479 0.180848 0.209957 0.180416 0.210288 0.180848 0.209957 0.1803719 0.209479 0.180745 0.210767 0.180848 0.209957 0.180416 0.210288 0.180745 0.210767 0.180416 0.210288 0.180016 0.210656 0.180416 0.210288 0.1796759 0.210288 0.180016 0.210656 0.180416 0.210288 0.180016 0.209884 0.1796759 0.210288 0.180416 0.210288 0.1803719 0.209479 0.180016 0.209884 0.180016 0.209884 0.1803719 0.209479 0.179823 0.209074 0.180016 0.209884 0.179823 0.209074 0.179545 0.209589 0.179823 0.209074 0.17903 0.209332 0.179545 0.209589 0.179823 0.209074 0.179221 0.208816 0.17903 0.209332 0.179221 0.208816 0.178476 0.209184 0.17903 0.209332 0.179221 0.208816 0.178573 0.208632 0.178476 0.209184 0.178573 0.208632 0.177856 0.209111 0.178476 0.209184 0.178573 0.208632 0.177881 0.208559 0.177856 0.209111 0.178573 0.208632 0.177906 0.208007 0.177881 0.208559 0.178384 0.209699 0.178476 0.209184 0.177856 0.209111 0.178849 0.20981 0.178476 0.209184 0.178384 0.209699 0.178849 0.20981 0.17903 0.209332 0.178476 0.209184 0.179545 0.209589 0.17903 0.209332 0.178849 0.20981 0.179545 0.209589 0.178849 0.20981 0.179283 0.210031 0.179283 0.210031 0.178849 0.20981 0.178688 0.210251 0.178688 0.210251 0.178849 0.20981 0.178384 0.209699 0.178688 0.210251 0.178384 0.209699 0.178302 0.210178 0.178302 0.210178 0.178384 0.209699 0.177833 0.209663 0.178384 0.209699 0.177856 0.209111 0.177833 0.209663 0.178302 0.210178 0.177833 0.209663 0.177814 0.210141 0.171326 0.182324 0.171735 0.182393 0.171735 0.181908 0.178548 0.210656 0.178302 0.210178 0.17823 0.210583 0.178548 0.210656 0.178688 0.210251 0.178302 0.210178 0.179049 0.210435 0.178688 0.210251 0.178548 0.210656 0.179283 0.210031 0.178688 0.210251 0.179049 0.210435 0.179373 0.210656 0.179283 0.210031 0.179049 0.210435 0.179373 0.210656 0.1796759 0.210288 0.179283 0.210031 0.180016 0.210656 0.1796759 0.210288 0.179373 0.210656 0.180016 0.210656 0.179373 0.210656 0.179651 0.210951 0.179651 0.210951 0.179373 0.210656 0.1791059 0.210987 0.179373 0.210656 0.178842 0.210804 0.1791059 0.210987 0.179373 0.210656 0.179049 0.210435 0.178842 0.210804 0.179049 0.210435 0.178548 0.210656 0.178842 0.210804 0.171326 0.1829349 0.171326 0.18264 0.170855 0.182526 0.170855 0.182526 0.171326 0.18264 0.171326 0.182324 0.170855 0.182526 0.171326 0.182324 0.170855 0.182265 0.170855 0.182265 0.171326 0.182324 0.171326 0.1818889 0.171326 0.182324 0.171735 0.181908 0.171326 0.1818889 0.170855 0.182265 0.171326 0.1818889 0.170855 0.181875 0.170333 0.182224 0.170855 0.182265 0.170855 0.181875 0.170333 0.1824409 0.170855 0.182265 0.170333 0.182224 0.170333 0.1824409 0.170855 0.182526 0.170855 0.182265 0.170855 0.182769 0.170855 0.182526 0.170333 0.1824409 0.171326 0.1829349 0.170855 0.182526 0.170855 0.182769 0.170855 0.182986 0.171326 0.1829349 0.170855 0.182769 0.170855 0.182986 0.171326 0.1832 0.171326 0.1829349 0.170855 0.1831769 0.171326 0.1832 0.170855 0.182986 0.170855 0.1831769 0.171326 0.183431 0.171326 0.1832 0.654243 0.584113 0.654501 0.584113 0.65428 0.584585 0.179527 0.211466 0.179651 0.210951 0.179338 0.211208 0.179527 0.211466 0.17988 0.211282 0.179651 0.210951 0.17988 0.211282 0.180016 0.210656 0.179651 0.210951 0.17988 0.211282 0.180292 0.211024 0.180016 0.210656 0.180745 0.210767 0.180016 0.210656 0.180292 0.211024 0.179651 0.210951 0.1791059 0.210987 0.179338 0.211208 0.654243 0.584113 0.65428 0.584585 0.654059 0.584585 0.170333 0.182831 0.170855 0.182986 0.170855 0.182769 0.170333 0.182831 0.170855 0.182769 0.170333 0.182644 0.170855 0.182769 0.170333 0.1824409 0.170333 0.182644 0.169775 0.18257 0.170333 0.182644 0.170333 0.1824409 0.170333 0.182831 0.170333 0.182644 0.169775 0.18257 0.170333 0.182831 0.169775 0.18257 0.169775 0.182732 0.169775 0.18257 0.170333 0.1824409 0.169775 0.18239 0.170333 0.1824409 0.169775 0.182199 0.169775 0.18239 0.170333 0.1824409 0.170333 0.182224 0.169775 0.182199 0.169775 0.182199 0.170333 0.182224 0.170333 0.181863 0.170333 0.182224 0.170855 0.181875 0.170333 0.181863 0.169775 0.182199 0.170333 0.181863 0.169775 0.181856 0.1796759 0.210288 0.179545 0.209589 0.179283 0.210031 0.1796759 0.210288 0.180016 0.209884 0.179545 0.209589 0.116382 0.135159 0.115911 0.136366 0.115911 0.1353729 0.653875 0.585666 0.653986 0.58624 0.653839 0.58624 0.653692 0.586818 0.653875 0.586818 0.653949 0.587374 0.653949 0.587374 0.653875 0.586818 0.654023 0.586818 0.653949 0.587374 0.654023 0.586818 0.654133 0.587374 0.168067 0.182989 0.168621 0.182876 0.168621 0.182732 0.654023 0.586818 0.654133 0.58624 0.65417 0.586818 0.1692 0.182699 0.168621 0.18257 0.168621 0.182732 0.1692 0.182699 0.1692 0.1825439 0.168621 0.18257 0.1692 0.1825439 0.168621 0.18239 0.168621 0.18257 0.1692 0.1825439 0.1692 0.182371 0.168621 0.18239 0.1692 0.182371 0.168621 0.182199 0.168621 0.18239 0.1692 0.182371 0.1692 0.182187 0.168621 0.182199 0.168067 0.1824409 0.168621 0.18239 0.168621 0.182199 0.168621 0.18257 0.168621 0.18239 0.168067 0.1824409 0.168621 0.18257 0.168067 0.1824409 0.168067 0.182644 0.1675429 0.182769 0.168067 0.182644 0.168067 0.1824409 0.168067 0.182831 0.168067 0.182644 0.1675429 0.182769 0.168067 0.182831 0.168621 0.18257 0.168067 0.182644 0.168067 0.182831 0.168621 0.182732 0.168621 0.18257 0.168067 0.182989 0.168621 0.182732 0.168067 0.182831 0.168067 0.182989 0.168067 0.182831 0.1675429 0.182986 0.168067 0.182831 0.1675429 0.182769 0.1675429 0.182986 0.1675429 0.182986 0.1675429 0.182769 0.16707 0.1829349 0.16707 0.1829349 0.1675429 0.182769 0.1675429 0.182526 0.1675429 0.182769 0.168067 0.1824409 0.1675429 0.182526 0.168067 0.1824409 0.1675429 0.182265 0.1675429 0.182526 0.168067 0.1824409 0.168067 0.182224 0.1675429 0.182265 0.168067 0.1824409 0.168621 0.182199 0.168067 0.182224 0.1675429 0.182526 0.1675429 0.182265 0.16707 0.182324 0.1675429 0.182526 0.16707 0.182324 0.16707 0.18264 0.172877 0.159839 0.173192 0.159913 0.173123 0.160318 0.172877 0.159839 0.173123 0.160318 0.172737 0.160244 0.172737 0.160244 0.173123 0.160318 0.173038 0.160796 0.172737 0.160244 0.173038 0.160796 0.172574 0.160686 0.172574 0.160686 0.173038 0.160796 0.172946 0.161311 0.172574 0.160686 0.172946 0.161311 0.172394 0.161164 0.17188 0.160906 0.172574 0.160686 0.172394 0.161164 0.17188 0.160906 0.172139 0.160465 0.172574 0.160686 0.172139 0.160465 0.172737 0.160244 0.172574 0.160686 0.172139 0.160465 0.172376 0.16006 0.172737 0.160244 0.172376 0.16006 0.172877 0.159839 0.172737 0.160244 0.172376 0.16006 0.172581 0.159692 0.172877 0.159839 0.16707 0.1829349 0.1675429 0.182526 0.16707 0.18264 0.1675429 0.182986 0.16707 0.1829349 0.16707 0.1832 0.1675429 0.1831769 0.1675429 0.182986 0.16707 0.1832 0.168067 0.182989 0.1675429 0.182986 0.1675429 0.1831769 0.653945 0.587374 0.654276 0.587896 0.654055 0.587896 0.653839 0.587896 0.653949 0.587374 0.654059 0.587896 0.653839 0.587896 0.653728 0.587374 0.653949 0.587374 0.653692 0.586818 0.653949 0.587374 0.653728 0.587374 0.1675429 0.1831769 0.16707 0.1832 0.16707 0.183431 0.653581 0.587896 0.653949 0.588371 0.653618 0.588371 0.171675 0.1584039 0.17176 0.158735 0.171374 0.158846 0.17176 0.158735 0.171544 0.159214 0.171374 0.158846 0.17176 0.158735 0.171896 0.15903 0.171544 0.159214 0.171896 0.15903 0.171772 0.159545 0.171544 0.159214 0.171544 0.159214 0.171772 0.159545 0.171409 0.159839 0.171409 0.159839 0.171772 0.159545 0.172052 0.159839 0.171409 0.159839 0.172052 0.159839 0.171746 0.160207 0.171006 0.160207 0.171409 0.159839 0.171746 0.160207 0.17068 0.159729 0.171409 0.159839 0.171006 0.160207 0.17068 0.159729 0.171133 0.159471 0.171409 0.159839 0.170436 0.159214 0.171133 0.159471 0.17068 0.159729 0.170436 0.159214 0.170928 0.15903 0.171133 0.159471 0.170289 0.158662 0.170928 0.15903 0.170436 0.159214 0.170289 0.158662 0.170804 0.158551 0.170928 0.15903 0.170804 0.158551 0.171374 0.158846 0.170928 0.15903 0.170804 0.158551 0.171271 0.158478 0.171374 0.158846 0.171675 0.1584039 0.171374 0.158846 0.171271 0.158478 0.170954 0.1590279 0.17157 0.1592119 0.171159 0.159469 0.171544 0.159214 0.171409 0.159839 0.171133 0.159471 0.170289 0.158662 0.170436 0.159214 0.16991 0.159398 0.170436 0.159214 0.170193 0.159987 0.16991 0.159398 0.170436 0.159214 0.17068 0.159729 0.170193 0.159987 0.17068 0.159729 0.170577 0.160539 0.170193 0.159987 0.17068 0.159729 0.171006 0.160207 0.170577 0.160539 0.171016 0.160246 0.17106 0.161056 0.170587 0.160579 0.171006 0.160207 0.171746 0.160207 0.171409 0.160612 0.171409 0.160612 0.171599 0.161422 0.17105 0.161017 0.17105 0.161017 0.171599 0.161422 0.171307 0.1619 0.171599 0.161422 0.172008 0.162231 0.171307 0.1619 0.171599 0.161422 0.172204 0.161679 0.172008 0.162231 0.171023 0.162415 0.171307 0.1619 0.172008 0.162231 0.1703079 0.1619 0.171307 0.1619 0.171023 0.162415 0.1703079 0.1619 0.17068 0.161458 0.171307 0.1619 0.17105 0.161017 0.171307 0.1619 0.17068 0.161458 0.170135 0.160906 0.17105 0.161017 0.17068 0.161458 0.170135 0.160906 0.170577 0.160539 0.17105 0.161017 0.169692 0.160281 0.170577 0.160539 0.170135 0.160906 0.169692 0.160281 0.170193 0.159987 0.170577 0.160539 0.16991 0.159398 0.170193 0.159987 0.169692 0.160281 0.16991 0.159398 0.169692 0.160281 0.1693699 0.159582 0.1697379 0.158735 0.16991 0.159398 0.1693699 0.159582 0.170289 0.158662 0.16991 0.159398 0.1697379 0.158735 0.1697379 0.158735 0.1693699 0.159582 0.169166 0.158846 0.171023 0.162415 0.172008 0.162231 0.171808 0.162783 0.171023 0.162415 0.171808 0.162783 0.171618 0.163298 0.171023 0.162415 0.171618 0.163298 0.170742 0.162894 0.168299 0.159987 0.168825 0.159803 0.169193 0.160575 0.168299 0.159987 0.169193 0.160575 0.1687059 0.16087 0.169193 0.160575 0.169262 0.161642 0.1687059 0.16087 0.169193 0.160575 0.169692 0.161311 0.169262 0.161642 0.169692 0.161311 0.169947 0.162342 0.169262 0.161642 0.16886 0.161974 0.169262 0.161642 0.169947 0.162342 0.1687059 0.16087 0.169262 0.161642 0.16886 0.161974 0.1687059 0.16087 0.16886 0.161974 0.168253 0.161127 0.16886 0.161974 0.169947 0.162342 0.169607 0.162746 0.169947 0.162342 0.170476 0.163335 0.169607 0.162746 0.167966 0.158147 0.1675339 0.15914 0.167444 0.158147 0.168497 0.1623049 0.169306 0.163115 0.169042 0.1634089 0.168497 0.1623049 0.169042 0.1634089 0.168184 0.162563 0.096219 0.02300399 0.09435695 0.019324 0.09435695 0.02300399 0.08980506 0.06913977 0.07066655 0.07612019 0.09330135 0.07413309 0.1150889 0.096466 0.11141 0.09852695 0.1150889 0.09852695 0.1150889 0.09447896 0.11141 0.096466 0.1150889 0.096466 0.1150889 0.09263896 0.11141 0.09447896 0.1150889 0.09447896 0.1150889 0.09094595 0.11141 0.09263896 0.1150889 0.09263896 0.104674 0.07866799 0.103224 0.08234798 0.103224 0.07866799 0.106356 0.07866799 0.104674 0.08234798 0.104674 0.07866799 0.108218 0.07866799 0.106356 0.08234798 0.106356 0.07866799 0.110201 0.07866799 0.108218 0.08234798 0.108218 0.07866799 0.112244 0.07866799 0.110201 0.08234798 0.110201 0.07866799 0.1142899 0.07866799 0.112244 0.08234798 0.112244 0.07866799 0.116273 0.07866799 0.1142899 0.08234798 0.1142899 0.07866799 0.118132 0.07866799 0.116273 0.08234798 0.116273 0.07866799 0.119814 0.07866799 0.118132 0.08234798 0.118132 0.07866799 0.121267 0.07866799 0.119814 0.08234798 0.119814 0.07866799 0.103224 0.130406 0.106904 0.132099 0.103224 0.132099 0.103224 0.128566 0.106904 0.130406 0.103224 0.130406 0.103224 0.126579 0.106904 0.128566 0.103224 0.128566 0.103224 0.124518 0.106904 0.126579 0.103224 0.126579 0.103224 0.122494 0.106904 0.124518 0.103224 0.124518 0.103224 0.120507 0.106904 0.122494 0.103224 0.122494 0.103224 0.11863 0.106904 0.120507 0.103224 0.120507 0.103224 0.116974 0.106904 0.11863 0.103224 0.11863 0.103224 0.1155019 0.106904 0.116974 0.103224 0.116974 0.0844419 0.02300399 0.08276098 0.019324 0.08276098 0.02300399 0.08630096 0.02300399 0.0844419 0.019324 0.0844419 0.02300399 0.08828395 0.02300399 0.08630096 0.019324 0.08630096 0.02300399 0.09033 0.02300399 0.08828395 0.019324 0.08828395 0.02300399 0.09237295 0.02300399 0.09033 0.019324 0.09033 0.02300399 0.09435689 0.02300399 0.09237289 0.019324 0.09237289 0.02300399 0.1150889 0.09852689 0.11141 0.100551 0.1150889 0.100551 0.1150889 0.100551 0.11141 0.102538 0.1150889 0.102538 0.1150889 0.102538 0.11141 0.1044149 0.1150889 0.1044149 0.1150889 0.1044149 0.11141 0.106071 0.1150889 0.106071 0.1150889 0.106071 0.11141 0.107543 0.1150889 0.107543 0.09789997 0.02300399 0.096219 0.019324 0.096219 0.02300399 0.166661 0.06182789 0.175912 0.06131297 0.175934 0.06182789 0.166661 0.06230598 0.175934 0.06182795 0.175952 0.06230598 0.128354 0.019324 0.128762 0.02861589 0.128354 0.02863496 0.127879 0.019324 0.128354 0.02863496 0.127879 0.02864897 0.127357 0.019324 0.127879 0.02864897 0.127357 0.02865999 0.126801 0.019324 0.127357 0.02865999 0.126801 0.02866798 0.126801 0.019324 0.126223 0.02866798 0.126223 0.019324 0.126223 0.02866798 0.126801 0.02866798 0.126801 0.02985996 0.126801 0.02866798 0.127357 0.02983397 0.126801 0.02985996 0.126801 0.02866798 0.127357 0.02865999 0.127357 0.02983397 0.127357 0.02865999 0.127879 0.02978998 0.127357 0.02983397 0.127357 0.02865999 0.127879 0.02864897 0.127879 0.02978998 0.127879 0.02864897 0.128354 0.02973496 0.127879 0.02978998 0.127879 0.02864897 0.128354 0.02863496 0.128354 0.02973496 0.128354 0.02863496 0.128762 0.02966099 0.128354 0.02973496 0.128354 0.02863496 0.128762 0.02861589 0.128762 0.02966099 0.175952 0.06230598 0.176916 0.06175398 0.176998 0.06223297 0.175952 0.06230598 0.175934 0.06182795 0.176916 0.06175398 0.175934 0.06182795 0.176824 0.061239 0.176916 0.06175398 0.175934 0.06182789 0.175912 0.06131297 0.176824 0.061239 0.175912 0.06131297 0.176729 0.060687 0.176824 0.061239 0.175912 0.06131297 0.175886 0.06076097 0.176729 0.060687 0.166661 0.06131297 0.175886 0.06076097 0.175912 0.06131297 0.166661 0.06076097 0.175861 0.06017196 0.175886 0.06076097 0.166661 0.06017196 0.175835 0.05961996 0.175861 0.06017196 0.166661 0.05961996 0.175813 0.05906796 0.175835 0.05961996 0.166661 0.05906796 0.175787 0.05851596 0.175813 0.05906796 0.166661 0.05851596 0.175769 0.05803799 0.175787 0.05851596 0.1155019 0.126134 0.115911 0.117044 0.1155019 0.117026 0.115911 0.126134 0.116385 0.117059 0.115911 0.117044 0.116385 0.126134 0.116908 0.11707 0.116385 0.117059 0.116908 0.126134 0.117464 0.117077 0.116908 0.11707 0.118041 0.126134 0.117464 0.117077 0.117464 0.126134 0.118615 0.117077 0.118041 0.126134 0.118615 0.126134 0.118615 0.117077 0.118615 0.116735 0.118041 0.116742 0.119175 0.11707 0.118615 0.116735 0.118615 0.117077 0.119175 0.11707 0.119175 0.116709 0.118615 0.116735 0.119697 0.117059 0.119175 0.116709 0.119175 0.11707 0.119697 0.117059 0.119697 0.116665 0.119175 0.116709 0.120168 0.117044 0.119697 0.116665 0.119697 0.117059 0.120168 0.117044 0.120168 0.11661 0.119697 0.116665 0.120577 0.117026 0.120168 0.11661 0.120168 0.117044 0.120577 0.117026 0.120577 0.116536 0.120168 0.11661 0.17369 0.07460397 0.173218 0.07511997 0.173708 0.07508295 0.17369 0.07460397 0.173138 0.07464098 0.173218 0.07511997 0.173664 0.07405298 0.173138 0.07464098 0.17369 0.07460397 0.173664 0.07405298 0.1730459 0.074126 0.173138 0.07464098 0.173664 0.07405298 0.17295 0.073574 0.1730459 0.074126 0.173664 0.07405298 0.173642 0.07350099 0.17295 0.073574 0.182816 0.07350099 0.173664 0.07405298 0.182816 0.07405298 0.182816 0.07294899 0.173642 0.07350099 0.182816 0.07350099 0.182816 0.07235997 0.173616 0.07294899 0.182817 0.07294899 0.182816 0.07180798 0.17359 0.07235997 0.182816 0.07235997 0.182816 0.07129198 0.173564 0.07180798 0.182816 0.07180798 0.182816 0.07081395 0.173542 0.07129198 0.182816 0.07129198 0.124096 0.019324 0.123688 0.02861589 0.123688 0.01932376 0.124567 0.019324 0.124096 0.02863496 0.124096 0.0193243 0.12509 0.019324 0.124567 0.02864897 0.124567 0.01932436 0.125649 0.019324 0.12509 0.02865999 0.12509 0.01932334 0.126223 0.019324 0.125649 0.02866798 0.125649 0.019324 0.126223 0.02866798 0.125649 0.02985996 0.125649 0.02866798 0.126223 0.02866798 0.126223 0.02986699 0.125649 0.02985996 0.126223 0.02866798 0.126801 0.02985996 0.126223 0.02986699 0.126223 0.02986699 0.126801 0.02985996 0.126801 0.03115499 0.126801 0.02985996 0.127357 0.03110396 0.126801 0.03115499 0.126801 0.02985996 0.127357 0.02983397 0.127357 0.03110396 0.127357 0.02983397 0.127879 0.03101897 0.127357 0.03110396 0.127357 0.02983397 0.127879 0.02978998 0.127879 0.03101897 0.128354 0.02973496 0.127879 0.03101897 0.127879 0.02978998 0.128354 0.02973496 0.128354 0.03090488 0.127879 0.03101897 0.177071 0.06263798 0.178102 0.06193798 0.178241 0.06230598 0.177071 0.06263798 0.176998 0.06223297 0.178102 0.06193798 0.176998 0.06223297 0.17794 0.06149697 0.178102 0.06193798 0.176998 0.06223297 0.176916 0.06175398 0.17794 0.06149697 0.176916 0.06175398 0.177759 0.06098198 0.17794 0.06149697 0.176916 0.06175398 0.176824 0.061239 0.177759 0.06098198 0.176729 0.060687 0.177759 0.06098198 0.176824 0.061239 0.176729 0.060687 0.177568 0.06046599 0.177759 0.06098198 0.176729 0.060687 0.177373 0.05991399 0.177568 0.06046599 0.176729 0.060687 0.176629 0.06009799 0.177373 0.05991399 0.175886 0.06076097 0.176629 0.06009799 0.176729 0.060687 0.175886 0.06076097 0.175861 0.06017196 0.176629 0.06009799 0.175861 0.06017196 0.176526 0.05954688 0.176629 0.06009799 0.175861 0.06017196 0.175835 0.05961996 0.176526 0.05954688 0.175813 0.05906796 0.176526 0.05954688 0.175835 0.05961996 0.175813 0.05906796 0.176431 0.05899488 0.176526 0.05954688 0.175813 0.05906796 0.176339 0.05847889 0.176431 0.05899488 0.175813 0.05906796 0.175787 0.05851596 0.176339 0.05847889 0.175787 0.05851596 0.176258 0.05800098 0.176339 0.05847895 0.175787 0.05851596 0.175769 0.05803799 0.176258 0.05800098 0.1155019 0.117026 0.115911 0.11661 0.1155019 0.116536 0.1155019 0.117026 0.115911 0.117044 0.115911 0.11661 0.115911 0.117044 0.116385 0.116665 0.115911 0.11661 0.115911 0.117044 0.116385 0.117059 0.116385 0.116665 0.116385 0.117059 0.116908 0.116709 0.116385 0.116665 0.116385 0.117059 0.116908 0.11707 0.116908 0.116709 0.116908 0.11707 0.117464 0.116735 0.116908 0.116709 0.116908 0.11707 0.117464 0.117077 0.117464 0.116735 0.117464 0.117077 0.118041 0.116742 0.117464 0.116735 0.118041 0.116742 0.117464 0.116544 0.117464 0.116735 0.118041 0.116742 0.118041 0.116559 0.117464 0.116544 0.118041 0.116742 0.118615 0.116544 0.118041 0.116559 0.118041 0.116742 0.118615 0.116735 0.118615 0.116544 0.118615 0.116735 0.119175 0.116493 0.118615 0.116544 0.118615 0.116735 0.119175 0.116709 0.119175 0.116493 0.119697 0.116665 0.119175 0.116493 0.119175 0.116709 0.119697 0.116665 0.119697 0.116407 0.119175 0.116493 0.120168 0.11661 0.119697 0.116407 0.119697 0.116665 0.120168 0.11661 0.120168 0.116294 0.119697 0.116407 0.173218 0.07511997 0.172976 0.075598 0.173292 0.07552498 0.173218 0.07511997 0.172836 0.07519298 0.172976 0.075598 0.173138 0.07464098 0.172836 0.07519298 0.173218 0.07511997 0.173138 0.07464098 0.172674 0.07475197 0.172836 0.07519298 0.1730459 0.074126 0.172674 0.07475197 0.173138 0.07464098 0.1730459 0.074126 0.1724939 0.07427299 0.172674 0.07475197 0.1730459 0.074126 0.172302 0.073758 0.1724939 0.07427299 0.1730459 0.074126 0.17295 0.073574 0.172302 0.073758 0.172847 0.073022 0.172302 0.073758 0.17295 0.073574 0.172847 0.073022 0.172104 0.073206 0.172302 0.073758 0.172748 0.07243299 0.172104 0.073206 0.172847 0.073022 0.172748 0.07243299 0.171909 0.072654 0.172104 0.073206 0.172748 0.07243299 0.171717 0.07213896 0.171909 0.072654 0.172748 0.07243299 0.172652 0.07188099 0.171717 0.07213896 0.173564 0.07180798 0.172652 0.07188099 0.172748 0.07243299 0.173542 0.07129198 0.172652 0.07188099 0.173564 0.07180798 0.173542 0.07129198 0.17256 0.07136589 0.172652 0.07188099 0.173524 0.07081395 0.17256 0.07136595 0.173542 0.07129198 0.173524 0.07081395 0.172479 0.07088798 0.17256 0.07136589 0.124096 0.02863496 0.123688 0.02966099 0.123688 0.02861595 0.124096 0.02863496 0.124096 0.02973496 0.123688 0.02966099 0.124567 0.02864897 0.124096 0.02973496 0.124096 0.02863496 0.124567 0.02864897 0.124567 0.02978998 0.124096 0.02973496 0.12509 0.02865999 0.124567 0.02978998 0.124567 0.02864897 0.12509 0.02865999 0.12509 0.02983397 0.124567 0.02978998 0.125649 0.02866798 0.12509 0.02983397 0.12509 0.02865999 0.125649 0.02866798 0.125649 0.02985996 0.12509 0.02983397 0.125649 0.02985996 0.12509 0.03110396 0.12509 0.02983397 0.125649 0.02985996 0.125649 0.03115499 0.12509 0.03110396 0.126223 0.02986699 0.125649 0.03115499 0.125649 0.02985996 0.126223 0.02986699 0.126223 0.031174 0.125649 0.03115499 0.126223 0.02986699 0.126801 0.03115499 0.126223 0.031174 0.126223 0.031174 0.126801 0.03115499 0.126801 0.03236997 0.126801 0.03115499 0.127357 0.032296 0.126801 0.03236997 0.126801 0.03115499 0.127357 0.03110396 0.127357 0.032296 0.127357 0.03110396 0.127879 0.03217089 0.127357 0.032296 0.127357 0.03110396 0.127879 0.03101897 0.127879 0.03217089 0.128354 0.03090488 0.127879 0.03217095 0.127879 0.03101897 0.128354 0.03090488 0.128354 0.03200489 0.127879 0.03217089 0.178241 0.06230598 0.179136 0.06145995 0.179341 0.061791 0.178241 0.06230598 0.178102 0.06193798 0.179136 0.06145989 0.17794 0.06149697 0.179136 0.06145989 0.178102 0.06193798 0.17794 0.06149697 0.1789 0.06101799 0.179136 0.06145989 0.177759 0.06098198 0.1789 0.06101799 0.17794 0.06149697 0.177759 0.06098198 0.1786389 0.06057697 0.1789 0.06101799 0.177759 0.06098198 0.178359 0.06009799 0.1786389 0.06057697 0.177759 0.06098198 0.177568 0.06046599 0.178359 0.06009799 0.177373 0.05991399 0.178359 0.06009799 0.177568 0.06046599 0.177373 0.05991399 0.1780689 0.05958288 0.178359 0.06009799 0.177373 0.05991399 0.1777819 0.05910497 0.1780689 0.05958288 0.177373 0.05991399 0.177174 0.05936199 0.1777819 0.05910497 0.176629 0.06009799 0.177174 0.05936199 0.177373 0.05991399 0.176629 0.06009799 0.176526 0.05954688 0.177174 0.05936199 0.176431 0.05899488 0.177174 0.05936199 0.176526 0.05954688 0.176431 0.05899488 0.1769829 0.05884689 0.177174 0.05936199 0.176431 0.05899488 0.1768029 0.05836898 0.1769829 0.05884695 0.176431 0.05899488 0.176339 0.05847889 0.1768029 0.05836898 0.176339 0.05847889 0.176641 0.05792689 0.1768029 0.05836898 0.176339 0.05847889 0.176258 0.05800098 0.176641 0.05792689 0.176258 0.05800098 0.1765 0.05752199 0.176641 0.05792689 0.176258 0.05800098 0.1761839 0.05759596 0.1765 0.05752199 0.115911 0.11661 0.116385 0.116407 0.115911 0.116294 0.115911 0.11661 0.116385 0.116665 0.116385 0.116407 0.116385 0.116665 0.116908 0.116493 0.116385 0.116407 0.116385 0.116665 0.116908 0.116709 0.116908 0.116493 0.117464 0.116735 0.116908 0.116493 0.116908 0.116709 0.117464 0.116735 0.117464 0.116544 0.116908 0.116493 0.116908 0.116493 0.117464 0.116544 0.117464 0.116364 0.117464 0.116544 0.118041 0.116389 0.117464 0.116364 0.117464 0.116544 0.118041 0.116559 0.118041 0.116389 0.118615 0.116544 0.118041 0.116389 0.118041 0.116559 0.118615 0.116544 0.118615 0.116364 0.118041 0.116389 0.119175 0.116493 0.118615 0.116364 0.118615 0.116544 0.119175 0.116493 0.119175 0.116286 0.118615 0.116364 0.119175 0.116493 0.119697 0.116165 0.119175 0.116286 0.119175 0.116493 0.119697 0.116407 0.119697 0.116165 0.119697 0.116407 0.120168 0.115999 0.119697 0.116165 0.119697 0.116407 0.120168 0.116294 0.120168 0.115999 0.172976 0.075598 0.172475 0.07537698 0.172681 0.07574498 0.172976 0.075598 0.172836 0.07519298 0.172475 0.07537698 0.172836 0.07519298 0.172239 0.07497197 0.172475 0.07537698 0.172836 0.07519298 0.172674 0.07475197 0.172239 0.07497197 0.172674 0.07475197 0.171975 0.07453095 0.172239 0.07497197 0.172674 0.07475197 0.1724939 0.07427299 0.171975 0.07453089 0.172302 0.073758 0.171975 0.07453095 0.1724939 0.07427299 0.172302 0.073758 0.1716949 0.07401597 0.171975 0.07453095 0.172104 0.073206 0.1716949 0.07401597 0.172302 0.073758 0.172104 0.073206 0.1714079 0.07353699 0.1716949 0.07401597 0.172104 0.073206 0.171117 0.073022 0.1714079 0.07353699 0.172104 0.073206 0.171909 0.072654 0.171117 0.073022 0.171717 0.07213896 0.171117 0.073022 0.171909 0.072654 0.171717 0.07213896 0.170837 0.07254397 0.171117 0.073022 0.171717 0.07213896 0.170576 0.07210201 0.170837 0.07254397 0.171717 0.07213896 0.171537 0.07162398 0.170576 0.07210201 0.17256 0.07136589 0.171537 0.07162398 0.171717 0.07213896 0.172479 0.07088798 0.171537 0.07162398 0.17256 0.07136589 0.172479 0.07088798 0.171375 0.07118195 0.171537 0.07162398 0.172405 0.07048296 0.171375 0.07118195 0.172479 0.07088798 0.172405 0.07048296 0.171235 0.07081395 0.171375 0.07118195 0.124096 0.02973496 0.124567 0.03101897 0.124096 0.03090488 0.124096 0.02973496 0.124567 0.02978998 0.124567 0.03101897 0.12509 0.02983397 0.124567 0.03101897 0.124567 0.02978998 0.12509 0.02983397 0.12509 0.03110396 0.124567 0.03101897 0.12509 0.03110396 0.124567 0.03217095 0.124567 0.03101897 0.12509 0.03110396 0.12509 0.032296 0.124567 0.03217089 0.125649 0.03115499 0.12509 0.032296 0.12509 0.03110396 0.125649 0.03115499 0.125649 0.03236997 0.12509 0.032296 0.126223 0.031174 0.125649 0.03236997 0.125649 0.03115499 0.126223 0.031174 0.126223 0.032395 0.125649 0.03236997 0.126223 0.031174 0.126801 0.03236997 0.126223 0.032395 0.126223 0.032395 0.126801 0.03236997 0.126801 0.03346598 0.126801 0.03236997 0.127357 0.03337097 0.126801 0.03346598 0.126801 0.03236997 0.127357 0.032296 0.127357 0.03337097 0.127879 0.03217089 0.127357 0.03337097 0.127357 0.032296 0.127879 0.03217095 0.127879 0.03321295 0.127357 0.03337097 0.128354 0.03200495 0.127879 0.03321295 0.127879 0.03217095 0.128354 0.03200495 0.128354 0.03299897 0.127879 0.03321295 0.179341 0.061791 0.180074 0.06079798 0.180335 0.06109195 0.179341 0.061791 0.179136 0.06145989 0.180074 0.06079798 0.1789 0.06101799 0.180074 0.06079798 0.179136 0.06145989 0.1789 0.06101799 0.179769 0.06042999 0.180074 0.06079798 0.1789 0.06101799 0.17943 0.06002497 0.179769 0.06042999 0.1789 0.06101799 0.1786389 0.06057697 0.17943 0.06002497 0.178359 0.06009799 0.17943 0.06002497 0.1786389 0.06057697 0.178359 0.06009799 0.179069 0.05958288 0.17943 0.06002497 0.1780689 0.05958288 0.179069 0.05958288 0.178359 0.06009799 0.1780689 0.05958288 0.178697 0.05914199 0.179069 0.05958288 0.1777819 0.05910497 0.178697 0.05914199 0.1780689 0.05958288 0.1777819 0.05910497 0.17833 0.05869996 0.178697 0.05914199 0.1777819 0.05910497 0.177969 0.05829489 0.17833 0.05869996 0.1777819 0.05910497 0.177501 0.05858999 0.177969 0.05829489 0.177174 0.05936199 0.177501 0.05858999 0.1777819 0.05910497 0.177174 0.05936199 0.1769829 0.05884695 0.177501 0.05858999 0.1768029 0.05836898 0.177501 0.05858999 0.1769829 0.05884695 0.1768029 0.05836898 0.177237 0.05814796 0.177501 0.05858999 0.176641 0.05792689 0.177237 0.05814796 0.1768029 0.05836898 0.176641 0.05792695 0.1770009 0.05774295 0.177237 0.05814796 0.1765 0.05752199 0.1770009 0.05774295 0.176641 0.05792695 0.1765 0.05752199 0.176795 0.05737489 0.1770009 0.05774289 0.116385 0.116407 0.115911 0.115999 0.115911 0.116294 0.116385 0.116407 0.116385 0.116165 0.115911 0.115999 0.116908 0.116493 0.116385 0.116165 0.116385 0.116407 0.116908 0.116493 0.116908 0.116286 0.116385 0.116165 0.116908 0.116493 0.117464 0.116364 0.116908 0.116286 0.117464 0.116364 0.116908 0.116102 0.116908 0.116286 0.117464 0.116364 0.117464 0.116198 0.116908 0.116102 0.117464 0.116364 0.118041 0.116231 0.117464 0.116198 0.117464 0.116364 0.118041 0.116389 0.118041 0.116231 0.118615 0.116364 0.118041 0.116231 0.118041 0.116389 0.118615 0.116364 0.118615 0.116198 0.118041 0.116231 0.118615 0.116364 0.119175 0.116102 0.118615 0.116198 0.118615 0.116364 0.119175 0.116286 0.119175 0.116102 0.119697 0.116165 0.119175 0.116102 0.119175 0.116286 0.119697 0.116165 0.119697 0.115944 0.119175 0.116102 0.120168 0.115999 0.119697 0.115944 0.119697 0.116165 0.120168 0.115999 0.120168 0.11573 0.119697 0.115944 0.172681 0.07574498 0.172151 0.075598 0.172412 0.07592898 0.172681 0.07574498 0.172475 0.07537698 0.172151 0.075598 0.172239 0.07497197 0.172151 0.075598 0.172475 0.07537698 0.172239 0.07497197 0.171846 0.07523 0.172151 0.075598 0.171975 0.07453095 0.171846 0.07523 0.172239 0.07497197 0.171975 0.07453089 0.171507 0.07482498 0.171846 0.07523 0.1716949 0.07401597 0.171507 0.07482498 0.171975 0.07453089 0.1716949 0.07401597 0.171147 0.07441997 0.171507 0.07482498 0.1716949 0.07401597 0.170779 0.07397896 0.171147 0.07441997 0.1716949 0.07401597 0.1714079 0.07353699 0.170779 0.07397896 0.1714079 0.07353699 0.1704069 0.07353699 0.170779 0.07397896 0.1714079 0.07353699 0.171117 0.073022 0.1704069 0.07353699 0.171117 0.073022 0.170046 0.07309597 0.1704069 0.07353699 0.171117 0.073022 0.170837 0.07254397 0.170046 0.07309597 0.170576 0.07210201 0.170046 0.07309597 0.170837 0.07254397 0.170576 0.07210201 0.169708 0.07269096 0.170046 0.07309597 0.170576 0.07210201 0.169402 0.07232296 0.169708 0.07269096 0.170576 0.07210201 0.170341 0.07166099 0.169402 0.07232296 0.171537 0.07162398 0.170341 0.07166099 0.170576 0.07210201 0.171537 0.07162398 0.171375 0.07118189 0.170341 0.07166099 0.171235 0.07081389 0.170341 0.07166099 0.171375 0.07118189 0.171235 0.07081395 0.170135 0.07132899 0.170341 0.07166099 0.124096 0.03090488 0.124567 0.03217089 0.124096 0.03200489 0.124096 0.03090488 0.124567 0.03101897 0.124567 0.03217089 0.124096 0.03200495 0.124567 0.03217095 0.124567 0.03321295 0.124567 0.03217095 0.12509 0.03337097 0.124567 0.03321295 0.124567 0.03217089 0.12509 0.032296 0.12509 0.03337097 0.125649 0.03236997 0.12509 0.03337097 0.12509 0.032296 0.125649 0.03236997 0.125649 0.03346598 0.12509 0.03337097 0.126223 0.032395 0.125649 0.03346598 0.125649 0.03236997 0.126223 0.032395 0.126223 0.03349989 0.125649 0.03346598 0.126223 0.032395 0.126801 0.03346598 0.126223 0.03349995 0.126801 0.03346598 0.126223 0.03445297 0.126223 0.03349995 0.126801 0.03346598 0.126801 0.03441596 0.126223 0.03445297 0.127357 0.03337097 0.126801 0.03441596 0.126801 0.03346598 0.127357 0.03337097 0.127357 0.03430098 0.126801 0.03441596 0.127357 0.03337097 0.127879 0.034114 0.127357 0.03430098 0.127357 0.03337097 0.127879 0.0332129 0.127879 0.034114 0.128354 0.03299897 0.127879 0.034114 0.127879 0.0332129 0.128354 0.03299897 0.128354 0.03385996 0.127879 0.034114 0.180335 0.06109195 0.18088 0.05998796 0.181197 0.06024599 0.180335 0.06109189 0.180074 0.06079798 0.18088 0.05998796 0.179769 0.06042999 0.18088 0.05998796 0.180074 0.06079798 0.179769 0.06042999 0.180516 0.05965697 0.18088 0.05998796 0.17943 0.06002497 0.180516 0.05965697 0.179769 0.06042999 0.17943 0.06002497 0.180114 0.05932497 0.180516 0.05965697 0.17943 0.06002497 0.179688 0.05899488 0.180114 0.05932497 0.17943 0.06002497 0.179069 0.05958288 0.179688 0.05899488 0.178697 0.05914199 0.179688 0.05899488 0.179069 0.05958288 0.178697 0.05914199 0.179242 0.05858999 0.179688 0.05899488 0.178279 0.05869686 0.1791909 0.05858725 0.178646 0.05913907 0.17833 0.05869996 0.178374 0.05788999 0.178801 0.05822199 0.17833 0.05869996 0.177969 0.05829495 0.178374 0.05788999 0.17763 0.05788999 0.178374 0.05788999 0.177969 0.05829495 0.17763 0.05788999 0.177969 0.05752199 0.178374 0.05788999 0.177325 0.05752199 0.177969 0.05752199 0.17763 0.05788999 0.177325 0.05752199 0.177609 0.05722796 0.177969 0.05752199 0.177064 0.05719089 0.177609 0.05722796 0.177325 0.05752199 0.177064 0.05719089 0.177292 0.05697089 0.177609 0.05722796 0.115911 0.11573 0.116385 0.115756 0.115911 0.1155019 0.115911 0.11573 0.116385 0.115944 0.116385 0.115756 0.115911 0.115999 0.116385 0.115944 0.115911 0.11573 0.115911 0.115999 0.116385 0.116165 0.116385 0.115944 0.116385 0.116165 0.116908 0.116102 0.116385 0.115944 0.116385 0.116165 0.116908 0.116286 0.116908 0.116102 0.116385 0.115944 0.116908 0.116102 0.116908 0.115944 0.117464 0.116198 0.116908 0.115944 0.116908 0.116102 0.117464 0.116198 0.117464 0.116058 0.116908 0.115944 0.146566 0.195394 0.146676 0.1948159 0.146528 0.1948159 0.146566 0.195394 0.146712 0.195394 0.146676 0.1948159 0.146566 0.195394 0.146676 0.195968 0.146712 0.195394 0.146566 0.195394 0.146528 0.195968 0.146676 0.195968 0.118615 0.116198 0.119175 0.115944 0.118615 0.116058 0.118615 0.116198 0.119175 0.116102 0.119175 0.115944 0.119697 0.115944 0.119175 0.115944 0.119175 0.116102 0.119697 0.115944 0.119697 0.115756 0.119175 0.115944 0.120168 0.11573 0.119697 0.115756 0.119697 0.115944 0.120168 0.11573 0.120168 0.1155019 0.119697 0.115756 0.172412 0.07592898 0.171868 0.07589197 0.172184 0.07615 0.172412 0.07592898 0.172151 0.075598 0.171868 0.07589197 0.172151 0.075598 0.171507 0.075598 0.171868 0.07589197 0.172151 0.075598 0.171846 0.07523 0.171507 0.075598 0.171846 0.07523 0.171103 0.07523 0.171507 0.075598 0.171846 0.07523 0.171507 0.07482498 0.171103 0.07523 0.171147 0.07441997 0.171103 0.07523 0.171507 0.07482498 0.171147 0.07441997 0.170675 0.07489889 0.171103 0.07523 0.171174 0.07439935 0.170261 0.07450997 0.1707029 0.0748775 0.170779 0.07397896 0.169789 0.074126 0.170234 0.07453089 0.170779 0.07397896 0.1704069 0.07353699 0.169789 0.074126 0.170046 0.07309597 0.169789 0.074126 0.1704069 0.07353699 0.170046 0.07309597 0.169362 0.07379496 0.169789 0.074126 0.170046 0.07309597 0.168961 0.07346397 0.169362 0.07379496 0.170046 0.07309597 0.169708 0.07269096 0.168961 0.07346397 0.169708 0.07269096 0.168596 0.07313197 0.168961 0.07346397 0.169708 0.07269096 0.169402 0.07232296 0.168596 0.07313197 0.1691409 0.07202798 0.168596 0.07313197 0.169402 0.07232296 0.1691409 0.07202798 0.16828 0.07287496 0.168596 0.07313197 0.124096 0.03299897 0.124567 0.034114 0.124096 0.03385996 0.124096 0.03299897 0.124567 0.0332129 0.124567 0.034114 0.124096 0.03200495 0.124567 0.0332129 0.124096 0.03299897 0.170135 0.07132899 0.1691409 0.07202798 0.169402 0.07232296 0.170135 0.07132899 0.169402 0.07232296 0.170341 0.07166099 0.12509 0.03337097 0.124567 0.034114 0.124567 0.03321295 0.12509 0.03337097 0.12509 0.03430098 0.124567 0.034114 0.12509 0.03337097 0.125649 0.03441596 0.12509 0.03430098 0.12509 0.03337097 0.125649 0.03346598 0.125649 0.03441596 0.125649 0.03346598 0.126223 0.03445297 0.125649 0.03441596 0.125649 0.03346598 0.126223 0.03349995 0.126223 0.03445297 0.594855 0.386108 0.593714 0.385534 0.594818 0.385534 0.594855 0.386108 0.593714 0.386108 0.593714 0.385534 0.594855 0.386108 0.593714 0.386686 0.593714 0.386108 0.594855 0.386108 0.594818 0.386686 0.593714 0.386686 0.594708 0.387241 0.593714 0.386686 0.594818 0.386686 0.594708 0.387241 0.593641 0.387241 0.593714 0.386686 0.59456 0.387764 0.593641 0.387241 0.594708 0.387241 0.59456 0.387764 0.593493 0.387764 0.593641 0.387241 0.59456 0.387764 0.593346 0.388239 0.593493 0.387764 0.59456 0.387764 0.59434 0.388239 0.593346 0.388239 0.18088 0.05998796 0.181892 0.05925196 0.181197 0.06024599 0.18088 0.05998796 0.181535 0.05903095 0.181892 0.05925196 0.180516 0.05965697 0.181535 0.05903089 0.18088 0.05998796 0.180516 0.05965697 0.181127 0.05880999 0.181535 0.05903089 0.180516 0.05965697 0.18067 0.05855298 0.181127 0.05880999 0.180516 0.05965697 0.180114 0.05932497 0.18067 0.05855298 0.180114 0.05932497 0.180184 0.05825895 0.18067 0.05855298 0.180114 0.05932497 0.179688 0.05899488 0.180184 0.05825889 0.179242 0.05858999 0.180184 0.05825895 0.179688 0.05899488 0.179242 0.05858999 0.179684 0.05796396 0.180184 0.05825895 0.178801 0.05822199 0.179684 0.05796396 0.179242 0.05858999 0.178801 0.05822199 0.1791869 0.05766999 0.179684 0.05796396 0.178801 0.05822199 0.178701 0.05741196 0.1791869 0.05766999 0.178801 0.05822199 0.178374 0.05788999 0.178701 0.05741196 0.177969 0.05752199 0.178701 0.05741196 0.178374 0.05788999 0.177969 0.05752199 0.178245 0.05715495 0.178701 0.05741196 0.177969 0.05752199 0.177833 0.05689698 0.178245 0.05715489 0.177969 0.05752199 0.177609 0.05722796 0.177833 0.05689698 0.177609 0.05722796 0.17748 0.05671298 0.177833 0.05689698 0.177609 0.05722796 0.177292 0.05697095 0.17748 0.05671298 0.146418 0.193738 0.146455 0.1932629 0.146197 0.1932629 0.146418 0.193738 0.146639 0.193738 0.146455 0.1932629 0.146422 0.193738 0.146753 0.19426 0.146643 0.193738 0.116385 0.115944 0.116908 0.115944 0.116385 0.115756 0.146676 0.1948159 0.146749 0.19426 0.146566 0.19426 0.146676 0.1948159 0.146823 0.1948159 0.146749 0.19426 0.146712 0.195394 0.146823 0.1948159 0.146676 0.1948159 0.146712 0.195394 0.14686 0.195394 0.146823 0.1948159 0.146712 0.195394 0.146823 0.195968 0.14686 0.195394 0.146712 0.195394 0.146676 0.195968 0.146823 0.195968 0.146676 0.195968 0.146749 0.196527 0.146823 0.195968 0.146676 0.195968 0.146566 0.196527 0.146749 0.196527 0.14642 0.197057 0.146751 0.196534 0.146567 0.196534 0.146418 0.19705 0.146455 0.197521 0.146639 0.19705 0.146418 0.19705 0.146197 0.197521 0.146455 0.197521 0.171868 0.07589197 0.171997 0.07640796 0.172184 0.07615 0.171868 0.07589197 0.171643 0.07622396 0.171997 0.07640796 0.171507 0.075598 0.171643 0.07622396 0.171868 0.07589197 0.171507 0.075598 0.171232 0.075966 0.171643 0.07622396 0.171507 0.075598 0.1707749 0.07570797 0.171232 0.075966 0.171507 0.075598 0.171103 0.07523 0.1707749 0.07570797 0.170675 0.07489889 0.1707749 0.07570797 0.171103 0.07523 0.170675 0.07489895 0.170289 0.07545095 0.1707749 0.07570797 0.170675 0.07489889 0.1697919 0.07515597 0.170289 0.07545089 0.170675 0.07489889 0.170234 0.07453089 0.1697919 0.07515597 0.170234 0.07453095 0.169292 0.074862 0.1697919 0.07515597 0.170234 0.07453089 0.169789 0.074126 0.169292 0.074862 0.169362 0.07379496 0.169292 0.074862 0.169789 0.074126 0.169362 0.07379496 0.168806 0.07456797 0.169292 0.074862 0.168961 0.07346397 0.168806 0.07456797 0.169362 0.07379496 0.168961 0.07346397 0.16835 0.07431 0.168806 0.07456797 0.168961 0.07346397 0.167942 0.07408899 0.16835 0.07431 0.168961 0.07346397 0.168596 0.07313197 0.167942 0.07408899 0.168596 0.07313197 0.167585 0.07386797 0.167942 0.07408899 0.168596 0.07313197 0.16828 0.07287496 0.167585 0.07386797 0.59456 0.384452 0.593346 0.383981 0.59434 0.383981 0.59456 0.384452 0.593493 0.384452 0.593346 0.383981 0.59456 0.384452 0.593641 0.384975 0.593493 0.384452 0.59456 0.384452 0.594708 0.384975 0.593641 0.384975 0.594708 0.384975 0.593714 0.385534 0.593641 0.384975 0.594708 0.384975 0.594818 0.385534 0.593714 0.385534 0.593641 0.384975 0.593714 0.385534 0.5925 0.385534 0.593714 0.386108 0.5925 0.385534 0.593714 0.385534 0.593714 0.386108 0.5925 0.386108 0.5925 0.385534 0.593714 0.386108 0.5925 0.386686 0.5925 0.386108 0.593714 0.386108 0.593714 0.386686 0.5925 0.386686 0.593641 0.387241 0.5925 0.386686 0.593714 0.386686 0.593641 0.387241 0.592426 0.387241 0.5925 0.386686 0.593493 0.387764 0.592426 0.387241 0.593641 0.387241 0.593493 0.387764 0.592353 0.387764 0.592426 0.387241 0.593493 0.387764 0.592242 0.388239 0.592353 0.387764 0.593493 0.387764 0.593346 0.388239 0.592242 0.388239 0.181535 0.05903089 0.182404 0.05814796 0.181892 0.05925196 0.181535 0.05903095 0.182017 0.05800098 0.182404 0.05814796 0.181535 0.05903095 0.181571 0.05785399 0.182017 0.05800098 0.181535 0.05903095 0.181127 0.05880999 0.181571 0.05785399 0.18067 0.05855298 0.181571 0.05785399 0.181127 0.05880999 0.18067 0.05855298 0.181079 0.05766999 0.181571 0.05785399 0.180184 0.05825889 0.181079 0.05766999 0.18067 0.05855298 0.180184 0.05825895 0.180553 0.05748599 0.181079 0.05766999 0.179684 0.05796396 0.180553 0.05748599 0.180184 0.05825889 0.179684 0.05796396 0.180012 0.05726498 0.180553 0.05748599 0.179684 0.05796396 0.179467 0.05708098 0.180012 0.05726498 0.179684 0.05796396 0.1791869 0.05766999 0.179467 0.05708098 0.1791869 0.05766999 0.178941 0.05689698 0.179467 0.05708098 0.1791869 0.05766999 0.178701 0.05741196 0.178941 0.05689698 0.178245 0.05715495 0.178941 0.05689698 0.178701 0.05741196 0.178245 0.05715495 0.178448 0.05671298 0.178941 0.05689698 0.177869 0.05689924 0.178483 0.05671519 0.178281 0.05715715 0.177833 0.05689698 0.177616 0.05641889 0.1780019 0.05652898 0.177833 0.05689698 0.17748 0.05671298 0.177616 0.05641889 0.146639 0.193738 0.146749 0.1932629 0.146455 0.1932629 0.146639 0.193738 0.14686 0.193738 0.146749 0.1932629 0.146749 0.19426 0.14686 0.193738 0.146639 0.193738 0.146749 0.19426 0.14697 0.19426 0.14686 0.193738 0.146749 0.19426 0.147007 0.1948159 0.14697 0.19426 0.146749 0.19426 0.146823 0.1948159 0.147007 0.1948159 0.14686 0.195394 0.147007 0.1948159 0.146823 0.1948159 0.14686 0.195394 0.147044 0.195394 0.147007 0.1948159 0.14686 0.195394 0.147007 0.195968 0.147044 0.195394 0.14686 0.195394 0.146823 0.195968 0.147007 0.195968 0.146749 0.196527 0.147007 0.195968 0.146823 0.195968 0.146749 0.196527 0.14697 0.196527 0.147007 0.195968 0.146749 0.196527 0.14686 0.19705 0.14697 0.196527 0.146749 0.196527 0.146639 0.19705 0.14686 0.19705 0.146639 0.19705 0.146749 0.197521 0.14686 0.19705 0.146639 0.19705 0.146455 0.197521 0.146749 0.197521 0.171643 0.07622396 0.17186 0.07670199 0.171997 0.07640796 0.171643 0.07622396 0.171474 0.07659196 0.17186 0.07670199 0.171651 0.07624167 0.171037 0.07642579 0.171482 0.0766102 0.171232 0.075966 0.170536 0.07622396 0.171029 0.07640796 0.171232 0.075966 0.1707749 0.07570797 0.170536 0.07622396 0.170289 0.07545095 0.170536 0.07622396 0.1707749 0.07570797 0.170289 0.07545095 0.17001 0.07603996 0.170536 0.07622396 0.1697919 0.07515597 0.17001 0.07603996 0.170289 0.07545095 0.1697919 0.07515597 0.169465 0.07585597 0.17001 0.07603996 0.1697919 0.07515597 0.168924 0.07563489 0.169465 0.07585597 0.1697919 0.07515597 0.169292 0.074862 0.168924 0.07563489 0.169292 0.074862 0.168398 0.07545089 0.168924 0.07563489 0.169292 0.074862 0.168806 0.07456797 0.168398 0.07545089 0.168806 0.07456797 0.167905 0.07526689 0.168398 0.07545089 0.168806 0.07456797 0.16835 0.07431 0.167905 0.07526695 0.167942 0.07408899 0.167905 0.07526695 0.16835 0.07431 0.167942 0.07408899 0.167459 0.07511997 0.167905 0.07526695 0.167942 0.07408899 0.167073 0.07497197 0.167459 0.07511997 0.167942 0.07408899 0.167585 0.07386797 0.167073 0.07497197 0.593493 0.384452 0.592242 0.383981 0.593346 0.383981 0.593493 0.384452 0.592353 0.384452 0.592242 0.383981 0.593493 0.384452 0.592426 0.384975 0.592353 0.384452 0.593493 0.384452 0.593641 0.384975 0.592426 0.384975 0.593641 0.384975 0.5925 0.385534 0.592426 0.384975 0.592426 0.384975 0.5925 0.385534 0.591212 0.385534 0.5925 0.386108 0.591212 0.385534 0.5925 0.385534 0.5925 0.386108 0.591212 0.386108 0.591212 0.385534 0.5925 0.386108 0.591212 0.386686 0.591212 0.386108 0.5925 0.386108 0.5925 0.386686 0.591212 0.386686 0.592426 0.387241 0.591212 0.386686 0.5925 0.386686 0.592426 0.387241 0.591175 0.387241 0.591212 0.386686 0.592426 0.387241 0.591138 0.387764 0.591175 0.387241 0.592426 0.387241 0.592353 0.387764 0.591138 0.387764 0.592242 0.388239 0.591138 0.387764 0.592353 0.387764 0.592242 0.388239 0.591065 0.388239 0.591138 0.387764 0.182017 0.05800098 0.182716 0.05697089 0.182404 0.05814796 0.182017 0.05800098 0.182315 0.05689698 0.182716 0.05697095 0.182017 0.05800098 0.181848 0.05682289 0.182315 0.05689698 0.182017 0.05800098 0.181571 0.05785399 0.181848 0.05682295 0.181571 0.05785399 0.181329 0.05674999 0.181848 0.05682295 0.181571 0.05785399 0.181079 0.05766999 0.181329 0.05674999 0.180553 0.05748599 0.181329 0.05674999 0.181079 0.05766999 0.180553 0.05748599 0.180777 0.05663889 0.181329 0.05674999 0.180012 0.05726498 0.180777 0.05663889 0.180553 0.05748599 0.180012 0.05726498 0.1802099 0.05652898 0.180777 0.05663889 0.180012 0.05726498 0.1796399 0.05641895 0.1802099 0.05652898 0.180012 0.05726498 0.179467 0.05708098 0.1796399 0.05641895 0.179467 0.05708098 0.179092 0.05634498 0.1796399 0.05641895 0.179467 0.05708098 0.178941 0.05689698 0.179092 0.05634498 0.178448 0.05671298 0.179092 0.05634498 0.178941 0.05689698 0.178448 0.05671298 0.178573 0.056234 0.179092 0.05634498 0.1780019 0.05652898 0.178573 0.056234 0.178448 0.05671298 0.1780019 0.05652898 0.1781049 0.05616098 0.178573 0.056234 0.1780019 0.05652898 0.1777009 0.05608689 0.1781049 0.05616098 0.1780019 0.05652898 0.177616 0.05641889 0.1777009 0.05608689 0.146749 0.1932629 0.147117 0.193738 0.147081 0.1932629 0.146749 0.1932629 0.14686 0.193738 0.147117 0.193738 0.14697 0.19426 0.147117 0.193738 0.14686 0.193738 0.14697 0.19426 0.147191 0.19426 0.147117 0.193738 0.14697 0.19426 0.147191 0.1948159 0.147191 0.19426 0.14697 0.19426 0.147007 0.1948159 0.147191 0.1948159 0.147044 0.195394 0.147191 0.1948159 0.147007 0.1948159 0.147044 0.195394 0.147228 0.195394 0.147191 0.1948159 0.147044 0.195394 0.147191 0.195968 0.147228 0.195394 0.147044 0.195394 0.147007 0.195968 0.147191 0.195968 0.14697 0.196527 0.147191 0.195968 0.147007 0.195968 0.14697 0.196527 0.147191 0.196527 0.147191 0.195968 0.14697 0.196527 0.147117 0.19705 0.147191 0.196527 0.14697 0.196527 0.14686 0.19705 0.147117 0.19705 0.146749 0.197521 0.147117 0.19705 0.14686 0.19705 0.146749 0.197521 0.147081 0.197521 0.147117 0.19705 0.171474 0.07659196 0.1717759 0.07703298 0.17186 0.07670199 0.171474 0.07659196 0.171371 0.07695996 0.1717759 0.07703298 0.171474 0.07659196 0.170904 0.07688599 0.171371 0.07695996 0.171474 0.07659196 0.171029 0.07640796 0.170904 0.07688599 0.171029 0.07640796 0.170385 0.07677596 0.170904 0.07688599 0.171029 0.07640796 0.170536 0.07622396 0.170385 0.07677596 0.17001 0.07603996 0.170385 0.07677596 0.170536 0.07622396 0.17001 0.07603996 0.169836 0.07670199 0.170385 0.07677596 0.169465 0.07585597 0.169836 0.07670199 0.17001 0.07603996 0.169465 0.07585597 0.169266 0.07659196 0.169836 0.07670199 0.169465 0.07585597 0.168699 0.07648098 0.169266 0.07659196 0.169465 0.07585597 0.168924 0.07563489 0.168699 0.07648098 0.168924 0.07563495 0.168147 0.07637095 0.168699 0.07648098 0.168924 0.07563495 0.168398 0.07545095 0.168147 0.07637095 0.167905 0.07526695 0.168147 0.07637095 0.168398 0.07545095 0.167905 0.07526689 0.167628 0.07629698 0.168147 0.07637089 0.167459 0.07511997 0.167628 0.07629698 0.167905 0.07526689 0.167459 0.07511997 0.167161 0.07622396 0.167628 0.07629698 0.167459 0.07511997 0.16676 0.07615 0.167161 0.07622396 0.167459 0.07511997 0.167073 0.07497197 0.16676 0.07615 0.592242 0.383981 0.591138 0.384452 0.591065 0.383981 0.592242 0.383981 0.592353 0.384452 0.591138 0.384452 0.592426 0.384975 0.591138 0.384452 0.592353 0.384452 0.592426 0.384975 0.591175 0.384975 0.591138 0.384452 0.592426 0.384975 0.591212 0.385534 0.591175 0.384975 0.591175 0.384975 0.591212 0.385534 0.589997 0.385534 0.591218 0.386106 0.590003 0.385532 0.591217 0.385532 0.591217 0.386132 0.590002 0.38671 0.590002 0.386132 0.591175 0.387241 0.589997 0.386686 0.591212 0.386686 0.591175 0.387241 0.589997 0.387241 0.589997 0.386686 0.591175 0.387241 0.589997 0.387764 0.589997 0.387241 0.591175 0.387241 0.591138 0.387764 0.589997 0.387764 0.591065 0.388239 0.589997 0.387764 0.591138 0.387764 0.591065 0.388239 0.589961 0.388239 0.589997 0.387764 0.182315 0.05689698 0.182816 0.05586695 0.182716 0.05697095 0.182315 0.05689698 0.182407 0.05586689 0.182816 0.05586689 0.181848 0.05682295 0.182407 0.05586695 0.182315 0.05689698 0.181848 0.05682289 0.181932 0.05583 0.182407 0.05586689 0.181848 0.05682295 0.18141 0.05583 0.181932 0.05583 0.181848 0.05682295 0.181329 0.05674999 0.18141 0.05583 0.180792 0.05664968 0.181425 0.05584084 0.181344 0.05676084 0.1801789 0.05654394 0.18082 0.05580836 0.180746 0.05665427 0.1796399 0.05641895 0.180276 0.05575597 0.1802099 0.05652898 0.1796399 0.05641889 0.179702 0.05575597 0.180276 0.05575597 0.179092 0.05634498 0.179702 0.05575597 0.1796399 0.05641895 0.179092 0.05634498 0.179143 0.05571889 0.179702 0.05575597 0.178573 0.056234 0.179143 0.05571895 0.179092 0.05634498 0.178573 0.056234 0.1786209 0.05568295 0.179143 0.05571895 0.178573 0.056234 0.178149 0.05568295 0.1786209 0.05568295 0.178573 0.056234 0.1781049 0.05616098 0.178149 0.05568295 0.177713 0.05608558 0.178161 0.05568158 0.178117 0.05615955 0.147083 0.193265 0.1475239 0.19374 0.1475239 0.193265 0.147191 0.19426 0.147522 0.193738 0.147117 0.193738 0.147191 0.19426 0.147522 0.19426 0.147522 0.193738 0.147191 0.1948159 0.147522 0.19426 0.147191 0.19426 0.147191 0.1948159 0.147559 0.1948159 0.147522 0.19426 0.147228 0.195394 0.147559 0.1948159 0.147191 0.1948159 0.147228 0.195394 0.147559 0.195394 0.147559 0.1948159 0.147228 0.195394 0.147559 0.195968 0.147559 0.195394 0.147228 0.195394 0.147191 0.195968 0.147559 0.195968 0.147191 0.195968 0.147522 0.196527 0.147559 0.195968 0.147191 0.195968 0.147191 0.196527 0.147522 0.196527 0.147191 0.196527 0.147522 0.19705 0.147522 0.196527 0.147191 0.196527 0.147117 0.19705 0.147522 0.19705 0.147082 0.197529 0.147523 0.197058 0.147119 0.197058 0.171781 0.0770359 0.171332 0.07744097 0.1717399 0.07747709 0.170904 0.07688599 0.1713269 0.07743799 0.171371 0.07695996 0.170904 0.07688599 0.1708559 0.07743799 0.1713269 0.07743799 0.170904 0.07688599 0.170334 0.07740098 0.1708559 0.07743799 0.170904 0.07688599 0.170385 0.07677596 0.170334 0.07740098 0.170385 0.07677596 0.1697739 0.07736498 0.170334 0.07740098 0.170385 0.07677596 0.169836 0.07670199 0.1697739 0.07736498 0.169836 0.07670199 0.1692 0.07736498 0.1697739 0.07736498 0.169836 0.07670199 0.169266 0.07659196 0.1692 0.07736498 0.169266 0.07659196 0.168626 0.07732796 0.1692 0.07736498 0.169266 0.07659196 0.168699 0.07648098 0.168626 0.07732796 0.168699 0.07648098 0.168067 0.07729089 0.168626 0.07732796 0.168699 0.07648098 0.168147 0.07637089 0.168067 0.07729089 0.167628 0.07629698 0.168067 0.07729089 0.168147 0.07637095 0.167628 0.07629698 0.167544 0.07729095 0.168067 0.07729095 0.167628 0.07629698 0.167069 0.07725399 0.167544 0.07729095 0.167628 0.07629698 0.167161 0.07622396 0.167069 0.07725399 0.167161 0.07622396 0.166661 0.07725399 0.167069 0.07725399 0.167161 0.07622396 0.16676 0.07615 0.166661 0.07725399 0.591065 0.383981 0.589997 0.384452 0.589961 0.383981 0.591065 0.383981 0.591138 0.384452 0.589997 0.384452 0.591175 0.384975 0.589997 0.384452 0.591138 0.384452 0.591175 0.384975 0.589997 0.384975 0.589997 0.384452 0.591175 0.384975 0.589997 0.385534 0.589997 0.384975 0.589997 0.385534 0.553418 0.384975 0.589997 0.384975 0.589997 0.386108 0.553418 0.385534 0.589997 0.385534 0.589997 0.386686 0.553418 0.386108 0.589997 0.386108 0.589997 0.387241 0.553418 0.386686 0.589997 0.386686 0.589997 0.387764 0.553418 0.387241 0.589997 0.387241 0.589961 0.388239 0.553418 0.387764 0.589997 0.387764 0.589961 0.388647 0.553418 0.388239 0.589961 0.388239 0.181932 0.05583 0.182407 0.019324 0.182407 0.05586689 0.18141 0.05583 0.181932 0.019324 0.181932 0.05583 0.180851 0.05579298 0.18141 0.019324 0.18141 0.05583 0.180276 0.05575597 0.180851 0.019324 0.180851 0.05579298 0.179702 0.05575597 0.180276 0.019324 0.180276 0.05575597 0.179143 0.05571889 0.179702 0.019324 0.179702 0.05575597 0.1786209 0.05568289 0.179143 0.019324 0.179143 0.05571889 0.178149 0.05568289 0.1786209 0.019324 0.1786209 0.05568289 0.177741 0.055646 0.178149 0.019324 0.178149 0.05568289 0.147522 0.193738 0.183844 0.1932629 0.147522 0.1932629 0.147522 0.19426 0.183844 0.193738 0.147522 0.193738 0.147559 0.1948159 0.183844 0.19426 0.147522 0.19426 0.147559 0.195394 0.183844 0.1948159 0.147559 0.1948159 0.147559 0.195968 0.183844 0.195394 0.147559 0.195394 0.147559 0.195968 0.183844 0.196527 0.183844 0.195968 0.147522 0.19705 0.183844 0.196527 0.147522 0.196527 0.147522 0.197521 0.183844 0.19705 0.147522 0.19705 0.171735 0.07747495 0.1713269 0.113796 0.171735 0.113796 0.1708559 0.07743799 0.1713269 0.113796 0.1713269 0.07743799 0.1708559 0.07743799 0.170334 0.113796 0.1708559 0.113797 0.170334 0.07740098 0.1697739 0.113796 0.170334 0.113795 0.1692 0.07736498 0.1697739 0.113796 0.1697739 0.07736498 0.1692 0.07736498 0.168626 0.113796 0.1692 0.113796 0.168626 0.07732796 0.168067 0.113796 0.168626 0.113796 0.167544 0.07729095 0.168067 0.113796 0.168067 0.07729095 0.167544 0.07729095 0.167069 0.113796 0.167544 0.113796 0.589961 0.383981 0.553418 0.383572 0.589961 0.383572 0.589961 0.383981 0.553418 0.384452 0.553419 0.383981 0.589997 0.384975 0.553418 0.384452 0.589997 0.384452 0.111015 0.04187005 0.112098 0.03574758 0.10956 0.03787308 0.176795 0.05737489 0.177064 0.05719089 0.177325 0.05752199 0.176795 0.05737495 0.177325 0.05752199 0.1770009 0.05774295 0.177237 0.05814796 0.1770009 0.05774289 0.177325 0.05752199 0.177237 0.05814796 0.177325 0.05752199 0.17763 0.05788999 0.177501 0.05858999 0.177237 0.05814796 0.17763 0.05788999 0.177501 0.05858999 0.17763 0.05788999 0.177969 0.05829495 0.17256 0.07136595 0.171717 0.07213896 0.172652 0.07188099 0.173564 0.07180798 0.172748 0.07243299 0.17359 0.07235997 0.17359 0.07235997 0.172748 0.07243299 0.172847 0.073022 0.17359 0.07235997 0.172847 0.073022 0.173616 0.07294899 0.173616 0.07294899 0.172847 0.073022 0.17295 0.073574 0.173616 0.07294899 0.17295 0.073574 0.173642 0.07350099 0.182816 0.07405298 0.17369 0.07460397 0.182816 0.07460397 0.182816 0.07460397 0.173708 0.07508289 0.182816 0.07508289 0.120577 0.126134 0.120168 0.117044 0.120168 0.126134 0.120168 0.126134 0.119697 0.117059 0.119697 0.126134 0.119697 0.126134 0.119175 0.11707 0.119175 0.126134 0.119175 0.126134 0.118615 0.117077 0.118615 0.126134 0.004999995 0.823703 0.479657 0.515678 0.004999995 0.515678 0.551372 0.410175 0.552107 0.410911 0.552107 0.810658 0.552107 0.410911 0.551372 0.410175 0.816735 0.410175 0.553419 0.317426 0.954637 0.317426 0.953901 0.318162 0.553417 0.317242 0.553418 0.308042 0.954637 0.317426 0.553418 0.307858 0.954638 0.307858 0.954637 0.317426 0.954637 0.317426 0.553417 0.317426 0.553417 0.317242 0.2302809 0.67963 0.2302809 0.414267 0.2300969 0.414267 0.954638 0.289625 0.954638 0.289441 0.553418 0.289441 0.553418 0.289441 0.553418 0.299009 0.954638 0.298825 0.954638 0.298825 0.954638 0.289625 0.553418 0.289441 0.212417 0.67963 0.212417 0.414267 0.221984 0.414267 0.212417 0.67963 0.2116799 0.678894 0.2116799 0.415003 0.00573498 0.005735993 0.004999935 0.004999935 0.004999935 0.406219 0.270362 0.406219 0.269625 0.405483 0.00573498 0.405483 0.954636 0.299009 0.553418 0.299009 0.554155 0.299745 0.01136589 0.399842 0.01210188 0.399106 0.01210188 0.01284897 0.01136595 0.399842 0.263995 0.399842 0.262524 0.399106 0.263995 0.01137697 0.26326 0.01284885 0.26326 0.39837 0.263995 0.01137697 0.01136595 0.01137697 0.01283866 0.01211297 0.553418 0.335843 0.554155 0.335843 0.554155 0.326275 0.242375 0.414267 0.242375 0.663953 0.251942 0.663953 0.557738 0.805016 0.559211 0.80428 0.808896 0.80428 0.810367 0.416552 0.810367 0.805016 0.809632 0.803544 0.810367 0.416552 0.809632 0.417288 0.559211 0.417288 0.557738 0.805016 0.557738 0.416552 0.558476 0.418024 0.554154 0.05140197 0.553418 0.05140197 0.553418 0.04183399 0.554154 0.05140197 0.554154 0.04183399 0.939675 0.04183399 0.94041 0.05140197 0.939675 0.05140197 0.939675 0.04183399 0.1932629 0.269746 0.1932629 0.019324 0.202831 0.019324 0.94041 0.326275 0.554155 0.326275 0.554155 0.335843 0.22272 0.678894 0.221984 0.67963 0.221984 0.414267 0.10711 0.02852398 0.10711 0.019324 0.105271 0.019324 0.21352 0.019324 0.2116799 0.019324 0.2116799 0.284686 0.584113 0.755344 0.584113 0.489982 0.593313 0.489982 0.08685296 0.108331 0.08685296 0.099132 0.08869296 0.099132 0.223751 0.02750998 0.221912 0.02750998 0.221912 0.292872 0.232327 0.037741 0.232327 0.303104 0.232143 0.303104 0.952795 0.004999995 0.553418 0.004999995 0.553418 0.005184352 0.553418 0.005184352 0.553418 0.01438397 0.952795 0.004999995 0.553418 0.01456785 0.952795 0.01456785 0.952795 0.004999995 0.262839 0.67963 0.262839 0.414267 0.263022 0.414268 0.952796 0.03298497 0.553419 0.03298497 0.553418 0.02341699 0.553418 0.02341699 0.952795 0.02341699 0.952795 0.02360099 0.952795 0.02360099 0.952796 0.03280055 0.553418 0.02341699 0.575264 0.728742 0.575264 0.46338 0.565696 0.46338 0.544572 0.404375 0.543836 0.403639 0.279945 0.403639 0.544571 0.004999876 0.543834 0.005735933 0.543834 0.403639 0.279209 0.004999935 0.279944 0.005735933 0.543835 0.005735933 0.279209 0.004999935 0.279209 0.404375 0.279945 0.403639 0.543835 0.005735933 0.279945 0.005735933 0.279945 0.403639 0.542526 0.412221 0.541789 0.412957 0.277898 0.412957 0.541789 0.412957 0.542527 0.412221 0.542527 0.811597 0.541788 0.810861 0.277898 0.810861 0.277898 0.412957 0.277163 0.811597 0.277897 0.810861 0.541788 0.810861 0.277163 0.811597 0.277163 0.412221 0.277898 0.412957 0.600484 0.514538 0.600484 0.7799 0.609684 0.7799 0.25056 0.05615788 0.25056 0.321521 0.250744 0.321521 0.04346799 0.026905 0.03978788 0.026905 0.03978788 0.02892899 0.04346799 0.02484399 0.03978788 0.02484399 0.03978788 0.026905 0.04346799 0.02285695 0.03978788 0.02285695 0.03978788 0.02484399 0.04346799 0.02101689 0.03978788 0.02101689 0.03978788 0.02285689 0.04346799 0.019324 0.03978788 0.019324 0.03978788 0.02101689 0.08421099 0.04183399 0.08421099 0.04551398 0.08276098 0.04551398 0.08589297 0.04183399 0.08589297 0.04551398 0.08421099 0.04551398 0.08775496 0.04183399 0.08775496 0.04551398 0.08589297 0.04551398 0.08973789 0.04183399 0.08973789 0.04551398 0.08775496 0.04551398 0.09178 0.04183399 0.09178 0.04551398 0.08973789 0.04551398 0.09382599 0.04183399 0.09382599 0.04551398 0.09178 0.04551398 0.09580999 0.04183399 0.09580999 0.04551398 0.09382599 0.04551398 0.09766799 0.04183399 0.09766799 0.04551398 0.09580999 0.04551398 0.09934997 0.04183399 0.09934997 0.04551398 0.09766799 0.04551398 0.100803 0.04183399 0.100803 0.04551398 0.09934997 0.04551398 0.099132 0.10585 0.102811 0.10585 0.102811 0.107543 0.099132 0.10401 0.102811 0.10401 0.102811 0.10585 0.099132 0.102023 0.102811 0.102023 0.102811 0.10401 0.099132 0.09996199 0.102811 0.09996199 0.102811 0.102023 0.099132 0.097938 0.102811 0.097938 0.102811 0.09996199 0.099132 0.09595096 0.102811 0.09595096 0.102811 0.097938 0.099132 0.09407401 0.102811 0.09407401 0.102811 0.09595096 0.099132 0.09241795 0.102811 0.09241795 0.102811 0.09407401 0.099132 0.09094595 0.102811 0.09094595 0.102811 0.09241795 0.10286 0.07006996 0.10286 0.06638997 0.101178 0.06638997 0.104718 0.07006996 0.104718 0.06638997 0.10286 0.06638997 0.106701 0.07006996 0.106701 0.06638997 0.104718 0.06638997 0.108747 0.07006996 0.108747 0.06638997 0.106701 0.06638997 0.11079 0.07006996 0.11079 0.06638997 0.108747 0.06638997 0.112774 0.07006996 0.112774 0.06638997 0.11079 0.06638997 0.114636 0.07006996 0.114636 0.06638997 0.112774 0.06638997 0.116317 0.07006996 0.116317 0.06638997 0.114636 0.06638997 0.04346799 0.03444898 0.03978788 0.03444898 0.03978788 0.03592097 0.04346799 0.03279298 0.03978788 0.03279298 0.03978788 0.03444898 0.04346799 0.03091597 0.03978788 0.03091597 0.03978788 0.03279298 0.04346799 0.02892899 0.03978788 0.02892899 0.03978788 0.03091597 0.06788796 0.04625827 0.06590056 0.04679155 0.06383949 0.04696798 0.06383949 0.04696798 0.0618152 0.04679095 0.0598278 0.04625707 0.0598278 0.04625707 0.05795055 0.04539185 0.0562942 0.04421406 0.0562942 0.04421406 0.05482196 0.04276019 0.05279767 0.03921967 0.05364435 0.04107815 0.05279767 0.03921967 0.05482196 0.04276019 0.05224549 0.03723585 0.05206155 0.03518974 0.05224549 0.03314739 0.05224549 0.03314739 0.05279767 0.03116387 0.05279767 0.03921967 0.05364435 0.02930188 0.05482196 0.02762019 0.05279767 0.03116387 0.0562942 0.02617049 0.05795055 0.02499306 0.0598278 0.02412486 0.0598278 0.02412486 0.0618152 0.02359515 0.0562942 0.02617049 0.06383949 0.02341514 0.06590056 0.02359575 0.06972837 0.02499485 0.06788796 0.02412605 0.06972837 0.02499485 0.06590056 0.02359575 0.07142168 0.02617275 0.07285696 0.02762299 0.06972837 0.02499485 0.07403498 0.02930498 0.07491809 0.03116726 0.07543337 0.03315097 0.07543337 0.03315097 0.07561767 0.03519338 0.07543337 0.03723949 0.07543337 0.03723949 0.07491809 0.03922307 0.07403498 0.04108136 0.07403498 0.04108136 0.07285696 0.04276299 0.0598278 0.04625707 0.07142168 0.04421639 0.06972837 0.04539376 0.07285696 0.04276299 0.06788796 0.04625827 0.06383949 0.04696798 0.06972837 0.04539376 0.0598278 0.04625707 0.0562942 0.04421406 0.07403498 0.04108136 0.05279767 0.03921967 0.05224549 0.03723585 0.05224549 0.03314739 0.05279767 0.03116387 0.05482196 0.02762019 0.0562942 0.02617049 0.0562942 0.02617049 0.0618152 0.02359515 0.06972837 0.02499485 0.06383949 0.02341514 0.06972837 0.02499485 0.0618152 0.02359515 0.07285696 0.02762299 0.07403498 0.02930498 0.0562942 0.02617049 0.07543337 0.03315097 0.07543337 0.03723949 0.07403498 0.04108136 0.07285696 0.04276299 0.06972837 0.04539376 0.06383949 0.04696798 0.06383949 0.04696798 0.0598278 0.04625707 0.07285696 0.04276299 0.05279767 0.03921967 0.05279767 0.03116387 0.07403498 0.04108136 0.0562942 0.02617049 0.06972837 0.02499485 0.07285696 0.02762299 0.07403498 0.02930498 0.07543337 0.03315097 0.0562942 0.02617049 0.07403498 0.04108136 0.0562942 0.04421406 0.05279767 0.03921967 0.05279767 0.03116387 0.07543337 0.03315097 0.07403498 0.04108136 0.643968 0.383572 0.607426 0.383572 0.607426 0.383981 0.123969 0.05446487 0.1241199 0.05390524 0.123971 0.05219697 0.124172 0.05333095 0.124121 0.05275696 0.123971 0.05219697 0.123971 0.05219697 0.123728 0.05167418 0.123398 0.05119919 0.123398 0.05119919 0.1229889 0.05079084 0.121437 0.05006885 0.122519 0.05045914 0.121996 0.05021619 0.121437 0.05006885 0.121437 0.05006885 0.120863 0.05001777 0.120286 0.05006885 0.120286 0.05006885 0.11973 0.05021619 0.119207 0.05045914 0.119207 0.05045914 0.118732 0.05079084 0.118324 0.05119919 0.118324 0.05119919 0.117992 0.05167418 0.117549 0.05333095 0.117749 0.05219697 0.117597 0.05275696 0.117549 0.05333095 0.117549 0.05333095 0.117596 0.05390524 0.117747 0.05446487 0.117747 0.05446487 0.117989 0.05498808 0.11832 0.05545896 0.11832 0.05545896 0.118728 0.05586755 0.119202 0.05619895 0.119202 0.05619895 0.119724 0.05644607 0.12028 0.056593 0.12028 0.056593 0.120858 0.05664449 0.121432 0.056593 0.121432 0.056593 0.121991 0.05644607 0.122514 0.05619895 0.122514 0.05619895 0.122985 0.05586755 0.123969 0.05446487 0.123394 0.05545896 0.1237249 0.05498808 0.123969 0.05446487 0.1241199 0.05390524 0.124172 0.05333095 0.123971 0.05219697 0.123971 0.05219697 0.123398 0.05119919 0.121437 0.05006885 0.122519 0.05045914 0.121437 0.05006885 0.1229889 0.05079084 0.120286 0.05006885 0.119207 0.05045914 0.118324 0.05119919 0.117992 0.05167418 0.117749 0.05219697 0.117549 0.05333095 0.117549 0.05333095 0.117747 0.05446487 0.11832 0.05545896 0.11832 0.05545896 0.119202 0.05619895 0.121437 0.05006885 0.12028 0.056593 0.121432 0.056593 0.122514 0.05619895 0.122985 0.05586755 0.123394 0.05545896 0.123969 0.05446487 0.123969 0.05446487 0.123971 0.05219697 0.121437 0.05006885 0.121437 0.05006885 0.120286 0.05006885 0.11832 0.05545896 0.118324 0.05119919 0.117549 0.05333095 0.120286 0.05006885 0.119202 0.05619895 0.12028 0.056593 0.122514 0.05619895 0.122514 0.05619895 0.123969 0.05446487 0.121437 0.05006885 0.120286 0.05006885 0.117549 0.05333095 0.11832 0.05545896 0.182898 0.248854 0.182898 0.212386 0.182323 0.212423 0.183456 0.248854 0.183456 0.2123489 0.182898 0.212386 0.183978 0.248854 0.183978 0.2123489 0.183456 0.2123489 0.184449 0.248854 0.184449 0.212312 0.183978 0.2123489 0.643968 0.388239 0.607426 0.388239 0.607426 0.388647 0.643968 0.387768 0.607389 0.387768 0.607426 0.388239 0.643968 0.387245 0.607389 0.387245 0.607389 0.387768 0.643968 0.386686 0.607389 0.386686 0.607389 0.387245 0.643968 0.386112 0.607389 0.386112 0.607389 0.386686 0.643968 0.385534 0.607389 0.385534 0.607389 0.386112 0.643968 0.384978 0.607389 0.384978 0.607389 0.385534 0.643968 0.384456 0.607389 0.384456 0.607389 0.384978 0.643968 0.384456 0.643968 0.383981 0.607426 0.383981 0.167941 0.158165 0.1685 0.158128 0.168576 0.158974 0.1669729 0.121641 0.167444 0.121642 0.167444 0.158147 0.167966 0.121641 0.167966 0.158147 0.167444 0.158147 0.167966 0.121641 0.168527 0.121641 0.168527 0.15811 0.168527 0.121641 0.1691009 0.121641 0.1691009 0.158073 0.169673 0.121641 0.169673 0.158073 0.1691009 0.158073 0.169673 0.121641 0.170234 0.121641 0.170234 0.1580359 0.170234 0.121641 0.170756 0.121642 0.170756 0.158 0.171232 0.121641 0.171232 0.158 0.170756 0.158 0.171232 0.121641 0.171638 0.121641 0.171638 0.157963 0.616855 0.587896 0.653177 0.587896 0.653177 0.588371 0.616855 0.587374 0.653177 0.587374 0.653177 0.587896 0.616855 0.587374 0.616855 0.586818 0.65314 0.586818 0.616855 0.58624 0.65314 0.58624 0.65314 0.586818 0.616855 0.585666 0.65314 0.585666 0.65314 0.58624 0.616855 0.585107 0.653177 0.585107 0.65314 0.585666 0.616855 0.584585 0.653177 0.584585 0.653177 0.585107 0.616855 0.584113 0.653177 0.584113 0.653177 0.584585 0.180193 0.248854 0.180193 0.212496 0.1797839 0.2125329 0.180666 0.248854 0.180666 0.212496 0.180193 0.212496 0.18119 0.248854 0.18119 0.21246 0.180666 0.212496 0.181749 0.248854 0.181749 0.212423 0.18119 0.21246 0.182323 0.248854 0.182323 0.212423 0.181749 0.212423 0.607381 0.387734 0.607381 0.387211 0.606202 0.387211 0.168557 0.158125 0.169131 0.158089 0.169197 0.158861 0.171195 0.15802 0.171236 0.158498 0.170767 0.158572 0.65314 0.586818 0.65314 0.58624 0.653471 0.58624 0.65314 0.585666 0.653508 0.585666 0.653471 0.58624 0.181228 0.212436 0.181173 0.2118099 0.1806589 0.21192 0.168621 0.181856 0.1692 0.182187 0.1692 0.1728 0.168621 0.181856 0.168621 0.1728 0.168067 0.1728 0.168067 0.181863 0.168067 0.172799 0.1675429 0.1728 0.1675429 0.181875 0.1675429 0.1728 0.16707 0.1728 0.16707 0.1818889 0.16707 0.1728 0.166661 0.1728 0.173608 0.160354 0.1827149 0.160354 0.1827149 0.160833 0.17359 0.160833 0.182714 0.160833 0.1827149 0.1613849 0.173569 0.1613849 0.182717 0.1613849 0.1827149 0.1619369 0.173541 0.1619369 0.182714 0.1619369 0.1827149 0.1624889 0.173516 0.1624889 0.1827149 0.1624889 0.1827149 0.163078 0.173491 0.163078 0.182716 0.163078 0.1827149 0.16363 0.1734679 0.16363 0.1827149 0.16363 0.1827149 0.1641449 0.173442 0.1641449 0.182714 0.1641449 0.1827149 0.164623 0.120576 0.139756 0.120576 0.149049 0.120167 0.149048 0.120167 0.139737 0.120167 0.149047 0.119694 0.149048 0.119694 0.139723 0.119694 0.149048 0.11917 0.149048 0.11917 0.139712 0.11917 0.149049 0.118616 0.149048 0.118616 0.139704 0.118616 0.149048 0.118037 0.149048 0.118037 0.139704 0.118037 0.149048 0.117463 0.149048 0.116904 0.139712 0.117463 0.139704 0.117463 0.149048 0.116382 0.139723 0.116904 0.139712 0.116904 0.149048 0.115911 0.139737 0.116382 0.139723 0.116382 0.149048 0.1155019 0.139756 0.115911 0.139737 0.115911 0.149048 0.17798 0.206351 0.177998 0.2058719 0.168707 0.2058719 0.177955 0.206866 0.17798 0.206351 0.168707 0.206351 0.177932 0.207418 0.177955 0.206866 0.168707 0.206866 0.177906 0.208007 0.177932 0.207418 0.168707 0.207418 0.177881 0.208559 0.177906 0.208007 0.168707 0.208007 0.177856 0.209111 0.177881 0.208559 0.168707 0.208559 0.177833 0.209663 0.177856 0.209111 0.168707 0.209111 0.177814 0.210141 0.177833 0.209663 0.168707 0.209663 0.171326 0.1818889 0.171735 0.181908 0.171735 0.1728 0.170855 0.181875 0.171326 0.1818889 0.171326 0.1728 0.170333 0.181863 0.170855 0.181875 0.170855 0.1728 0.169775 0.181856 0.170333 0.181863 0.170333 0.1728 0.169775 0.181856 0.169775 0.1728 0.1692 0.1728 0.653947 0.5851 0.654057 0.584578 0.654278 0.584578 0.1805 0.211453 0.180298 0.211011 0.179886 0.211269 0.653945 0.587374 0.654129 0.587374 0.654276 0.587896 0.170954 0.1590279 0.1713989 0.158845 0.17157 0.1592119 0.171016 0.160246 0.171416 0.160651 0.17106 0.161056 0.096219 0.02300399 0.096219 0.019324 0.09435695 0.019324 0.07821166 0.08923125 0.080199 0.08976095 0.07637137 0.08836311 0.08225995 0.08994096 0.08428418 0.08976036 0.07637137 0.08836311 0.08627158 0.08923006 0.08814865 0.08836126 0.08980506 0.08718335 0.08980506 0.08718335 0.09127706 0.08573317 0.09330135 0.0821889 0.09245467 0.08405119 0.09330135 0.0821889 0.09127706 0.08573317 0.09385347 0.0802052 0.09403735 0.07816278 0.09385347 0.07611668 0.09385347 0.07611668 0.09330135 0.07413309 0.09330135 0.0821889 0.09245467 0.0722748 0.09127706 0.07059317 0.09330135 0.07413309 0.08980506 0.06913977 0.08814865 0.0679624 0.08627158 0.0670979 0.08627158 0.0670979 0.08428418 0.06656455 0.08225995 0.06638818 0.08225995 0.06638818 0.080199 0.06656515 0.07821166 0.06709909 0.07821166 0.06709909 0.07637137 0.06796419 0.08225995 0.06638818 0.07467818 0.0691421 0.07324296 0.07059597 0.07637137 0.06796419 0.07206499 0.07227796 0.07118189 0.07413649 0.07066655 0.07612019 0.07066655 0.07612019 0.07048237 0.07816636 0.07066655 0.08020877 0.07066655 0.08020877 0.07118189 0.0821923 0.07206499 0.08405429 0.07206499 0.08405429 0.07324296 0.08573597 0.08980506 0.08718335 0.07467818 0.08718568 0.07637137 0.08836311 0.07324296 0.08573597 0.080199 0.08976095 0.08225995 0.08994096 0.07637137 0.08836311 0.08980506 0.08718335 0.07637137 0.08836311 0.08428418 0.08976036 0.09330135 0.0821889 0.09385347 0.0802052 0.09385347 0.07611668 0.09330135 0.07413309 0.09127706 0.07059317 0.08980506 0.06913977 0.08980506 0.06913977 0.08627158 0.0670979 0.08225995 0.06638818 0.08225995 0.06638818 0.07637137 0.06796419 0.07324296 0.07059597 0.07324296 0.07059597 0.07206499 0.07227796 0.08980506 0.06913977 0.07066655 0.07612019 0.07066655 0.08020877 0.09330135 0.07413309 0.07324296 0.08573597 0.07637137 0.08836311 0.08980506 0.08718335 0.08627158 0.08923006 0.08980506 0.08718335 0.08428418 0.08976036 0.09330135 0.0821889 0.07066655 0.08020877 0.07206499 0.08405429 0.08980506 0.06913977 0.08225995 0.06638818 0.07324296 0.07059597 0.07206499 0.07227796 0.07066655 0.07612019 0.08980506 0.06913977 0.07206499 0.08405429 0.08980506 0.08718335 0.09330135 0.0821889 0.09330135 0.07413309 0.07066655 0.08020877 0.09330135 0.0821889 0.1150889 0.096466 0.11141 0.096466 0.11141 0.09852695 0.1150889 0.09447896 0.11141 0.09447896 0.11141 0.096466 0.1150889 0.09263896 0.11141 0.09263896 0.11141 0.09447896 0.1150889 0.09094595 0.11141 0.09094595 0.11141 0.09263896 0.104674 0.07866799 0.104674 0.08234798 0.103224 0.08234798 0.106356 0.07866799 0.106356 0.08234798 0.104674 0.08234798 0.108218 0.07866799 0.108218 0.08234798 0.106356 0.08234798 0.110201 0.07866799 0.110201 0.08234798 0.108218 0.08234798 0.112244 0.07866799 0.112244 0.08234798 0.110201 0.08234798 0.1142899 0.07866799 0.1142899 0.08234798 0.112244 0.08234798 0.116273 0.07866799 0.116273 0.08234798 0.1142899 0.08234798 0.118132 0.07866799 0.118132 0.08234798 0.116273 0.08234798 0.119814 0.07866799 0.119814 0.08234798 0.118132 0.08234798 0.121267 0.07866799 0.121267 0.08234798 0.119814 0.08234798 0.103224 0.130406 0.106904 0.130406 0.106904 0.132099 0.103224 0.128566 0.106904 0.128566 0.106904 0.130406 0.103224 0.126579 0.106904 0.126579 0.106904 0.128566 0.103224 0.124518 0.106904 0.124518 0.106904 0.126579 0.103224 0.122494 0.106904 0.122494 0.106904 0.124518 0.103224 0.120507 0.106904 0.120507 0.106904 0.122494 0.103224 0.11863 0.106904 0.11863 0.106904 0.120507 0.103224 0.116974 0.106904 0.116974 0.106904 0.11863 0.103224 0.1155019 0.106904 0.1155019 0.106904 0.116974 0.0844419 0.02300399 0.0844419 0.019324 0.08276098 0.019324 0.08630096 0.02300399 0.08630096 0.019324 0.0844419 0.019324 0.08828395 0.02300399 0.08828395 0.019324 0.08630096 0.019324 0.09033 0.02300399 0.09033 0.019324 0.08828395 0.019324 0.09237295 0.02300399 0.09237295 0.019324 0.09033 0.019324 0.09435689 0.02300399 0.09435689 0.019324 0.09237289 0.019324 0.1150889 0.09852689 0.11141 0.09852689 0.11141 0.100551 0.1150889 0.100551 0.11141 0.100551 0.11141 0.102538 0.1150889 0.102538 0.11141 0.102538 0.11141 0.1044149 0.1150889 0.1044149 0.11141 0.1044149 0.11141 0.106071 0.1150889 0.106071 0.11141 0.106071 0.11141 0.107543 0.09789997 0.02300399 0.09789997 0.019324 0.096219 0.019324 0.166661 0.06182789 0.166661 0.06131297 0.175912 0.06131297 0.166661 0.06230598 0.166661 0.06182795 0.175934 0.06182795 0.128354 0.019324 0.128762 0.01932376 0.128762 0.02861589 0.127879 0.019324 0.128354 0.0193243 0.128354 0.02863496 0.127357 0.019324 0.127879 0.01932436 0.127879 0.02864897 0.126801 0.019324 0.127357 0.01932334 0.127357 0.02865999 0.126801 0.019324 0.126801 0.02866798 0.126223 0.02866798 0.166661 0.06131297 0.166661 0.06076097 0.175886 0.06076097 0.166661 0.06076097 0.166661 0.06017196 0.175861 0.06017196 0.166661 0.06017196 0.166661 0.05961996 0.175835 0.05961996 0.166661 0.05961996 0.166661 0.05906796 0.175813 0.05906796 0.166661 0.05906796 0.166661 0.05851596 0.175787 0.05851596 0.166661 0.05851596 0.166661 0.05803799 0.175769 0.05803799 0.1155019 0.126134 0.115911 0.126134 0.115911 0.117044 0.115911 0.126134 0.116385 0.126134 0.116385 0.117059 0.116385 0.126134 0.116908 0.126134 0.116908 0.11707 0.116908 0.126134 0.117464 0.126134 0.117464 0.117077 0.118041 0.126134 0.118041 0.116742 0.117464 0.117077 0.118615 0.117077 0.118041 0.116742 0.118041 0.126134 0.182816 0.07350099 0.173642 0.07350099 0.173664 0.07405298 0.182816 0.07294899 0.173616 0.07294899 0.173642 0.07350099 0.182816 0.07235997 0.17359 0.07235997 0.173616 0.07294899 0.182816 0.07180798 0.173564 0.07180798 0.17359 0.07235997 0.182816 0.07129198 0.173542 0.07129198 0.173564 0.07180798 0.182816 0.07081395 0.173524 0.07081395 0.173542 0.07129198 0.124096 0.019324 0.124096 0.02863496 0.123688 0.02861589 0.124567 0.019324 0.124567 0.02864897 0.124096 0.02863496 0.12509 0.019324 0.12509 0.02865999 0.124567 0.02864897 0.125649 0.019324 0.125649 0.02866798 0.12509 0.02865999 0.126223 0.019324 0.126223 0.02866798 0.125649 0.02866798 0.178279 0.05869686 0.178751 0.05821889 0.1791909 0.05858725 0.171174 0.07439935 0.170806 0.07395815 0.170261 0.07450997 0.146422 0.193738 0.146569 0.19426 0.146753 0.19426 0.14642 0.197057 0.146641 0.197057 0.146751 0.196534 0.177869 0.05689924 0.178038 0.05653077 0.178483 0.05671519 0.171651 0.07624167 0.17124 0.07598376 0.171037 0.07642579 0.591218 0.386106 0.590003 0.386106 0.590003 0.385532 0.591217 0.386132 0.591217 0.38671 0.590002 0.38671 0.180792 0.05664968 0.180866 0.05580306 0.181425 0.05584084 0.1801789 0.05654394 0.1802459 0.05577164 0.18082 0.05580836 0.177713 0.05608558 0.177754 0.05564439 0.178161 0.05568158 0.147083 0.193265 0.147119 0.19374 0.1475239 0.19374 0.147082 0.197529 0.147523 0.197529 0.147523 0.197058 0.171781 0.0770359 0.171376 0.07696288 0.171332 0.07744097 0.589997 0.385534 0.553418 0.385534 0.553418 0.384975 0.589997 0.386108 0.553418 0.386108 0.553418 0.385534 0.589997 0.386686 0.553418 0.386686 0.553418 0.386108 0.589997 0.387241 0.553418 0.387241 0.553418 0.386686 0.589997 0.387764 0.553418 0.387764 0.553418 0.387241 0.589961 0.388239 0.553419 0.388239 0.553418 0.387764 0.589961 0.388647 0.553418 0.388647 0.553418 0.388239 0.181932 0.05583 0.181932 0.01932388 0.182407 0.019324 0.18141 0.05583 0.18141 0.019324 0.181932 0.019324 0.180851 0.05579298 0.180851 0.01932376 0.18141 0.019324 0.180276 0.05575597 0.180276 0.01932376 0.180851 0.019324 0.179702 0.05575597 0.179702 0.019324 0.180276 0.019324 0.179143 0.05571889 0.179143 0.01932388 0.179702 0.019324 0.1786209 0.05568289 0.1786209 0.01932448 0.179143 0.019324 0.178149 0.05568289 0.178149 0.019324 0.1786209 0.019324 0.177741 0.055646 0.177741 0.01932388 0.178149 0.019324 0.147522 0.193738 0.183844 0.193738 0.183844 0.1932629 0.147522 0.19426 0.183844 0.19426 0.183844 0.193738 0.147559 0.1948159 0.183844 0.1948159 0.183844 0.19426 0.147559 0.195394 0.183844 0.195394 0.183844 0.1948159 0.147559 0.195968 0.183844 0.195968 0.183844 0.195394 0.147559 0.195968 0.147522 0.196527 0.183844 0.196527 0.147522 0.19705 0.183844 0.19705 0.183844 0.196527 0.147522 0.197521 0.183844 0.197521 0.183844 0.19705 0.171735 0.07747495 0.1713269 0.07743799 0.1713269 0.113796 0.1708559 0.07743799 0.1708559 0.113796 0.1713269 0.113796 0.1708559 0.07743799 0.170334 0.07740098 0.170334 0.113796 0.170334 0.07740098 0.1697739 0.07736498 0.1697739 0.113796 0.1692 0.07736498 0.1692 0.113796 0.1697739 0.113796 0.1692 0.07736498 0.168626 0.07732796 0.168626 0.113796 0.168626 0.07732796 0.168067 0.07729089 0.168067 0.113796 0.167544 0.07729095 0.167544 0.113796 0.168067 0.113796 0.167544 0.07729095 0.167069 0.07725399 0.167069 0.113796 0.589961 0.383981 0.553418 0.383981 0.553418 0.383572 0.589961 0.383981 0.589997 0.384452 0.553418 0.384452 0.589997 0.384975 0.553418 0.384975 0.553418 0.384452 0.10956 0.03787308 0.109409 0.0384317 0.109361 0.03900575 0.109361 0.03900575 0.109408 0.03957909 0.1095589 0.04013836 0.1095589 0.04013836 0.109802 0.0406602 0.110132 0.04113125 0.110132 0.04113125 0.110541 0.04153907 0.111015 0.04187005 0.111015 0.04187005 0.111538 0.04211646 0.112093 0.04226398 0.112093 0.04226398 0.112671 0.04231506 0.113245 0.04226398 0.113245 0.04226398 0.113805 0.04211646 0.114327 0.04187005 0.114327 0.04187005 0.114799 0.04153907 0.113245 0.04226398 0.115207 0.04113125 0.115539 0.0406602 0.115782 0.04013836 0.115782 0.04013836 0.115934 0.03957909 0.115985 0.03900575 0.115985 0.03900575 0.115934 0.0384317 0.115784 0.03787308 0.115784 0.03787308 0.115541 0.03735059 0.1152099 0.03687649 0.1152099 0.03687649 0.114802 0.03646796 0.113249 0.03574758 0.114331 0.03613698 0.113809 0.03589427 0.113249 0.03574758 0.113249 0.03574758 0.112675 0.03569567 0.112098 0.03574758 0.112098 0.03574758 0.111542 0.03589427 0.111019 0.03613698 0.111019 0.03613698 0.110544 0.03646796 0.110135 0.03687649 0.110135 0.03687649 0.109804 0.03735059 0.111019 0.03613698 0.10956 0.03787308 0.109361 0.03900575 0.111015 0.04187005 0.1095589 0.04013836 0.110132 0.04113125 0.111015 0.04187005 0.111015 0.04187005 0.112093 0.04226398 0.113245 0.04226398 0.113245 0.04226398 0.114799 0.04153907 0.115207 0.04113125 0.115207 0.04113125 0.115782 0.04013836 0.115784 0.03787308 0.115985 0.03900575 0.115784 0.03787308 0.115782 0.04013836 0.114802 0.03646796 0.114331 0.03613698 0.113249 0.03574758 0.113249 0.03574758 0.112098 0.03574758 0.111015 0.04187005 0.111019 0.03613698 0.109804 0.03735059 0.10956 0.03787308 0.109361 0.03900575 0.1095589 0.04013836 0.111015 0.04187005 0.111015 0.04187005 0.113245 0.04226398 0.115207 0.04113125 0.115207 0.04113125 0.115784 0.03787308 0.113249 0.03574758 0.1152099 0.03687649 0.113249 0.03574758 0.115784 0.03787308 0.111019 0.03613698 0.10956 0.03787308 0.112098 0.03574758 0.111015 0.04187005 0.115207 0.04113125 0.113249 0.03574758 0.182816 0.07405298 0.173664 0.07405298 0.17369 0.07460397 0.182816 0.07460397 0.17369 0.07460397 0.173708 0.07508289 0.120577 0.126134 0.120577 0.117026 0.120168 0.117044 0.120168 0.126134 0.120168 0.117044 0.119697 0.117059 0.119697 0.126134 0.119697 0.117059 0.119175 0.11707 0.119175 0.126134 0.119175 0.11707 0.118615 0.117077 0.004999995 0.823703 0.479657 0.823703 0.479657 0.515678</float_array>
          <technique_common>
            <accessor source="#Mesh3_Group2_Group1_Model-mesh-map-0-array" count="5970" stride="2">
              <param name="S" type="float"/>
              <param name="T" type="float"/>
            </accessor>
          </technique_common>
        </source>
        <vertices id="Mesh3_Group2_Group1_Model-mesh-vertices">
          <input semantic="POSITION" source="#Mesh3_Group2_Group1_Model-mesh-positions"/>
        </vertices>
        <polylist material="FrontColor_002-material" count="1988">
          <input semantic="VERTEX" source="#Mesh3_Group2_Group1_Model-mesh-vertices" offset="0"/>
          <input semantic="NORMAL" source="#Mesh3_Group2_Group1_Model-mesh-normals" offset="1"/>
          <input semantic="TEXCOORD" source="#Mesh3_Group2_Group1_Model-mesh-map-0" offset="2" set="0"/>
          <vcount>3 3 3 3 3 3 3 3 3 3 3 3 3 3 3 3 3 3 3 3 3 3 3 3 3 3 3 3 3 3 3 3 3 3 3 3 3 3 3 3 3 3 3 3 3 3 3 3 3 3 3 3 3 3 3 3 3 3 3 3 3 3 3 3 3 3 3 3 3 3 3 3 3 3 3 3 3 3 3 3 3 3 3 3 3 3 3 3 3 3 3 3 3 3 3 3 3 3 3 3 3 3 3 3 3 3 3 3 3 3 3 3 3 3 3 3 3 3 3 3 3 3 3 3 3 3 3 3 3 3 3 3 3 3 3 3 3 3 3 3 3 3 3 3 3 3 3 3 3 3 3 3 3 3 3 3 3 3 3 3 3 3 3 3 3 3 3 3 3 3 3 3 3 3 3 3 3 3 3 3 3 3 3 3 3 3 3 3 3 3 3 3 3 3 3 3 3 3 3 3 3 3 3 3 3 3 3 3 3 3 3 3 3 3 3 3 3 3 3 3 3 3 3 3 3 3 3 3 3 3 3 3 3 3 3 3 3 3 3 3 3 3 3 3 3 3 3 3 3 3 3 3 3 3 3 3 3 3 3 3 3 3 3 3 3 3 3 3 3 3 3 3 3 3 3 3 3 3 3 3 3 3 3 3 3 3 3 3 3 3 3 3 3 3 3 3 3 3 3 3 3 3 3 3 3 3 3 3 3 3 3 3 3 3 3 3 3 3 3 3 3 3 3 3 3 3 3 3 3 3 3 3 3 3 3 3 3 3 3 3 3 3 3 3 3 3 3 3 3 3 3 3 3 3 3 3 3 3 3 3 3 3 3 3 3 3 3 3 3 3 3 3 3 3 3 3 3 3 3 3 3 3 3 3 3 3 3 3 3 3 3 3 3 3 3 3 3 3 3 3 3 3 3 3 3 3 3 3 3 3 3 3 3 3 3 3 3 3 3 3 3 3 3 3 3 3 3 3 3 3 3 3 3 3 3 3 3 3 3 3 3 3 3 3 3 3 3 3 3 3 3 3 3 3 3 3 3 3 3 3 3 3 3 3 3 3 3 3 3 3 3 3 3 3 3 3 3 3 3 3 3 3 3 3 3 3 3 3 3 3 3 3 3 3 3 3 3 3 3 3 3 3 3 3 3 3 3 3 3 3 3 3 3 3 3 3 3 3 3 3 3 3 3 3 3 3 3 3 3 3 3 3 3 3 3 3 3 3 3 3 3 3 3 3 3 3 3 3 3 3 3 3 3 3 3 3 3 3 3 3 3 3 3 3 3 3 3 3 3 3 3 3 3 3 3 3 3 3 3 3 3 3 3 3 3 3 3 3 3 3 3 3 3 3 3 3 3 3 3 3 3 3 3 3 3 3 3 3 3 3 3 3 3 3 3 3 3 3 3 3 3 3 3 3 3 3 3 3 3 3 3 3 3 3 3 3 3 3 3 3 3 3 3 3 3 3 3 3 3 3 3 3 3 3 3 3 3 3 3 3 3 3 3 3 3 3 3 3 3 3 3 3 3 3 3 3 3 3 3 3 3 3 3 3 3 3 3 3 3 3 3 3 3 3 3 3 3 3 3 3 3 3 3 3 3 3 3 3 3 3 3 3 3 3 3 3 3 3 3 3 3 3 3 3 3 3 3 3 3 3 3 3 3 3 3 3 3 3 3 3 3 3 3 3 3 3 3 3 3 3 3 3 3 3 3 3 3 3 3 3 3 3 3 3 3 3 3 3 3 3 3 3 3 3 3 3 3 3 3 3 3 3 3 3 3 3 3 3 3 3 3 3 3 3 3 3 3 3 3 3 3 3 3 3 3 3 3 3 3 3 3 3 3 3 3 3 3 3 3 3 3 3 3 3 3 3 3 3 3 3 3 3 3 3 3 3 3 3 3 3 3 3 3 3 3 3 3 3 3 3 3 3 3 3 3 3 3 3 3 3 3 3 3 3 3 3 3 3 3 3 3 3 3 3 3 3 3 3 3 3 3 3 3 3 3 3 3 3 3 3 3 3 3 3 3 3 3 3 3 3 3 3 3 3 3 3 3 3 3 3 3 3 3 3 3 3 3 3 3 3 3 3 3 3 3 3 3 3 3 3 3 3 3 3 3 3 3 3 3 3 3 3 3 3 3 3 3 3 3 3 3 3 3 3 3 3 3 3 3 3 3 3 3 3 3 3 3 3 3 3 3 3 3 3 3 3 3 3 3 3 3 3 3 3 3 3 3 3 3 3 3 3 3 3 3 3 3 3 3 3 3 3 3 3 3 3 3 3 3 3 3 3 3 3 3 3 3 3 3 3 3 3 3 3 3 3 3 3 3 3 3 3 3 3 3 3 3 3 3 3 3 3 3 3 3 3 3 3 3 3 3 3 3 3 3 3 3 3 3 3 3 3 3 3 3 3 3 3 3 3 3 3 3 3 3 3 3 3 3 3 3 3 3 3 3 3 3 3 3 3 3 3 3 3 3 3 3 3 3 3 3 3 3 3 3 3 3 3 3 3 3 3 3 3 3 3 3 3 3 3 3 3 3 3 3 3 3 3 3 3 3 3 3 3 3 3 3 3 3 3 3 3 3 3 3 3 3 3 3 3 3 3 3 3 3 3 3 3 3 3 3 3 3 3 3 3 3 3 3 3 3 3 3 3 3 3 3 3 3 3 3 3 3 3 3 3 3 3 3 3 3 3 3 3 3 3 3 3 3 3 3 3 3 3 3 3 3 3 3 3 3 3 3 3 3 3 3 3 3 3 3 3 3 3 3 3 3 3 3 3 3 3 3 3 3 3 3 3 3 3 3 3 3 3 3 3 3 3 3 3 3 3 3 3 3 3 3 3 3 3 3 3 3 3 3 3 3 3 3 3 3 3 3 3 3 3 3 3 3 3 3 3 3 3 3 3 3 3 3 3 3 3 3 3 3 3 3 3 3 3 3 3 3 3 3 3 3 3 3 3 3 3 3 3 3 3 3 3 3 3 3 3 3 3 3 3 3 3 3 3 3 3 3 3 3 3 3 3 3 3 3 3 3 3 3 3 3 3 3 3 3 3 3 3 3 3 3 3 3 3 3 3 3 3 3 3 3 3 3 3 3 3 3 3 3 3 3 3 3 3 3 3 3 3 3 3 3 3 3 3 3 3 3 3 3 3 3 3 3 3 3 3 3 3 3 3 3 3 3 3 3 3 3 3 3 3 3 3 3 3 3 3 3 3 3 3 3 3 3 3 3 3 3 3 3 3 3 3 3 3 3 3 3 3 3 3 3 3 3 3 3 3 3 3 3 3 3 3 3 3 3 3 3 3 3 3 3 3 3 3 3 3 3 3 3 3 3 3 3 3 3 3 3 3 3 3 3 3 3 3 3 3 3 3 3 3 3 3 3 3 3 3 3 3 3 3 3 3 3 3 3 3 3 3 3 3 3 3 3 3 3 3 3 3 3 3 3 3 3 3 3 3 3 3 3 3 3 3 3 3 3 3 3 3 3 3 3 3 3 3 3 3 3 3 3 3 3 3 3 3 3 3 3 3 3 3 3 3 3 3 3 3 3 3 3 3 3 3 3 3 3 3 3 3 3 3 3 3 3 3 3 3 3 3 3 3 3 3 3 3 3 3 3 3 3 3 3 3 3 3 3 3 3 3 3 3 3 3 3 3 3 3 3 3 3 3 3 3 3 3 3 3 3 3 3 3 3 3 3 3 3 3 3 3 3 3 3 3 3 3 3 3 3 3 3 3 3 3 3 3 3 3 3 3 3 3 3 3 3 3 3 3 3 3 3 3 3 3 3 3 3 3 3 3 3 3 3 3 3 3 3 3 3 3 3 3 3 3 3 3 3 3 3 3 3 3 3 3 3 3 3 3 3 3 3 3 3 3 3 3 3 3 3 3 3 3 3 3 3 3 3 3 3 3 3 3 3 3 3 3 3 3 3 3 3 3 3 3 3 3 3 3 3 3 3 3 3 3 3 3 3 3 3 3 3 3 3 3 3 3 3 3 3 3 3 3 3 3 3 3 3 3 3 3 3 3 3 3 3 3 3 3 3 3 3 3 3 3 3 3 3 3 3 3 3 3 3 3 3 3 3 3 3 3 3 3 3 3 3 3 3 3 3 3 3 3 3 3 3 3 3 3 3 3 3 3 3 3 3 3 3 3 3 3 3 3 3 3 3 3 3 3 3 3 3 3 3 3 3 3 3 3 3 3 3 3 3 3 3 3 3 3 3 3 3 3 3 3 3 3 3 3 3 3 3 3 3 3 3 3 3 3 3 3 3 3 3 3 3 3 3 3 3 3 3 3 3 3 3 3 3 3 3 3 3 3 3 3 3 3 3 3 3 3 3 3 3 3 3 3 3 3 3 3 3 3 3 3 3 3 3 3 3 3 3 3 3 3 3 3 3 3 3 3 3 3 3 3 3 3 3 3 3 3 3 3 3 3 3 3 3 3 3 3 3 3 3 3 3 3 3 3 3 3 3 3 3 3 </vcount>
          <p>0 0 0 2 1 1 3 2 2 1 3 3 5 4 4 4 5 5 4 6 6 6 7 7 1 6 8 6 7 9 4 6 10 7 8 11 5 9 12 7 10 13 4 11 14 10 12 15 8 12 16 9 12 17 14 13 18 9 13 19 13 13 20 15 14 21 14 15 22 13 16 23 11 17 24 3 17 25 8 17 26 11 18 27 18 19 28 15 20 29 17 21 30 10 22 31 19 22 32 14 23 33 19 24 34 10 25 35 14 26 36 18 27 37 20 26 38 21 28 39 20 29 40 18 30 41 20 29 42 21 28 43 19 29 44 22 29 45 19 29 46 21 28 47 19 29 48 22 29 49 17 29 50 17 29 51 22 29 52 23 29 53 22 26 54 25 31 55 23 31 56 22 32 57 26 33 58 24 34 59 21 35 60 27 35 61 26 35 62 28 36 63 27 36 64 21 36 65 21 28 66 18 30 67 28 37 68 28 37 69 18 30 70 23 29 71 17 29 72 23 29 73 18 30 74 28 38 75 30 39 76 31 25 77 30 40 78 23 40 79 25 40 80 30 41 81 33 42 82 32 43 83 32 13 84 31 13 85 30 13 86 36 44 87 32 45 88 35 46 89 35 47 90 7 8 91 36 48 92 6 7 93 7 8 94 35 47 95 6 49 96 33 50 97 37 49 98 6 51 99 39 52 100 38 53 101 38 54 102 1 6 103 6 7 104 1 6 105 38 54 106 2 55 107 2 55 108 38 54 109 36 48 110 36 56 111 40 57 112 41 58 113 40 59 114 38 59 115 39 59 116 40 60 117 26 60 118 27 60 119 40 12 120 29 12 121 41 12 122 34 61 123 29 62 124 31 62 125 34 63 126 36 63 127 41 63 128 28 64 129 31 64 130 29 64 131 24 17 132 39 17 133 37 17 134 37 15 135 25 15 136 24 15 137 2 55 138 36 48 139 7 8 140 7 65 141 3 66 142 2 67 143 35 68 144 32 68 145 33 68 146 42 15 147 16 15 148 13 15 149 42 29 150 9 29 151 44 29 152 44 17 153 43 17 154 45 17 155 45 12 156 9 12 157 12 12 158 45 6 159 16 6 160 43 6 161 46 17 162 45 17 163 43 17 164 42 69 165 48 70 166 50 71 167 51 17 168 42 17 169 44 17 170 53 72 171 45 73 172 47 74 173 49 13 174 52 13 175 50 13 176 49 75 177 55 76 178 53 76 179 48 77 180 54 78 181 49 79 182 51 80 183 56 81 184 48 82 185 51 83 186 55 84 187 57 85 188 56 29 189 55 29 190 54 29 191 52 86 192 59 86 193 50 86 194 58 87 195 47 88 196 60 89 197 60 6 198 59 6 199 58 6 200 46 90 201 60 91 202 47 92 203 46 93 204 59 94 205 61 95 206 12 13 207 13 13 208 9 13 209 5 13 210 16 13 211 12 13 212 63 96 213 65 97 214 62 98 215 66 99 216 64 100 217 63 96 218 68 101 219 67 102 220 66 99 221 70 103 222 69 104 223 68 101 224 72 105 225 71 106 226 70 103 227 74 107 228 73 108 229 72 105 230 76 109 231 75 110 232 74 107 233 78 111 234 77 112 235 76 109 236 80 113 237 79 114 238 78 111 239 82 115 240 81 116 241 80 113 242 84 117 243 83 118 244 82 115 245 86 119 246 85 120 247 84 117 248 88 121 249 87 122 250 86 119 251 90 123 252 89 124 253 88 121 254 92 125 255 91 126 256 90 123 257 94 127 258 93 128 259 92 125 260 96 129 261 95 130 262 94 127 263 98 131 264 97 132 265 96 129 266 100 133 267 99 134 268 98 131 269 102 135 270 101 133 271 100 133 272 104 136 273 103 137 274 102 135 275 106 138 276 105 139 277 104 136 278 108 140 279 107 141 280 106 138 281 110 142 282 109 143 283 108 140 284 112 144 285 111 145 286 110 142 287 114 146 288 113 147 289 112 144 290 116 148 291 115 149 292 114 146 293 118 150 294 117 151 295 116 148 296 120 152 297 119 153 298 118 150 299 122 154 300 121 155 301 120 152 302 124 156 303 123 157 304 122 154 305 126 158 306 125 159 307 124 156 308 128 160 309 127 161 310 126 158 311 130 162 312 129 163 313 128 160 314 132 164 315 131 165 316 130 162 317 62 98 318 133 166 319 132 164 320 129 167 321 81 168 322 123 169 323 134 170 324 135 171 325 136 172 326 134 170 327 137 173 328 135 171 329 134 170 330 138 174 331 137 173 332 134 170 333 139 175 334 138 174 335 140 176 336 139 175 337 134 170 338 140 176 339 141 177 340 139 175 341 140 176 342 142 178 343 141 177 344 143 179 345 142 178 346 140 176 347 143 179 348 144 180 349 142 178 350 145 181 351 144 180 352 143 179 353 145 181 354 146 182 355 144 180 356 147 183 357 146 182 358 145 181 359 147 183 360 148 184 361 146 182 362 150 185 363 147 183 364 149 186 365 160 15 366 174 187 367 180 188 368 151 189 369 186 190 370 152 191 371 184 192 372 185 193 373 151 189 374 183 194 375 187 195 376 184 192 377 182 196 378 188 197 379 183 194 380 181 198 381 189 199 382 182 196 383 180 200 384 190 201 385 181 198 386 179 202 387 191 203 388 180 200 389 178 204 390 192 205 391 179 202 392 177 206 393 193 207 394 178 204 395 176 208 396 194 209 397 177 206 398 175 210 399 195 211 400 176 208 401 174 212 402 196 213 403 175 210 404 174 212 405 147 183 406 197 214 407 197 214 408 147 183 409 145 181 410 197 214 411 145 181 412 198 215 413 198 215 414 145 181 415 143 179 416 198 215 417 143 179 418 199 216 419 143 179 420 200 217 421 199 216 422 143 179 423 140 176 424 200 217 425 140 176 426 134 170 427 200 217 428 201 218 429 200 217 430 134 170 431 202 219 432 200 217 433 201 218 434 202 219 435 199 216 436 200 217 437 198 215 438 199 216 439 202 219 440 198 215 441 202 219 442 203 220 443 204 221 444 203 220 445 202 219 446 195 211 447 203 220 448 204 221 449 195 211 450 196 213 451 203 220 452 197 214 453 203 220 454 196 213 455 197 214 456 198 215 457 203 220 458 195 211 459 204 221 460 205 222 461 204 221 462 206 223 463 205 222 464 204 221 465 207 224 466 206 223 467 204 221 468 202 219 469 207 224 470 207 224 471 202 219 472 201 218 473 207 224 474 201 218 475 208 225 476 208 225 477 201 218 478 136 172 479 201 218 480 134 170 481 136 172 482 208 225 483 136 172 484 209 226 485 209 226 486 136 172 487 135 171 488 209 226 489 135 171 490 210 227 491 135 171 492 211 228 493 210 227 494 135 171 495 212 229 496 211 228 497 135 171 498 213 230 499 212 229 500 135 171 501 137 173 502 213 230 503 137 173 504 214 231 505 213 230 506 137 173 507 138 174 508 214 231 509 215 232 510 214 231 511 138 174 512 215 232 513 216 233 514 214 231 515 215 232 516 217 234 517 216 233 518 215 232 519 218 235 520 217 234 521 141 177 522 218 235 523 215 232 524 141 177 525 219 236 526 218 235 527 142 178 528 219 236 529 141 177 530 142 178 531 220 237 532 219 236 533 221 238 534 220 237 535 142 178 536 221 238 537 222 239 538 220 237 539 221 238 540 223 240 541 222 239 542 224 241 543 223 240 544 221 238 545 224 241 546 225 242 547 223 240 548 224 241 549 226 243 550 225 242 551 227 244 552 226 243 553 224 241 554 227 244 555 224 241 556 229 245 557 224 241 558 221 238 559 229 245 560 229 245 561 221 238 562 144 180 563 221 238 564 142 178 565 144 180 566 229 245 567 144 180 568 146 182 569 148 184 570 229 245 571 146 182 572 148 184 573 230 246 574 229 245 575 150 185 576 230 246 577 148 184 578 172 247 579 230 246 580 173 248 581 172 247 582 228 249 583 227 244 584 171 250 585 231 251 586 228 249 587 169 252 588 231 251 589 170 253 590 169 252 591 233 254 592 232 255 593 168 256 594 234 257 595 233 254 596 166 258 597 234 257 598 167 259 599 166 258 600 236 260 601 235 261 602 164 262 603 236 260 604 165 263 605 163 264 606 237 265 607 164 262 608 163 264 609 239 266 610 238 267 611 161 268 612 239 266 613 162 269 614 160 270 615 240 271 616 161 268 617 159 272 618 241 273 619 160 270 620 158 274 621 242 275 622 159 272 623 157 276 624 243 277 625 158 274 626 156 278 627 244 279 628 157 276 629 155 280 630 245 281 631 156 278 632 154 282 633 246 283 634 155 280 635 153 284 636 247 285 637 154 282 638 152 191 639 248 286 640 153 284 641 186 190 642 249 287 643 248 286 644 186 190 645 250 288 646 249 287 647 185 193 648 250 288 649 186 190 650 185 193 651 251 289 652 250 288 653 187 195 654 251 289 655 185 193 656 187 195 657 252 290 658 251 289 659 187 195 660 253 291 661 252 290 662 187 195 663 188 197 664 253 291 665 189 199 666 253 291 667 188 197 668 189 199 669 254 292 670 253 291 671 190 201 672 254 292 673 189 199 674 190 201 675 255 293 676 254 292 677 191 203 678 255 293 679 190 201 680 191 203 681 256 294 682 255 293 683 191 203 684 257 295 685 256 294 686 193 207 687 257 295 688 192 205 689 193 207 690 258 296 691 257 295 692 193 207 693 205 222 694 258 296 695 193 207 696 194 209 697 205 222 698 195 211 699 205 222 700 194 209 701 258 296 702 205 222 703 206 223 704 258 296 705 206 223 706 259 297 707 259 297 708 206 223 709 260 298 710 207 224 711 260 298 712 206 223 713 207 224 714 208 225 715 260 298 716 208 225 717 261 299 718 260 298 719 208 225 720 209 226 721 261 299 722 261 299 723 209 226 724 210 227 725 261 299 726 210 227 727 262 300 728 210 227 729 263 301 730 262 300 731 210 227 732 211 228 733 263 301 734 211 228 735 264 302 736 263 301 737 211 228 738 265 303 739 264 302 740 212 229 741 265 303 742 211 228 743 212 229 744 266 304 745 265 303 746 212 229 747 267 305 748 266 304 749 212 229 750 213 230 751 267 305 752 213 230 753 268 306 754 267 305 755 213 230 756 214 231 757 268 306 758 216 233 759 268 306 760 214 231 761 216 233 762 269 307 763 268 306 764 216 233 765 270 308 766 269 307 767 216 233 768 217 234 769 270 308 770 217 234 771 271 309 772 270 308 773 217 234 774 272 310 775 271 309 776 273 311 777 272 310 778 217 234 779 273 311 780 274 312 781 272 310 782 273 311 783 275 313 784 274 312 785 276 314 786 275 313 787 273 311 788 276 314 789 277 315 790 275 313 791 276 314 792 278 316 793 277 315 794 279 317 795 278 316 796 276 314 797 279 317 798 280 318 799 278 316 800 225 242 801 280 318 802 279 317 803 225 242 804 281 319 805 280 318 806 226 243 807 281 319 808 225 242 809 226 243 810 282 320 811 281 319 812 228 249 813 282 320 814 226 243 815 231 251 816 283 321 817 282 320 818 231 251 819 232 255 820 283 321 821 232 255 822 284 322 823 283 321 824 232 255 825 233 254 826 284 322 827 233 254 828 285 323 829 284 322 830 233 254 831 234 257 832 285 323 833 235 261 834 285 323 835 234 257 836 235 261 837 287 324 838 286 325 839 235 261 840 236 260 841 287 324 842 237 265 843 287 324 844 236 260 845 237 265 846 288 326 847 287 324 848 237 265 849 289 327 850 288 326 851 237 265 852 238 267 853 289 327 854 238 267 855 290 328 856 289 327 857 238 267 858 239 266 859 290 328 860 239 266 861 291 329 862 290 328 863 241 273 864 291 329 865 240 271 866 242 275 867 292 330 868 241 273 869 242 275 870 293 331 871 292 330 872 243 277 873 293 331 874 242 275 875 243 277 876 294 332 877 293 331 878 243 277 879 295 333 880 294 332 881 243 277 882 244 279 883 295 333 884 245 281 885 295 333 886 244 279 887 245 281 888 296 334 889 295 333 890 245 281 891 297 335 892 296 334 893 245 281 894 246 283 895 297 335 896 247 285 897 297 335 898 246 283 899 248 286 900 298 336 901 247 285 902 248 286 903 249 287 904 298 336 905 298 336 906 249 287 907 299 337 908 249 287 909 300 338 910 299 337 911 249 287 912 250 288 913 300 338 914 251 289 915 300 338 916 250 288 917 251 289 918 301 339 919 300 338 920 252 290 921 301 339 922 251 289 923 252 290 924 302 340 925 301 339 926 252 290 927 303 341 928 302 340 929 252 290 930 253 291 931 303 341 932 253 291 933 304 342 934 303 341 935 253 291 936 254 292 937 304 342 938 255 293 939 304 342 940 254 292 941 255 293 942 305 343 943 304 342 944 256 294 945 305 343 946 255 293 947 256 294 948 306 344 949 305 343 950 256 294 951 307 345 952 306 344 953 256 294 954 257 295 955 307 345 956 258 296 957 307 345 958 257 295 959 258 296 960 259 297 961 307 345 962 259 297 963 308 346 964 307 345 965 259 297 966 309 347 967 308 346 968 259 297 969 260 298 970 309 347 971 309 347 972 260 298 973 261 299 974 309 347 975 261 299 976 310 348 977 261 299 978 311 349 979 310 348 980 261 299 981 262 300 982 311 349 983 311 349 984 262 300 985 263 301 986 311 349 987 263 301 988 312 350 989 312 350 990 263 301 991 264 302 992 312 350 993 264 302 994 313 351 995 313 351 996 264 302 997 314 352 998 265 303 999 314 352 1000 264 302 1001 265 303 1002 315 353 1003 314 352 1004 266 304 1005 315 353 1006 265 303 1007 266 304 1008 316 354 1009 315 353 1010 267 305 1011 316 354 1012 266 304 1013 267 305 1014 317 355 1015 316 354 1016 267 305 1017 318 356 1018 317 355 1019 267 305 1020 268 306 1021 318 356 1022 268 306 1023 319 357 1024 318 356 1025 268 306 1026 269 307 1027 319 357 1028 270 308 1029 319 357 1030 269 307 1031 270 308 1032 320 358 1033 319 357 1034 271 309 1035 320 358 1036 270 308 1037 271 309 1038 321 359 1039 320 358 1040 322 360 1041 321 359 1042 271 309 1043 322 360 1044 323 361 1045 321 359 1046 324 362 1047 323 361 1048 322 360 1049 324 362 1050 325 363 1051 323 361 1052 326 364 1053 325 363 1054 324 362 1055 326 364 1056 327 365 1057 325 363 1058 326 364 1059 328 366 1060 327 365 1061 326 364 1062 329 367 1063 328 366 1064 330 368 1065 329 367 1066 326 364 1067 330 368 1068 331 369 1069 329 367 1070 332 370 1071 331 369 1072 330 368 1073 333 371 1074 331 369 1075 332 370 1076 333 371 1077 334 372 1078 331 369 1079 335 373 1080 334 372 1081 333 371 1082 335 373 1083 336 374 1084 334 372 1085 335 373 1086 337 375 1087 336 374 1088 335 373 1089 338 376 1090 337 375 1091 339 377 1092 338 376 1093 335 373 1094 339 377 1095 340 378 1096 338 376 1097 341 379 1098 340 378 1099 339 377 1100 341 379 1101 342 380 1102 340 378 1103 341 379 1104 343 381 1105 342 380 1106 344 382 1107 343 381 1108 341 379 1109 344 382 1110 345 383 1111 343 381 1112 288 326 1113 345 383 1114 344 382 1115 288 326 1116 346 384 1117 345 383 1118 288 326 1119 289 327 1120 346 384 1121 290 328 1122 346 384 1123 289 327 1124 290 328 1125 347 385 1126 346 384 1127 290 328 1128 348 386 1129 347 385 1130 290 328 1131 291 329 1132 348 386 1133 292 330 1134 348 386 1135 291 329 1136 292 330 1137 349 387 1138 348 386 1139 292 330 1140 350 388 1141 349 387 1142 292 330 1143 293 331 1144 350 388 1145 294 332 1146 350 388 1147 293 331 1148 294 332 1149 351 389 1150 350 388 1151 294 332 1152 352 390 1153 351 389 1154 294 332 1155 295 333 1156 352 390 1157 295 333 1158 353 391 1159 352 390 1160 295 333 1161 296 334 1162 353 391 1163 297 335 1164 353 391 1165 296 334 1166 297 335 1167 354 392 1168 353 391 1169 298 336 1170 354 392 1171 297 335 1172 298 336 1173 355 393 1174 354 392 1175 298 336 1176 299 337 1177 355 393 1178 355 393 1179 299 337 1180 356 394 1181 299 337 1182 357 395 1183 356 394 1184 299 337 1185 300 338 1186 357 395 1187 301 339 1188 357 395 1189 300 338 1190 301 339 1191 358 396 1192 357 395 1193 302 340 1194 358 396 1195 301 339 1196 302 340 1197 359 397 1198 358 396 1199 303 341 1200 359 397 1201 302 340 1202 303 341 1203 360 398 1204 359 397 1205 303 341 1206 361 399 1207 360 398 1208 303 341 1209 304 342 1210 361 399 1211 305 343 1212 361 399 1213 304 342 1214 305 343 1215 362 400 1216 361 399 1217 305 343 1218 363 401 1219 362 400 1220 305 343 1221 306 344 1222 363 401 1223 307 345 1224 363 401 1225 306 344 1226 307 345 1227 308 346 1228 363 401 1229 308 346 1230 364 402 1231 363 401 1232 308 346 1233 365 403 1234 364 402 1235 309 347 1236 365 403 1237 308 346 1238 309 347 1239 310 348 1240 365 403 1241 310 348 1242 366 404 1243 365 403 1244 310 348 1245 311 349 1246 366 404 1247 366 404 1248 311 349 1249 312 350 1250 366 404 1251 312 350 1252 367 405 1253 367 405 1254 312 350 1255 313 351 1256 367 405 1257 313 351 1258 368 406 1259 368 406 1260 313 351 1261 369 407 1262 313 351 1263 314 352 1264 369 407 1265 369 407 1266 314 352 1267 370 408 1268 315 353 1269 370 408 1270 314 352 1271 315 353 1272 371 409 1273 370 408 1274 316 354 1275 371 409 1276 315 353 1277 316 354 1278 372 410 1279 371 409 1280 317 355 1281 372 410 1282 316 354 1283 317 355 1284 373 411 1285 372 410 1286 318 356 1287 373 411 1288 317 355 1289 318 356 1290 374 412 1291 373 411 1292 319 357 1293 374 412 1294 318 356 1295 319 357 1296 375 413 1297 374 412 1298 320 358 1299 375 413 1300 319 357 1301 320 358 1302 376 414 1303 375 413 1304 321 359 1305 376 414 1306 320 358 1307 321 359 1308 377 415 1309 376 414 1310 323 361 1311 377 415 1312 321 359 1313 323 361 1314 378 416 1315 377 415 1316 325 363 1317 378 416 1318 323 361 1319 325 363 1320 379 417 1321 378 416 1322 327 365 1323 379 417 1324 325 363 1325 327 365 1326 380 418 1327 379 417 1328 327 365 1329 381 419 1330 380 418 1331 327 365 1332 328 366 1333 381 419 1334 382 420 1335 381 419 1336 328 366 1337 382 420 1338 383 421 1339 381 419 1340 384 422 1341 383 421 1342 382 420 1343 384 422 1344 385 423 1345 383 421 1346 386 424 1347 385 423 1348 384 422 1349 386 424 1350 387 425 1351 385 423 1352 388 426 1353 387 425 1354 386 424 1355 388 426 1356 389 427 1357 387 425 1358 390 428 1359 389 427 1360 388 426 1361 390 428 1362 391 429 1363 389 427 1364 392 430 1365 391 429 1366 390 428 1367 392 430 1368 393 431 1369 391 429 1370 394 432 1371 393 431 1372 392 430 1373 393 431 1374 396 433 1375 395 434 1376 393 431 1377 397 435 1378 391 429 1379 391 429 1380 398 436 1381 389 427 1382 389 427 1383 399 437 1384 387 425 1385 387 425 1386 400 438 1387 385 423 1388 385 423 1389 401 439 1390 383 421 1391 383 421 1392 402 440 1393 381 419 1394 381 419 1395 403 441 1396 380 418 1397 380 418 1398 404 442 1399 379 417 1400 379 417 1401 405 443 1402 378 416 1403 378 416 1404 406 444 1405 377 415 1406 377 415 1407 407 445 1408 376 414 1409 376 414 1410 408 446 1411 375 413 1412 375 413 1413 409 447 1414 374 412 1415 374 412 1416 410 448 1417 373 411 1418 373 411 1419 411 449 1420 372 410 1421 372 410 1422 412 450 1423 371 409 1424 371 409 1425 413 451 1426 370 408 1427 370 408 1428 415 452 1429 414 453 1430 369 407 1431 370 408 1432 414 453 1433 416 454 1434 369 407 1435 414 453 1436 368 406 1437 369 407 1438 416 454 1439 417 455 1440 368 406 1441 416 454 1442 367 405 1443 368 406 1444 417 455 1445 367 405 1446 417 455 1447 418 456 1448 418 456 1449 417 455 1450 419 457 1451 417 455 1452 420 458 1453 419 457 1454 417 455 1455 421 459 1456 420 458 1457 417 455 1458 416 454 1459 421 459 1460 421 459 1461 416 454 1462 422 460 1463 416 454 1464 414 453 1465 422 460 1466 422 460 1467 415 452 1468 423 461 1469 425 462 1470 423 461 1471 424 463 1472 427 464 1473 424 463 1474 426 465 1475 429 466 1476 426 465 1477 428 467 1478 431 468 1479 428 467 1480 430 469 1481 433 470 1482 430 469 1483 432 471 1484 435 472 1485 432 471 1486 434 473 1487 437 474 1488 434 473 1489 436 475 1490 439 476 1491 436 475 1492 438 477 1493 441 478 1494 438 477 1495 440 479 1496 443 480 1497 440 479 1498 442 481 1499 445 482 1500 442 481 1501 444 483 1502 447 484 1503 444 483 1504 446 485 1505 449 486 1506 446 485 1507 448 487 1508 451 488 1509 448 487 1510 450 489 1511 453 490 1512 450 489 1513 452 491 1514 453 490 1515 396 433 1516 394 432 1517 394 432 1518 454 492 1519 453 490 1520 455 493 1521 454 492 1522 394 432 1523 455 493 1524 456 494 1525 454 492 1526 457 495 1527 456 494 1528 455 493 1529 457 495 1530 458 496 1531 456 494 1532 459 497 1533 458 496 1534 457 495 1535 459 497 1536 460 498 1537 458 496 1538 461 499 1539 460 498 1540 459 497 1541 462 500 1542 460 498 1543 461 499 1544 462 500 1545 463 501 1546 460 498 1547 462 500 1548 464 502 1549 463 501 1550 462 500 1551 465 503 1552 464 502 1553 466 504 1554 465 503 1555 462 500 1556 466 504 1557 462 500 1558 461 499 1559 466 504 1560 461 499 1561 468 505 1562 468 505 1563 461 499 1564 469 506 1565 461 499 1566 459 497 1567 469 506 1568 470 507 1569 469 506 1570 459 497 1571 471 508 1572 469 506 1573 470 507 1574 471 508 1575 472 509 1576 469 506 1577 347 385 1578 472 509 1579 471 508 1580 347 385 1581 348 386 1582 472 509 1583 349 387 1584 472 509 1585 348 386 1586 349 387 1587 468 505 1588 472 509 1589 349 387 1590 466 504 1591 468 505 1592 349 387 1593 350 388 1594 466 504 1595 351 389 1596 466 504 1597 350 388 1598 351 389 1599 467 510 1600 466 504 1601 352 390 1602 467 510 1603 351 389 1604 352 390 1605 473 511 1606 467 510 1607 352 390 1608 474 512 1609 473 511 1610 352 390 1611 353 391 1612 474 512 1613 354 392 1614 474 512 1615 353 391 1616 355 393 1617 475 513 1618 354 392 1619 355 393 1620 476 514 1621 475 513 1622 355 393 1623 356 394 1624 476 514 1625 476 514 1626 356 394 1627 477 515 1628 357 395 1629 477 515 1630 356 394 1631 357 395 1632 478 516 1633 477 515 1634 358 396 1635 478 516 1636 357 395 1637 358 396 1638 479 517 1639 478 516 1640 358 396 1641 480 518 1642 479 517 1643 358 396 1644 359 397 1645 480 518 1646 359 397 1647 481 519 1648 480 518 1649 359 397 1650 360 398 1651 481 519 1652 361 399 1653 481 519 1654 360 398 1655 361 399 1656 482 520 1657 481 519 1658 362 400 1659 482 520 1660 361 399 1661 362 400 1662 483 521 1663 482 520 1664 362 400 1665 364 402 1666 483 521 1667 362 400 1668 363 401 1669 364 402 1670 364 402 1671 484 522 1672 483 521 1673 364 402 1674 485 523 1675 484 522 1676 364 402 1677 366 404 1678 485 523 1679 364 402 1680 365 403 1681 366 404 1682 366 404 1683 418 456 1684 485 523 1685 366 404 1686 367 405 1687 418 456 1688 485 523 1689 418 456 1690 486 524 1691 418 456 1692 419 457 1693 486 524 1694 487 525 1695 486 524 1696 419 457 1697 488 526 1698 486 524 1699 487 525 1700 488 526 1701 484 522 1702 486 524 1703 482 520 1704 484 522 1705 488 526 1706 482 520 1707 483 521 1708 484 522 1709 482 520 1710 488 526 1711 489 527 1712 488 526 1713 490 528 1714 489 527 1715 488 526 1716 487 525 1717 490 528 1718 487 525 1719 491 529 1720 490 528 1721 487 525 1722 492 530 1723 491 529 1724 487 525 1725 419 457 1726 492 530 1727 419 457 1728 493 531 1729 492 530 1730 419 457 1731 420 458 1732 493 531 1733 493 531 1734 420 458 1735 427 464 1736 420 458 1737 425 462 1738 427 464 1739 420 458 1740 421 459 1741 425 462 1742 421 459 1743 422 460 1744 425 462 1745 493 531 1746 427 464 1747 429 466 1748 494 532 1749 493 531 1750 429 466 1751 491 529 1752 493 531 1753 494 532 1754 491 529 1755 492 530 1756 493 531 1757 495 533 1758 491 529 1759 494 532 1760 490 528 1761 491 529 1762 495 533 1763 490 528 1764 495 533 1765 496 534 1766 497 535 1767 496 534 1768 495 533 1769 498 536 1770 496 534 1771 497 535 1772 498 536 1773 490 528 1774 496 534 1775 498 536 1776 489 527 1777 490 528 1778 481 519 1779 489 527 1780 498 536 1781 482 520 1782 489 527 1783 481 519 1784 481 519 1785 498 536 1786 480 518 1787 479 517 1788 480 518 1789 498 536 1790 479 517 1791 498 536 1792 499 537 1793 498 536 1794 497 535 1795 499 537 1796 499 537 1797 497 535 1798 500 538 1799 497 535 1800 501 539 1801 500 538 1802 497 535 1803 502 540 1804 501 539 1805 497 535 1806 495 533 1807 502 540 1808 502 540 1809 495 533 1810 503 541 1811 495 533 1812 494 532 1813 503 541 1814 503 541 1815 494 532 1816 431 468 1817 494 532 1818 429 466 1819 431 468 1820 503 541 1821 431 468 1822 433 470 1823 504 542 1824 503 541 1825 433 470 1826 502 540 1827 503 541 1828 504 542 1829 501 539 1830 502 540 1831 504 542 1832 501 539 1833 504 542 1834 505 543 1835 505 543 1836 504 542 1837 435 472 1838 504 542 1839 433 470 1840 435 472 1841 505 543 1842 435 472 1843 437 474 1844 506 544 1845 505 543 1846 437 474 1847 507 545 1848 505 543 1849 506 544 1850 507 545 1851 501 539 1852 505 543 1853 508 546 1854 501 539 1855 507 545 1856 508 546 1857 500 538 1858 501 539 1859 509 547 1860 500 538 1861 508 546 1862 509 547 1863 510 548 1864 500 538 1865 478 516 1866 510 548 1867 509 547 1868 479 517 1869 510 548 1870 478 516 1871 479 517 1872 499 537 1873 510 548 1874 499 537 1875 500 538 1876 510 548 1877 478 516 1878 509 547 1879 477 515 1880 511 549 1881 477 515 1882 509 547 1883 476 514 1884 477 515 1885 511 549 1886 476 514 1887 511 549 1888 512 550 1889 511 549 1890 513 551 1891 512 550 1892 511 549 1893 514 552 1894 513 551 1895 511 549 1896 509 547 1897 514 552 1898 514 552 1899 509 547 1900 508 546 1901 514 552 1902 508 546 1903 515 553 1904 508 546 1905 516 554 1906 515 553 1907 508 546 1908 507 545 1909 516 554 1910 507 545 1911 517 555 1912 516 554 1913 507 545 1914 506 544 1915 517 555 1916 506 544 1917 441 478 1918 517 555 1919 506 544 1920 439 476 1921 441 478 1922 506 544 1923 437 474 1924 439 476 1925 518 556 1926 517 555 1927 441 478 1928 519 557 1929 517 555 1930 518 556 1931 519 557 1932 516 554 1933 517 555 1934 515 553 1935 516 554 1936 519 557 1937 515 553 1938 519 557 1939 520 558 1940 520 558 1941 519 557 1942 521 559 1943 521 559 1944 519 557 1945 518 556 1946 521 559 1947 518 556 1948 522 560 1949 522 560 1950 518 556 1951 443 480 1952 518 556 1953 441 478 1954 443 480 1955 522 560 1956 443 480 1957 445 482 1958 523 561 1959 522 560 1960 445 482 1961 524 562 1962 522 560 1963 523 561 1964 524 562 1965 521 559 1966 522 560 1967 525 563 1968 521 559 1969 524 562 1970 520 558 1971 521 559 1972 525 563 1973 526 564 1974 520 558 1975 525 563 1976 526 564 1977 513 551 1978 520 558 1979 512 550 1980 513 551 1981 526 564 1982 512 550 1983 526 564 1984 527 565 1985 527 565 1986 526 564 1987 528 566 1988 526 564 1989 529 567 1990 528 566 1991 526 564 1992 525 563 1993 529 567 1994 525 563 1995 524 562 1996 529 567 1997 529 567 1998 524 562 1999 530 568 2000 530 568 2001 524 562 2002 523 561 2003 530 568 2004 523 561 2005 531 569 2006 531 569 2007 523 561 2008 447 484 2009 523 561 2010 445 482 2011 447 484 2012 531 569 2013 447 484 2014 449 486 2015 532 570 2016 531 569 2017 449 486 2018 533 571 2019 531 569 2020 532 570 2021 533 571 2022 530 568 2023 531 569 2024 534 572 2025 530 568 2026 533 571 2027 529 567 2028 530 568 2029 534 572 2030 464 502 2031 529 567 2032 534 572 2033 464 502 2034 528 566 2035 529 567 2036 465 503 2037 528 566 2038 464 502 2039 465 503 2040 535 573 2041 528 566 2042 473 511 2043 535 573 2044 465 503 2045 473 511 2046 527 565 2047 535 573 2048 473 511 2049 474 512 2050 527 565 2051 474 512 2052 512 550 2053 527 565 2054 474 512 2055 475 513 2056 512 550 2057 476 514 2058 512 550 2059 475 513 2060 527 565 2061 528 566 2062 535 573 2063 473 511 2064 465 503 2065 467 510 2066 463 501 2067 464 502 2068 534 572 2069 463 501 2070 534 572 2071 536 574 2072 534 572 2073 533 571 2074 536 574 2075 458 496 2076 536 574 2077 533 571 2078 463 501 2079 536 574 2080 458 496 2081 463 501 2082 458 496 2083 460 498 2084 458 496 2085 533 571 2086 456 494 2087 533 571 2088 454 492 2089 456 494 2090 533 571 2091 532 570 2092 454 492 2093 454 492 2094 532 570 2095 451 488 2096 532 570 2097 449 486 2098 451 488 2099 454 492 2100 451 488 2101 453 490 2102 513 551 2103 515 553 2104 520 558 2105 513 551 2106 514 552 2107 515 553 2108 485 523 2109 486 524 2110 484 522 2111 468 505 2112 469 506 2113 472 509 2114 347 385 2115 471 508 2116 537 575 2117 537 575 2118 471 508 2119 470 507 2120 537 575 2121 470 507 2122 538 576 2123 538 576 2124 470 507 2125 539 577 2126 470 507 2127 459 497 2128 539 577 2129 459 497 2130 540 578 2131 539 577 2132 459 497 2133 457 495 2134 540 578 2135 457 495 2136 541 579 2137 540 578 2138 457 495 2139 455 493 2140 541 579 2141 455 493 2142 392 430 2143 541 579 2144 455 493 2145 394 432 2146 392 430 2147 542 580 2148 541 579 2149 392 430 2150 540 578 2151 541 579 2152 542 580 2153 540 578 2154 542 580 2155 543 581 2156 544 582 2157 543 581 2158 542 580 2159 545 583 2160 543 581 2161 544 582 2162 545 583 2163 540 578 2164 543 581 2165 545 583 2166 539 577 2167 540 578 2168 538 576 2169 539 577 2170 545 583 2171 538 576 2172 545 583 2173 546 584 2174 545 583 2175 544 582 2176 546 584 2177 546 584 2178 544 582 2179 337 375 2180 337 375 2181 544 582 2182 547 585 2183 544 582 2184 542 580 2185 547 585 2186 542 580 2187 388 426 2188 547 585 2189 542 580 2190 390 428 2191 388 426 2192 542 580 2193 392 430 2194 390 428 2195 547 585 2196 388 426 2197 386 424 2198 547 585 2199 386 424 2200 548 586 2201 548 586 2202 386 424 2203 384 422 2204 548 586 2205 384 422 2206 549 587 2207 549 587 2208 384 422 2209 382 420 2210 549 587 2211 382 420 2212 550 588 2213 550 588 2214 382 420 2215 328 366 2216 550 588 2217 328 366 2218 329 367 2219 331 369 2220 550 588 2221 329 367 2222 331 369 2223 334 372 2224 550 588 2225 334 372 2226 549 587 2227 550 588 2228 334 372 2229 336 374 2230 549 587 2231 336 374 2232 548 586 2233 549 587 2234 336 374 2235 337 375 2236 548 586 2237 337 375 2238 547 585 2239 548 586 2240 546 584 2241 337 375 2242 338 376 2243 342 380 2244 546 584 2245 338 376 2246 538 576 2247 546 584 2248 342 380 2249 537 575 2250 342 380 2251 343 381 2252 345 383 2253 537 575 2254 343 381 2255 345 383 2256 346 384 2257 537 575 2258 347 385 2259 537 575 2260 346 384 2261 342 380 2262 338 376 2263 340 378 2264 288 326 2265 344 382 2266 287 324 2267 287 324 2268 344 382 2269 551 589 2270 344 382 2271 552 590 2272 551 589 2273 344 382 2274 341 379 2275 552 590 2276 341 379 2277 339 377 2278 552 590 2279 552 590 2280 339 377 2281 553 591 2282 553 591 2283 339 377 2284 335 373 2285 553 591 2286 335 373 2287 333 371 2288 554 592 2289 553 591 2290 333 371 2291 555 593 2292 553 591 2293 554 592 2294 555 593 2295 556 594 2296 553 591 2297 557 595 2298 556 594 2299 555 593 2300 557 595 2301 558 596 2302 556 594 2303 284 322 2304 558 596 2305 557 595 2306 284 322 2307 285 323 2308 558 596 2309 285 323 2310 551 589 2311 558 596 2312 285 323 2313 286 325 2314 551 589 2315 287 324 2316 551 589 2317 286 325 2318 558 596 2319 552 590 2320 556 594 2321 552 590 2322 553 591 2323 556 594 2324 284 322 2325 557 595 2326 559 597 2327 557 595 2328 560 598 2329 559 597 2330 557 595 2331 555 593 2332 560 598 2333 555 593 2334 561 599 2335 560 598 2336 555 593 2337 554 592 2338 561 599 2339 554 592 2340 562 600 2341 561 599 2342 554 592 2343 333 371 2344 332 370 2345 332 370 2346 330 368 2347 562 600 2348 562 600 2349 330 368 2350 563 601 2351 330 368 2352 324 362 2353 563 601 2354 330 368 2355 326 364 2356 324 362 2357 274 312 2358 563 601 2359 324 362 2360 275 313 2361 563 601 2362 274 312 2363 275 313 2364 277 315 2365 563 601 2366 562 600 2367 563 601 2368 277 315 2369 278 316 2370 562 600 2371 277 315 2372 278 316 2373 561 599 2374 562 600 2375 280 318 2376 561 599 2377 278 316 2378 280 318 2379 560 598 2380 561 599 2381 559 597 2382 560 598 2383 280 318 2384 559 597 2385 280 318 2386 281 319 2387 283 321 2388 559 597 2389 281 319 2390 284 322 2391 559 597 2392 283 321 2393 283 321 2394 281 319 2395 282 320 2396 274 312 2397 324 362 2398 322 360 2399 274 312 2400 322 360 2401 271 309 2402 274 312 2403 271 309 2404 272 310 2405 223 240 2406 225 242 2407 279 317 2408 223 240 2409 279 317 2410 222 239 2411 279 317 2412 564 602 2413 222 239 2414 279 317 2415 276 314 2416 564 602 2417 276 314 2418 273 311 2419 564 602 2420 219 236 2421 564 602 2422 273 311 2423 222 239 2424 564 602 2425 219 236 2426 222 239 2427 219 236 2428 220 237 2429 219 236 2430 273 311 2431 218 235 2432 273 311 2433 217 234 2434 218 235 2435 227 244 2436 229 245 2437 230 246 2438 141 177 2439 215 232 2440 138 174 2441 141 177 2442 138 174 2443 139 175 2444 566 603 2445 568 154 2446 565 604 2447 582 605 2448 594 606 2449 579 607 2450 569 608 2451 604 100 2452 570 609 2453 602 101 2454 603 102 2455 569 608 2456 601 610 2457 605 611 2458 602 101 2459 600 612 2460 606 613 2461 601 610 2462 599 614 2463 607 615 2464 600 612 2465 598 616 2466 608 617 2467 599 614 2468 597 618 2469 609 619 2470 598 616 2471 596 620 2472 610 621 2473 597 618 2474 595 622 2475 611 623 2476 596 620 2477 594 624 2478 612 625 2479 595 622 2480 593 626 2481 613 627 2482 594 624 2483 592 628 2484 614 629 2485 593 626 2486 591 630 2487 615 631 2488 592 628 2489 590 632 2490 616 633 2491 591 630 2492 589 634 2493 617 635 2494 590 632 2495 588 636 2496 618 637 2497 589 634 2498 587 134 2499 619 638 2500 588 636 2501 586 133 2502 620 639 2503 587 134 2504 585 640 2505 621 133 2506 586 133 2507 584 641 2508 622 642 2509 585 640 2510 583 643 2511 623 644 2512 584 641 2513 582 645 2514 624 646 2515 583 643 2516 581 142 2517 625 140 2518 582 645 2519 580 647 2520 626 648 2521 581 142 2522 579 649 2523 627 650 2524 580 647 2525 578 651 2526 628 649 2527 579 649 2528 577 652 2529 629 653 2530 578 651 2531 576 155 2532 630 654 2533 577 652 2534 565 604 2535 631 655 2536 576 155 2537 570 609 2538 632 656 2539 571 656 2540 571 656 2541 633 657 2542 572 658 2543 572 658 2544 634 659 2545 573 660 2546 573 660 2547 635 160 2548 574 661 2549 574 661 2550 636 662 2551 575 663 2552 575 663 2553 567 664 2554 566 603 2555 638 665 2556 640 666 2557 637 667 2558 642 668 2559 637 667 2560 641 669 2561 644 670 2562 641 669 2563 643 671 2564 646 672 2565 643 671 2566 645 673 2567 648 674 2568 645 673 2569 647 675 2570 650 676 2571 647 675 2572 649 677 2573 650 676 2574 652 678 2575 651 679 2576 652 678 2577 649 677 2578 653 680 2579 649 677 2580 654 681 2581 653 680 2582 649 677 2583 647 675 2584 654 681 2585 647 675 2586 655 682 2587 654 681 2588 647 675 2589 645 673 2590 655 682 2591 645 673 2592 656 683 2593 655 682 2594 645 673 2595 643 671 2596 656 683 2597 643 671 2598 657 684 2599 656 683 2600 643 671 2601 641 669 2602 657 684 2603 641 669 2604 658 685 2605 657 684 2606 641 669 2607 637 667 2608 658 685 2609 637 667 2610 659 686 2611 658 685 2612 637 667 2613 640 666 2614 659 686 2615 640 666 2616 660 687 2617 659 686 2618 640 666 2619 661 688 2620 660 687 2621 639 689 2622 661 688 2623 640 666 2624 662 690 2625 664 691 2626 661 688 2627 663 692 2628 666 693 2629 664 691 2630 665 694 2631 668 695 2632 666 693 2633 667 696 2634 670 697 2635 668 695 2636 669 698 2637 672 699 2638 670 697 2639 671 700 2640 674 701 2641 672 699 2642 673 702 2643 676 703 2644 674 701 2645 675 704 2646 678 705 2647 676 703 2648 677 706 2649 680 707 2650 678 705 2651 681 708 2652 680 707 2653 679 709 2654 683 710 2655 681 708 2656 684 711 2657 683 710 2658 685 712 2659 682 713 2660 686 714 2661 685 712 2662 683 710 2663 686 714 2664 687 715 2665 685 712 2666 688 716 2667 687 715 2668 686 714 2669 688 716 2670 689 717 2671 687 715 2672 690 718 2673 689 717 2674 688 716 2675 690 718 2676 691 719 2677 689 717 2678 692 720 2679 691 719 2680 690 718 2681 692 720 2682 693 721 2683 691 719 2684 694 722 2685 693 721 2686 692 720 2687 694 722 2688 695 723 2689 693 721 2690 696 724 2691 695 723 2692 694 722 2693 696 724 2694 697 725 2695 695 723 2696 696 724 2697 698 726 2698 697 725 2699 696 724 2700 699 727 2701 698 726 2702 701 728 2703 696 724 2704 700 729 2705 702 730 2706 699 727 2707 701 728 2708 704 731 2709 703 732 2710 702 730 2711 706 733 2712 705 734 2713 704 731 2714 708 735 2715 707 736 2716 706 733 2717 710 737 2718 709 738 2719 708 735 2720 712 739 2721 711 740 2722 710 737 2723 714 741 2724 713 742 2725 712 739 2726 716 743 2727 715 744 2728 714 741 2729 718 745 2730 717 746 2731 716 743 2732 651 679 2733 719 747 2734 718 745 2735 652 678 2736 720 748 2737 719 747 2738 652 678 2739 721 749 2740 720 748 2741 652 678 2742 653 680 2743 721 749 2744 721 749 2745 653 680 2746 722 750 2747 653 680 2748 723 751 2749 722 750 2750 653 680 2751 654 681 2752 723 751 2753 654 681 2754 724 752 2755 723 751 2756 654 681 2757 655 682 2758 724 752 2759 656 683 2760 724 752 2761 655 682 2762 656 683 2763 725 753 2764 724 752 2765 656 683 2766 726 754 2767 725 753 2768 656 683 2769 657 684 2770 726 754 2771 657 684 2772 727 755 2773 726 754 2774 657 684 2775 658 685 2776 727 755 2777 658 685 2778 728 756 2779 727 755 2780 658 685 2781 659 686 2782 728 756 2783 660 687 2784 728 756 2785 659 686 2786 660 687 2787 729 757 2788 728 756 2789 660 687 2790 730 758 2791 729 757 2792 660 687 2793 731 759 2794 730 758 2795 661 688 2796 731 759 2797 660 687 2798 661 688 2799 664 691 2800 731 759 2801 664 691 2802 732 760 2803 731 759 2804 664 691 2805 666 693 2806 732 760 2807 668 695 2808 732 760 2809 666 693 2810 668 695 2811 733 761 2812 732 760 2813 668 695 2814 734 762 2815 733 761 2816 668 695 2817 670 697 2818 734 762 2819 670 697 2820 735 763 2821 734 762 2822 670 697 2823 672 699 2824 735 763 2825 672 699 2826 736 764 2827 735 763 2828 672 699 2829 674 701 2830 736 764 2831 674 701 2832 737 765 2833 736 764 2834 674 701 2835 676 703 2836 737 765 2837 676 703 2838 738 766 2839 737 765 2840 676 703 2841 678 705 2842 738 766 2843 678 705 2844 739 767 2845 738 766 2846 678 705 2847 680 707 2848 739 767 2849 680 707 2850 682 713 2851 739 767 2852 682 713 2853 740 768 2854 739 767 2855 682 713 2856 741 769 2857 740 768 2858 682 713 2859 742 770 2860 741 769 2861 682 713 2862 685 712 2863 742 770 2864 685 712 2865 743 771 2866 742 770 2867 685 712 2868 687 715 2869 743 771 2870 689 717 2871 743 771 2872 687 715 2873 689 717 2874 744 772 2875 743 771 2876 691 719 2877 744 772 2878 689 717 2879 691 719 2880 745 773 2881 744 772 2882 693 721 2883 745 773 2884 691 719 2885 693 721 2886 746 774 2887 745 773 2888 695 723 2889 746 774 2890 693 721 2891 695 723 2892 747 775 2893 746 774 2894 697 725 2895 747 775 2896 695 723 2897 697 725 2898 748 776 2899 747 775 2900 697 725 2901 749 777 2902 748 776 2903 697 725 2904 698 726 2905 749 777 2906 750 778 2907 749 777 2908 698 726 2909 750 778 2910 751 779 2911 749 777 2912 752 780 2913 751 779 2914 750 778 2915 752 780 2916 753 781 2917 751 779 2918 752 780 2919 754 782 2920 753 781 2921 752 780 2922 755 783 2923 754 782 2924 707 736 2925 755 783 2926 752 780 2927 709 738 2928 755 783 2929 707 736 2930 709 738 2931 756 784 2932 755 783 2933 711 740 2934 756 784 2935 709 738 2936 711 740 2937 757 785 2938 756 784 2939 713 742 2940 757 785 2941 711 740 2942 713 742 2943 758 786 2944 757 785 2945 715 744 2946 758 786 2947 713 742 2948 715 744 2949 759 787 2950 758 786 2951 717 746 2952 759 787 2953 715 744 2954 717 746 2955 760 788 2956 759 787 2957 719 747 2958 760 788 2959 717 746 2960 719 747 2961 720 748 2962 760 788 2963 720 748 2964 761 789 2965 760 788 2966 720 748 2967 762 790 2968 761 789 2969 721 749 2970 762 790 2971 720 748 2972 721 749 2973 763 791 2974 762 790 2975 721 749 2976 722 750 2977 763 791 2978 763 791 2979 722 750 2980 764 792 2981 722 750 2982 765 793 2983 764 792 2984 722 750 2985 723 751 2986 765 793 2987 723 751 2988 766 794 2989 765 793 2990 723 751 2991 724 752 2992 766 794 2993 725 753 2994 766 794 2995 724 752 2996 725 753 2997 767 795 2998 766 794 2999 725 753 3000 768 796 3001 767 795 3002 725 753 3003 726 754 3004 768 796 3005 727 755 3006 768 796 3007 726 754 3008 727 755 3009 769 797 3010 768 796 3011 728 756 3012 769 797 3013 727 755 3014 728 756 3015 770 798 3016 769 797 3017 728 756 3018 771 799 3019 770 798 3020 728 756 3021 729 757 3022 771 799 3023 730 758 3024 771 799 3025 729 757 3026 730 758 3027 772 800 3028 771 799 3029 730 758 3030 773 801 3031 772 800 3032 730 758 3033 774 802 3034 773 801 3035 731 759 3036 774 802 3037 730 758 3038 731 759 3039 732 760 3040 774 802 3041 733 761 3042 774 802 3043 732 760 3044 733 761 3045 775 803 3046 774 802 3047 733 761 3048 776 804 3049 775 803 3050 733 761 3051 734 762 3052 776 804 3053 734 762 3054 777 805 3055 776 804 3056 734 762 3057 735 763 3058 777 805 3059 735 763 3060 778 806 3061 777 805 3062 735 763 3063 736 764 3064 778 806 3065 736 764 3066 779 807 3067 778 806 3068 736 764 3069 737 765 3070 779 807 3071 737 765 3072 780 808 3073 779 807 3074 737 765 3075 738 766 3076 780 808 3077 739 767 3078 780 808 3079 738 766 3080 739 767 3081 740 768 3082 780 808 3083 780 808 3084 740 768 3085 781 809 3086 740 768 3087 782 810 3088 781 809 3089 740 768 3090 741 769 3091 782 810 3092 742 770 3093 782 810 3094 741 769 3095 742 770 3096 783 811 3097 782 810 3098 743 771 3099 783 811 3100 742 770 3101 743 771 3102 784 812 3103 783 811 3104 743 771 3105 785 813 3106 784 812 3107 743 771 3108 744 772 3109 785 813 3110 744 772 3111 786 814 3112 785 813 3113 744 772 3114 745 773 3115 786 814 3116 745 773 3117 787 815 3118 786 814 3119 745 773 3120 746 774 3121 787 815 3122 746 774 3123 788 816 3124 787 815 3125 746 774 3126 747 775 3127 788 816 3128 747 775 3129 789 817 3130 788 816 3131 747 775 3132 748 776 3133 789 817 3134 749 777 3135 789 817 3136 748 776 3137 749 777 3138 790 818 3139 789 817 3140 751 779 3141 790 818 3142 749 777 3143 751 779 3144 791 819 3145 790 818 3146 751 779 3147 792 820 3148 791 819 3149 751 779 3150 753 781 3151 792 820 3152 754 782 3153 792 820 3154 753 781 3155 754 782 3156 793 821 3157 792 820 3158 754 782 3159 794 822 3160 793 821 3161 754 782 3162 795 823 3163 794 822 3164 756 784 3165 795 823 3166 754 782 3167 757 785 3168 795 823 3169 756 784 3170 757 785 3171 796 824 3172 795 823 3173 758 786 3174 796 824 3175 757 785 3176 758 786 3177 797 825 3178 796 824 3179 758 786 3180 798 826 3181 797 825 3182 758 786 3183 759 787 3184 798 826 3185 760 788 3186 798 826 3187 759 787 3188 760 788 3189 761 789 3190 798 826 3191 761 789 3192 799 827 3193 798 826 3194 761 789 3195 800 828 3196 799 827 3197 762 790 3198 800 828 3199 761 789 3200 762 790 3201 801 829 3202 800 828 3203 763 791 3204 801 829 3205 762 790 3206 763 791 3207 802 830 3208 801 829 3209 763 791 3210 764 792 3211 802 830 3212 802 830 3213 764 792 3214 803 831 3215 764 792 3216 804 832 3217 803 831 3218 764 792 3219 765 793 3220 804 832 3221 766 794 3222 804 832 3223 765 793 3224 766 794 3225 805 833 3226 804 832 3227 767 795 3228 805 833 3229 766 794 3230 767 795 3231 806 834 3232 805 833 3233 767 795 3234 807 835 3235 806 834 3236 767 795 3237 768 796 3238 807 835 3239 769 797 3240 807 835 3241 768 796 3242 769 797 3243 808 836 3244 807 835 3245 769 797 3246 809 837 3247 808 836 3248 769 797 3249 770 798 3250 809 837 3251 771 799 3252 809 837 3253 770 798 3254 771 799 3255 810 838 3256 809 837 3257 772 800 3258 810 838 3259 771 799 3260 772 800 3261 811 839 3262 810 838 3263 773 801 3264 811 839 3265 772 800 3266 773 801 3267 812 840 3268 811 839 3269 773 801 3270 813 841 3271 812 840 3272 773 801 3273 814 842 3274 813 841 3275 774 802 3276 814 842 3277 773 801 3278 774 802 3279 775 803 3280 814 842 3281 776 804 3282 814 842 3283 775 803 3284 776 804 3285 815 843 3286 814 842 3287 777 805 3288 815 843 3289 776 804 3290 777 805 3291 816 844 3292 815 843 3293 778 806 3294 816 844 3295 777 805 3296 778 806 3297 817 845 3298 816 844 3299 779 807 3300 817 845 3301 778 806 3302 779 807 3303 818 846 3304 817 845 3305 780 808 3306 818 846 3307 779 807 3308 780 808 3309 819 847 3310 818 846 3311 780 808 3312 781 809 3313 819 847 3314 781 809 3315 820 848 3316 819 847 3317 781 809 3318 821 849 3319 820 848 3320 781 809 3321 822 850 3322 821 849 3323 781 809 3324 782 810 3325 822 850 3326 783 811 3327 822 850 3328 782 810 3329 783 811 3330 823 851 3331 822 850 3332 783 811 3333 824 852 3334 823 851 3335 783 811 3336 784 812 3337 824 852 3338 785 813 3339 824 852 3340 784 812 3341 785 813 3342 825 853 3343 824 852 3344 786 814 3345 825 853 3346 785 813 3347 786 814 3348 826 854 3349 825 853 3350 786 814 3351 827 855 3352 826 854 3353 786 814 3354 787 815 3355 827 855 3356 788 816 3357 827 855 3358 787 815 3359 788 816 3360 828 856 3361 827 855 3362 789 817 3363 828 856 3364 788 816 3365 789 817 3366 829 857 3367 828 856 3368 790 818 3369 829 857 3370 789 817 3371 790 818 3372 830 858 3373 829 857 3374 790 818 3375 831 859 3376 830 858 3377 790 818 3378 791 819 3379 831 859 3380 791 819 3381 832 860 3382 831 859 3383 791 819 3384 792 820 3385 832 860 3386 792 820 3387 833 861 3388 832 860 3389 792 820 3390 793 821 3391 833 861 3392 794 822 3393 833 861 3394 793 821 3395 794 822 3396 834 862 3397 833 861 3398 794 822 3399 835 863 3400 834 862 3401 794 822 3402 836 864 3403 835 863 3404 795 823 3405 836 864 3406 794 822 3407 795 823 3408 796 824 3409 836 864 3410 797 825 3411 836 864 3412 796 824 3413 797 825 3414 837 865 3415 836 864 3416 797 825 3417 799 827 3418 837 865 3419 797 825 3420 798 826 3421 799 827 3422 837 865 3423 799 827 3424 838 866 3425 799 827 3426 839 867 3427 838 866 3428 799 827 3429 800 828 3430 839 867 3431 801 829 3432 839 867 3433 800 828 3434 801 829 3435 840 868 3436 839 867 3437 802 830 3438 840 868 3439 801 829 3440 802 830 3441 841 869 3442 840 868 3443 802 830 3444 803 831 3445 841 869 3446 803 831 3447 842 870 3448 841 869 3449 803 831 3450 843 871 3451 842 870 3452 804 832 3453 843 871 3454 803 831 3455 804 832 3456 844 872 3457 843 871 3458 804 832 3459 845 873 3460 844 872 3461 804 832 3462 805 833 3463 845 873 3464 806 834 3465 845 873 3466 805 833 3467 806 834 3468 846 874 3469 845 873 3470 806 834 3471 847 875 3472 846 874 3473 806 834 3474 807 835 3475 847 875 3476 808 836 3477 847 875 3478 807 835 3479 808 836 3480 848 876 3481 847 875 3482 809 837 3483 848 876 3484 808 836 3485 809 837 3486 849 877 3487 848 876 3488 809 837 3489 850 878 3490 849 877 3491 809 837 3492 810 838 3493 850 878 3494 811 839 3495 850 878 3496 810 838 3497 811 839 3498 851 879 3499 850 878 3500 812 840 3501 851 879 3502 811 839 3503 812 840 3504 853 880 3505 852 881 3506 812 840 3507 813 841 3508 853 880 3509 854 882 3510 853 880 3511 813 841 3512 854 882 3513 855 883 3514 853 880 3515 856 884 3516 855 883 3517 854 882 3518 856 884 3519 857 885 3520 855 883 3521 858 886 3522 857 885 3523 856 884 3524 858 886 3525 859 887 3526 857 885 3527 858 886 3528 860 888 3529 859 887 3530 858 886 3531 861 889 3532 860 888 3533 817 845 3534 861 889 3535 858 886 3536 817 845 3537 818 846 3538 861 889 3539 818 846 3540 820 848 3541 861 889 3542 818 846 3543 819 847 3544 820 848 3545 861 889 3546 820 848 3547 862 890 3548 821 849 3549 862 890 3550 820 848 3551 821 849 3552 863 891 3553 862 890 3554 822 850 3555 863 891 3556 821 849 3557 822 850 3558 864 892 3559 863 891 3560 822 850 3561 865 893 3562 864 892 3563 822 850 3564 823 851 3565 865 893 3566 823 851 3567 866 894 3568 865 893 3569 823 851 3570 824 852 3571 866 894 3572 825 853 3573 866 894 3574 824 852 3575 825 853 3576 867 895 3577 866 894 3578 826 854 3579 867 895 3580 825 853 3581 826 854 3582 868 896 3583 867 895 3584 826 854 3585 869 897 3586 868 896 3587 826 854 3588 827 855 3589 869 897 3590 827 855 3591 870 898 3592 869 897 3593 827 855 3594 828 856 3595 870 898 3596 828 856 3597 871 899 3598 870 898 3599 828 856 3600 829 857 3601 871 899 3602 830 858 3603 871 899 3604 829 857 3605 830 858 3606 872 900 3607 871 899 3608 830 858 3609 873 901 3610 872 900 3611 831 859 3612 874 902 3613 873 901 3614 831 859 3615 832 860 3616 874 902 3617 833 861 3618 874 902 3619 832 860 3620 833 861 3621 875 903 3622 874 902 3623 833 861 3624 876 904 3625 875 903 3626 833 861 3627 834 862 3628 876 904 3629 834 862 3630 877 905 3631 876 904 3632 834 862 3633 835 863 3634 877 905 3635 878 906 3636 877 905 3637 835 863 3638 878 906 3639 879 907 3640 877 905 3641 878 906 3642 880 908 3643 879 907 3644 878 906 3645 838 866 3646 880 908 3647 837 865 3648 838 866 3649 878 906 3650 837 865 3651 878 906 3652 835 863 3653 837 865 3654 835 863 3655 836 864 3656 839 867 3657 880 908 3658 838 866 3659 839 867 3660 881 909 3661 880 908 3662 839 867 3663 882 910 3664 881 909 3665 839 867 3666 840 868 3667 882 910 3668 840 868 3669 842 870 3670 882 910 3671 840 868 3672 841 869 3673 842 870 3674 842 870 3675 883 911 3676 882 910 3677 842 870 3678 884 912 3679 883 911 3680 842 870 3681 885 913 3682 884 912 3683 842 870 3684 843 871 3685 885 913 3686 844 872 3687 885 913 3688 843 871 3689 844 872 3690 886 914 3691 885 913 3692 845 873 3693 886 914 3694 844 872 3695 845 873 3696 887 915 3697 886 914 3698 845 873 3699 888 916 3700 887 915 3701 845 873 3702 846 874 3703 888 916 3704 847 875 3705 888 916 3706 846 874 3707 847 875 3708 889 917 3709 888 916 3710 848 876 3711 889 917 3712 847 875 3713 848 876 3714 890 918 3715 889 917 3716 848 876 3717 891 919 3718 890 918 3719 848 876 3720 849 877 3721 891 919 3722 849 877 3723 892 920 3724 891 919 3725 849 877 3726 850 878 3727 892 920 3728 851 879 3729 892 920 3730 850 878 3731 851 879 3732 893 921 3733 892 920 3734 852 881 3735 893 921 3736 851 879 3737 852 881 3738 894 922 3739 893 921 3740 852 881 3741 895 923 3742 894 922 3743 852 881 3744 853 880 3745 895 923 3746 855 883 3747 895 923 3748 853 880 3749 855 883 3750 896 924 3751 895 923 3752 855 883 3753 897 925 3754 896 924 3755 855 883 3756 857 885 3757 897 925 3758 857 885 3759 898 926 3760 897 925 3761 857 885 3762 859 887 3763 898 926 3764 860 888 3765 898 926 3766 859 887 3767 860 888 3768 899 927 3769 898 926 3770 860 888 3771 900 928 3772 899 927 3773 861 889 3774 862 890 3775 860 888 3776 863 891 3777 900 928 3778 862 890 3779 863 891 3780 901 929 3781 900 928 3782 864 892 3783 901 929 3784 863 891 3785 864 892 3786 902 930 3787 901 929 3788 864 892 3789 903 931 3790 902 930 3791 864 892 3792 865 893 3793 903 931 3794 865 893 3795 904 932 3796 903 931 3797 865 893 3798 866 894 3799 904 932 3800 867 895 3801 904 932 3802 866 894 3803 867 895 3804 906 933 3805 905 934 3806 867 895 3807 868 896 3808 906 933 3809 869 897 3810 906 933 3811 868 896 3812 869 897 3813 907 935 3814 906 933 3815 870 898 3816 907 935 3817 869 897 3818 870 898 3819 908 936 3820 907 935 3821 870 898 3822 909 937 3823 908 936 3824 870 898 3825 871 899 3826 909 937 3827 872 900 3828 909 937 3829 871 899 3830 872 900 3831 910 938 3832 909 937 3833 872 900 3834 911 939 3835 910 938 3836 872 900 3837 873 901 3838 911 939 3839 873 901 3840 912 940 3841 911 939 3842 873 901 3843 874 902 3844 912 940 3845 875 903 3846 912 940 3847 874 902 3848 875 903 3849 913 941 3850 912 940 3851 876 904 3852 913 941 3853 875 903 3854 876 904 3855 914 942 3856 913 941 3857 876 904 3858 915 943 3859 914 942 3860 876 904 3861 877 905 3862 915 943 3863 877 905 3864 916 944 3865 915 943 3866 877 905 3867 879 907 3868 916 944 3869 880 908 3870 916 944 3871 879 907 3872 880 908 3873 917 945 3874 916 944 3875 880 908 3876 918 946 3877 917 945 3878 880 908 3879 881 909 3880 918 946 3881 881 909 3882 883 911 3883 918 946 3884 881 909 3885 882 910 3886 883 911 3887 918 946 3888 883 911 3889 919 947 3890 884 912 3891 919 947 3892 883 911 3893 884 912 3894 920 948 3895 919 947 3896 884 912 3897 921 949 3898 920 948 3899 884 912 3900 885 913 3901 921 949 3902 886 914 3903 921 949 3904 885 913 3905 886 914 3906 922 950 3907 921 949 3908 887 915 3909 922 950 3910 886 914 3911 887 915 3912 923 951 3913 922 950 3914 887 915 3915 924 952 3916 923 951 3917 887 915 3918 888 916 3919 924 952 3920 889 917 3921 924 952 3922 888 916 3923 889 917 3924 925 953 3925 924 952 3926 889 917 3927 926 954 3928 925 953 3929 889 917 3930 890 918 3931 926 954 3932 891 919 3933 926 954 3934 890 918 3935 891 919 3936 927 955 3937 926 954 3938 892 920 3939 927 955 3940 891 919 3941 892 920 3942 928 956 3943 927 955 3944 893 921 3945 928 956 3946 892 920 3947 893 921 3948 929 957 3949 928 956 3950 893 921 3951 930 958 3952 929 957 3953 893 921 3954 894 922 3955 930 958 3956 894 922 3957 931 959 3958 930 958 3959 894 922 3960 895 923 3961 931 959 3962 896 924 3963 931 959 3964 895 923 3965 896 924 3966 932 960 3967 931 959 3968 897 925 3969 932 960 3970 896 924 3971 897 925 3972 934 961 3973 933 962 3974 897 925 3975 898 926 3976 934 961 3977 899 927 3978 934 961 3979 898 926 3980 899 927 3981 935 963 3982 934 961 3983 900 928 3984 935 963 3985 899 927 3986 900 928 3987 936 964 3988 935 963 3989 900 928 3990 937 965 3991 936 964 3992 900 928 3993 901 929 3994 937 965 3995 902 930 3996 937 965 3997 901 929 3998 902 930 3999 938 966 4000 937 965 4001 902 930 4002 939 967 4003 938 966 4004 902 930 4005 903 931 4006 939 967 4007 904 932 4008 939 967 4009 903 931 4010 904 932 4011 940 968 4012 939 967 4013 904 932 4014 941 969 4015 940 968 4016 904 932 4017 905 934 4018 941 969 4019 905 934 4020 942 970 4021 941 969 4022 905 934 4023 906 933 4024 942 970 4025 907 935 4026 942 970 4027 906 933 4028 907 935 4029 943 971 4030 942 970 4031 907 935 4032 944 972 4033 943 971 4034 908 936 4035 945 973 4036 944 972 4037 908 936 4038 909 937 4039 945 973 4040 910 938 4041 945 973 4042 909 937 4043 910 938 4044 946 974 4045 945 973 4046 911 939 4047 946 974 4048 910 938 4049 911 939 4050 947 975 4051 946 974 4052 911 939 4053 948 976 4054 947 975 4055 911 939 4056 912 940 4057 948 976 4058 912 940 4059 949 977 4060 948 976 4061 912 940 4062 913 941 4063 949 977 4064 913 941 4065 950 978 4066 949 977 4067 913 941 4068 914 942 4069 950 978 4070 915 943 4071 950 978 4072 914 942 4073 915 943 4074 951 979 4075 950 978 4076 915 943 4077 952 980 4078 951 979 4079 915 943 4080 916 944 4081 952 980 4082 917 945 4083 952 980 4084 916 944 4085 917 945 4086 953 981 4087 952 980 4088 917 945 4089 954 982 4090 953 981 4091 917 945 4092 918 946 4093 954 982 4094 918 946 4095 919 947 4096 954 982 4097 954 982 4098 919 947 4099 955 983 4100 920 948 4101 955 983 4102 919 947 4103 920 948 4104 956 984 4105 955 983 4106 920 948 4107 957 985 4108 956 984 4109 920 948 4110 921 949 4111 957 985 4112 922 950 4113 957 985 4114 921 949 4115 922 950 4116 958 986 4117 957 985 4118 922 950 4119 959 987 4120 958 986 4121 922 950 4122 923 951 4123 959 987 4124 924 952 4125 959 987 4126 923 951 4127 924 952 4128 960 988 4129 959 987 4130 925 953 4131 960 988 4132 924 952 4133 925 953 4134 961 989 4135 960 988 4136 925 953 4137 962 990 4138 961 989 4139 925 953 4140 926 954 4141 962 990 4142 926 954 4143 963 991 4144 962 990 4145 926 954 4146 927 955 4147 963 991 4148 928 956 4149 963 991 4150 927 955 4151 928 956 4152 964 992 4153 963 991 4154 929 957 4155 964 992 4156 928 956 4157 929 957 4158 965 993 4159 964 992 4160 929 957 4161 966 994 4162 965 993 4163 929 957 4164 930 958 4165 966 994 4166 930 958 4167 967 995 4168 966 994 4169 930 958 4170 931 959 4171 967 995 4172 932 960 4173 967 995 4174 931 959 4175 932 960 4176 968 996 4177 967 995 4178 933 962 4179 968 996 4180 932 960 4181 933 962 4182 969 997 4183 968 996 4184 933 962 4185 970 998 4186 969 997 4187 933 962 4188 934 961 4189 970 998 4190 934 961 4191 971 999 4192 970 998 4193 934 961 4194 935 963 4195 971 999 4196 936 964 4197 971 999 4198 935 963 4199 936 964 4200 972 1000 4201 971 999 4202 936 964 4203 973 1001 4204 972 1000 4205 936 964 4206 937 965 4207 973 1001 4208 938 966 4209 973 1001 4210 937 965 4211 938 966 4212 974 1002 4213 973 1001 4214 938 966 4215 975 1003 4216 974 1002 4217 938 966 4218 939 967 4219 975 1003 4220 940 968 4221 975 1003 4222 939 967 4223 940 968 4224 976 1004 4225 975 1003 4226 940 968 4227 977 1005 4228 976 1004 4229 940 968 4230 941 969 4231 977 1005 4232 942 970 4233 977 1005 4234 941 969 4235 942 970 4236 978 1006 4237 977 1005 4238 943 971 4239 978 1006 4240 942 970 4241 943 971 4242 979 1007 4243 978 1006 4244 943 971 4245 980 1008 4246 979 1007 4247 943 971 4248 944 972 4249 980 1008 4250 944 972 4251 981 1009 4252 980 1008 4253 944 972 4254 945 973 4255 981 1009 4256 946 974 4257 981 1009 4258 945 973 4259 946 974 4260 982 1010 4261 981 1009 4262 947 975 4263 982 1010 4264 946 974 4265 947 975 4266 983 1011 4267 982 1010 4268 947 975 4269 984 1012 4270 983 1011 4271 947 975 4272 948 976 4273 984 1012 4274 948 976 4275 985 1013 4276 984 1012 4277 948 976 4278 949 977 4279 985 1013 4280 950 978 4281 985 1013 4282 949 977 4283 950 978 4284 986 1014 4285 985 1013 4286 951 979 4287 986 1014 4288 950 978 4289 951 979 4290 987 1015 4291 986 1014 4292 951 979 4293 988 1016 4294 987 1015 4295 951 979 4296 952 980 4297 988 1016 4298 952 980 4299 989 1017 4300 988 1016 4301 952 980 4302 953 981 4303 989 1017 4304 954 982 4305 989 1017 4306 953 981 4307 954 982 4308 990 1018 4309 989 1017 4310 954 982 4311 955 983 4312 990 1018 4313 990 1018 4314 955 983 4315 991 1019 4316 956 984 4317 991 1019 4318 955 983 4319 956 984 4320 993 1020 4321 992 1021 4322 958 986 4323 993 1020 4324 957 985 4325 958 986 4326 994 1022 4327 993 1020 4328 958 986 4329 995 1023 4330 994 1022 4331 958 986 4332 959 987 4333 995 1023 4334 960 988 4335 995 1023 4336 959 987 4337 960 988 4338 996 1024 4339 995 1023 4340 961 989 4341 996 1024 4342 960 988 4343 961 989 4344 997 1025 4345 996 1024 4346 962 990 4347 997 1025 4348 961 989 4349 962 990 4350 998 1026 4351 997 1025 4352 962 990 4353 999 1027 4354 998 1026 4355 962 990 4356 963 991 4357 999 1027 4358 964 992 4359 999 1027 4360 963 991 4361 965 993 4362 1000 1028 4363 964 992 4364 966 994 4365 1001 1029 4366 965 993 4367 966 994 4368 1002 1030 4369 1001 1029 4370 967 995 4371 1002 1030 4372 966 994 4373 967 995 4374 1003 1031 4375 1002 1030 4376 968 996 4377 1003 1031 4378 967 995 4379 968 996 4380 1004 1032 4381 1003 1031 4382 968 996 4383 1005 1033 4384 1004 1032 4385 968 996 4386 969 997 4387 1005 1033 4388 970 998 4389 1005 1033 4390 969 997 4391 970 998 4392 1007 1034 4393 1006 1035 4394 972 1000 4395 1007 1034 4396 971 999 4397 972 1000 4398 1008 1036 4399 1007 1034 4400 973 1001 4401 1008 1036 4402 972 1000 4403 973 1001 4404 1009 1037 4405 1008 1036 4406 974 1002 4407 1009 1037 4408 973 1001 4409 974 1002 4410 1010 1038 4411 1009 1037 4412 974 1002 4413 1011 1039 4414 1010 1038 4415 974 1002 4416 975 1003 4417 1011 1039 4418 975 1003 4419 1012 1040 4420 1011 1039 4421 975 1003 4422 976 1004 4423 1012 1040 4424 976 1004 4425 1013 1041 4426 1012 1040 4427 976 1004 4428 977 1005 4429 1013 1041 4430 978 1006 4431 1013 1041 4432 977 1005 4433 978 1006 4434 1015 1042 4435 1014 1043 4436 980 1008 4437 1015 1042 4438 979 1007 4439 980 1008 4440 1016 1044 4441 1015 1042 4442 980 1008 4443 1017 1045 4444 1016 1044 4445 980 1008 4446 981 1009 4447 1017 1045 4448 981 1009 4449 1018 1046 4450 1017 1045 4451 981 1009 4452 982 1010 4453 1018 1046 4454 982 1010 4455 1019 1047 4456 1018 1046 4457 982 1010 4458 983 1011 4459 1019 1047 4460 983 1011 4461 1020 1048 4462 1019 1047 4463 983 1011 4464 984 1012 4465 1020 1048 4466 984 1012 4467 1021 1049 4468 1020 1048 4469 984 1012 4470 985 1013 4471 1021 1049 4472 986 1014 4473 1021 1049 4474 985 1013 4475 986 1014 4476 1022 1050 4477 1021 1049 4478 986 1014 4479 1023 1051 4480 1022 1050 4481 986 1014 4482 987 1015 4483 1023 1051 4484 987 1015 4485 1024 1052 4486 1023 1051 4487 987 1015 4488 988 1016 4489 1024 1052 4490 988 1016 4491 1025 1053 4492 1024 1052 4493 988 1016 4494 989 1017 4495 1025 1053 4496 990 1018 4497 1025 1053 4498 989 1017 4499 990 1018 4500 1026 1054 4501 1025 1053 4502 990 1018 4503 991 1019 4504 1026 1054 4505 991 1019 4506 1028 1055 4507 1026 1054 4508 992 1021 4509 1027 1056 4510 991 1019 4511 993 1020 4512 1029 1057 4513 992 1021 4514 994 1022 4515 1030 1058 4516 993 1020 4517 995 1023 4518 1031 1059 4519 994 1022 4520 996 1024 4521 1032 1060 4522 995 1023 4523 997 1025 4524 1033 1061 4525 996 1024 4526 998 1026 4527 1034 1062 4528 997 1025 4529 999 1027 4530 1035 1063 4531 998 1026 4532 1000 1028 4533 1036 1064 4534 999 1027 4535 1001 1029 4536 1037 1065 4537 1000 1028 4538 1002 1030 4539 1038 1066 4540 1001 1029 4541 1003 1031 4542 1039 1067 4543 1002 1030 4544 1004 1032 4545 1040 1068 4546 1003 1031 4547 1005 1033 4548 1041 1069 4549 1004 1032 4550 1006 1035 4551 1042 1070 4552 1005 1033 4553 1007 1034 4554 1043 1071 4555 1006 1035 4556 1008 1036 4557 1044 1072 4558 1007 1034 4559 1009 1037 4560 1045 210 4561 1008 1036 4562 1010 1038 4563 1046 1073 4564 1009 1037 4565 1011 1039 4566 1047 1074 4567 1010 1038 4568 1011 1039 4569 1049 1075 4570 1048 1076 4571 1013 1041 4572 1049 1075 4573 1012 1040 4574 1014 1043 4575 1050 1077 4576 1013 1041 4577 1014 1043 4578 1052 1078 4579 1051 1079 4580 1016 1044 4581 1052 1078 4582 1015 1042 4583 1016 1044 4584 1054 1080 4585 1053 1081 4586 1017 1045 4587 1055 1082 4588 1054 1080 4589 1019 1047 4590 1055 1082 4591 1018 1046 4592 1019 1047 4593 1057 1083 4594 1056 13 4595 1020 1048 4596 1058 1084 4597 1057 1083 4598 1022 1050 4599 1058 1084 4600 1021 1049 4601 1022 1050 4602 1060 1085 4603 1059 1086 4604 1024 1052 4605 1060 1085 4606 1023 1051 4607 1024 1052 4608 1062 1087 4609 1061 1088 4610 1026 1054 4611 1062 1087 4612 1025 1053 4613 1044 1089 4614 1030 1090 4615 1036 1091 4616 817 845 4617 858 886 4618 856 884 4619 817 845 4620 856 884 4621 816 844 4622 815 843 4623 816 844 4624 856 884 4625 815 843 4626 856 884 4627 854 882 4628 814 842 4629 815 843 4630 854 882 4631 814 842 4632 854 882 4633 813 841 4634 756 784 4635 754 782 4636 755 783 4637 707 736 4638 752 780 4639 705 734 4640 705 734 4641 752 780 4642 750 778 4643 705 734 4644 750 778 4645 703 732 4646 703 732 4647 750 778 4648 698 726 4649 703 732 4650 698 726 4651 699 727 4652 700 729 4653 694 722 4654 1063 1092 4655 1063 1092 4656 692 720 4657 1064 1093 4658 1064 1093 4659 690 718 4660 1065 1094 4661 1065 1094 4662 688 716 4663 1066 1095 4664 1066 1095 4665 686 714 4666 1067 1096 4667 1067 1096 4668 683 710 4669 684 711 4670 0 0 4674 1 1097 4675 2 1 4676 1 3 4677 0 1098 4678 5 4 4679 5 9 4680 8 1099 4681 7 10 4682 12 12 4683 9 12 4684 8 12 4685 10 12 4686 11 12 4687 8 12 4688 8 12 4689 5 12 4690 12 12 4691 14 13 4692 10 13 4693 9 13 4694 16 1100 4695 0 15 4696 3 1101 4697 3 1101 4698 15 14 4699 13 16 4700 13 16 4701 16 1100 4702 3 1101 4703 11 17 4704 15 17 4705 3 17 4706 11 18 4707 17 1102 4708 18 19 4709 17 21 4710 11 21 4711 10 22 4712 14 23 4713 20 1103 4714 19 24 4715 14 26 4716 15 27 4717 18 27 4718 22 26 4719 24 27 4720 25 31 4721 22 32 4722 21 1104 4723 26 33 4724 28 36 4725 29 36 4726 27 36 4727 28 38 4728 23 1105 4729 30 39 4730 30 41 4731 25 1106 4732 33 42 4733 32 13 4734 34 13 4735 31 13 4736 36 44 4737 34 1107 4738 32 45 4739 6 49 4740 35 50 4741 33 50 4742 6 51 4743 37 1108 4744 39 52 4745 36 56 4746 38 57 4747 40 57 4748 40 60 4749 39 1109 4750 26 60 4751 40 12 4752 27 12 4753 29 12 4754 34 61 4755 41 61 4756 29 62 4757 24 17 4758 26 17 4759 39 17 4760 37 15 4761 33 15 4762 25 15 4763 7 65 4764 8 1110 4765 3 66 4766 42 15 4767 43 15 4768 16 15 4769 42 29 4770 13 29 4771 9 29 4772 44 17 4773 42 17 4774 43 17 4775 45 12 4776 44 12 4777 9 12 4778 45 6 4779 12 6 4780 16 6 4781 46 17 4782 47 17 4783 45 17 4784 50 71 4785 46 15 4786 43 15 4787 43 15 4788 42 69 4789 50 71 4790 48 70 4791 49 15 4792 50 71 4793 51 17 4794 48 17 4795 42 17 4796 47 74 4797 52 12 4798 53 72 4799 53 72 4800 51 12 4801 44 12 4802 44 12 4803 45 73 4804 53 72 4805 49 13 4806 53 13 4807 52 13 4808 49 75 4809 54 1111 4810 55 76 4811 48 77 4812 56 79 4813 54 78 4814 51 80 4815 57 1112 4816 56 81 4817 51 83 4818 53 85 4819 55 84 4820 56 29 4821 57 29 4822 55 29 4823 52 86 4824 58 86 4825 59 86 4826 58 87 4827 52 87 4828 47 88 4829 60 6 4830 61 6 4831 59 6 4832 46 90 4833 61 1113 4834 60 91 4835 46 93 4836 50 94 4837 59 94 4838 12 13 4839 16 13 4840 13 13 4841 5 13 4842 0 13 4843 16 13 4844 63 96 4845 64 100 4846 65 97 4847 66 99 4848 67 102 4849 64 100 4850 68 101 4851 69 104 4852 67 102 4853 70 103 4854 71 106 4855 69 104 4856 72 105 4857 73 108 4858 71 106 4859 74 107 4860 75 110 4861 73 108 4862 76 109 4863 77 112 4864 75 110 4865 78 111 4866 79 114 4867 77 112 4868 80 113 4869 81 116 4870 79 114 4871 82 115 4872 83 118 4873 81 116 4874 84 117 4875 85 120 4876 83 118 4877 86 119 4878 87 122 4879 85 120 4880 88 121 4881 89 124 4882 87 122 4883 90 123 4884 91 126 4885 89 124 4886 92 125 4887 93 128 4888 91 126 4889 94 127 4890 95 130 4891 93 128 4892 96 129 4893 97 132 4894 95 130 4895 98 131 4896 99 134 4897 97 132 4898 100 133 4899 101 133 4900 99 134 4901 102 135 4902 103 137 4903 101 133 4904 104 136 4905 105 139 4906 103 137 4907 106 138 4908 107 141 4909 105 139 4910 108 140 4911 109 143 4912 107 141 4913 110 142 4914 111 145 4915 109 143 4916 112 144 4917 113 147 4918 111 145 4919 114 146 4920 115 149 4921 113 147 4922 116 148 4923 117 151 4924 115 149 4925 118 150 4926 119 153 4927 117 151 4928 120 152 4929 121 155 4930 119 153 4931 122 154 4932 123 157 4933 121 155 4934 124 156 4935 125 159 4936 123 157 4937 126 158 4938 127 161 4939 125 159 4940 128 160 4941 129 163 4942 127 161 4943 130 162 4944 131 165 4945 129 163 4946 132 164 4947 133 166 4948 131 165 4949 62 98 4950 65 97 4951 133 166 4952 97 1114 4953 99 1115 4954 101 1116 4955 101 1116 4956 103 1117 4957 105 1118 4958 105 1118 4959 107 6 4960 109 1119 4961 109 1119 4962 111 1120 4963 115 1121 4964 113 6 4965 115 1121 4966 111 1120 4967 117 6 4968 119 6 4969 121 6 4970 121 6 4971 123 169 4972 115 1121 4973 125 6 4974 127 6 4975 123 169 4976 129 167 4977 131 1122 4978 133 1123 4979 133 1123 4980 65 1124 4981 129 167 4982 64 6 4983 67 6 4984 71 1125 4985 69 6 4986 71 1125 4987 67 6 4988 73 6 4989 75 6 4990 71 1125 4991 77 1126 4992 79 1127 4993 81 168 4994 81 168 4995 83 6 4996 85 6 4997 85 6 4998 87 6 4999 89 1128 5000 89 1128 5001 91 1129 5002 105 1118 5003 93 6 5004 95 6 5005 91 1129 5006 97 1114 5007 101 1116 5008 95 6 5009 105 1118 5010 109 1119 5011 89 1128 5012 115 1121 5013 117 6 5014 121 6 5015 123 169 5016 127 6 5017 129 167 5018 129 167 5019 65 1124 5020 71 1125 5021 64 6 5022 71 1125 5023 65 1124 5024 75 6 5025 77 1126 5026 129 167 5027 81 168 5028 85 6 5029 89 1128 5030 91 1129 5031 95 6 5032 101 1116 5033 101 1116 5034 105 1118 5035 91 1129 5036 115 1121 5037 123 169 5038 89 1128 5039 129 167 5040 71 1125 5041 75 6 5042 77 1126 5043 81 168 5044 129 167 5045 89 1128 5046 109 1119 5047 115 1121 5048 123 169 5049 81 168 5050 89 1128 5051 150 185 5052 148 184 5053 147 183 5054 184 1130 5055 151 1131 5056 154 1132 5057 152 1133 5058 153 1134 5059 154 1132 5060 154 1132 5061 155 15 5062 156 15 5063 156 15 5064 157 15 5065 160 15 5066 158 15 5067 159 15 5068 160 15 5069 160 15 5070 161 15 5071 162 1135 5072 162 1135 5073 163 15 5074 164 15 5075 164 15 5076 165 15 5077 166 1136 5078 166 1136 5079 167 1137 5080 170 1138 5081 168 1139 5082 169 1140 5083 170 1138 5084 170 1138 5085 171 15 5086 172 15 5087 172 15 5088 173 15 5089 150 1141 5090 150 1141 5091 149 15 5092 174 187 5093 174 187 5094 175 1142 5095 176 1143 5096 176 1143 5097 177 15 5098 178 1144 5099 178 1144 5100 179 1145 5101 180 188 5102 180 188 5103 181 1146 5104 184 1130 5105 182 1147 5106 183 15 5107 184 1130 5108 151 1131 5109 152 1133 5110 154 1132 5111 154 1132 5112 156 15 5113 160 15 5114 158 15 5115 160 15 5116 157 15 5117 162 1135 5118 164 15 5119 166 1136 5120 167 1137 5121 168 1139 5122 170 1138 5123 170 1138 5124 172 15 5125 150 1141 5126 150 1141 5127 174 187 5128 160 15 5129 176 1143 5130 178 1144 5131 180 188 5132 181 1146 5133 182 1147 5134 184 1130 5135 184 1130 5136 154 1132 5137 160 15 5138 160 15 5139 162 1135 5140 150 1141 5141 166 1136 5142 170 1138 5143 162 1135 5144 174 187 5145 176 1143 5146 180 188 5147 180 188 5148 184 1130 5149 160 15 5150 162 1135 5151 170 1138 5152 150 1141 5153 151 189 5154 185 193 5155 186 190 5156 184 192 5157 187 195 5158 185 193 5159 183 194 5160 188 197 5161 187 195 5162 182 196 5163 189 199 5164 188 197 5165 181 198 5166 190 201 5167 189 199 5168 180 200 5169 191 203 5170 190 201 5171 179 202 5172 192 205 5173 191 203 5174 178 204 5175 193 207 5176 192 205 5177 177 206 5178 194 209 5179 193 207 5180 176 208 5181 195 211 5182 194 209 5183 175 210 5184 196 213 5185 195 211 5186 174 212 5187 197 214 5188 196 213 5189 174 212 5190 149 186 5191 147 183 5192 227 244 5193 228 249 5194 226 243 5195 150 185 5196 173 248 5197 230 246 5198 172 247 5199 227 244 5200 230 246 5201 172 247 5202 171 250 5203 228 249 5204 171 250 5205 170 253 5206 231 251 5207 169 252 5208 232 255 5209 231 251 5210 169 252 5211 168 256 5212 233 254 5213 168 256 5214 167 259 5215 234 257 5216 166 258 5217 235 261 5218 234 257 5219 166 258 5220 165 263 5221 236 260 5222 164 262 5223 237 265 5224 236 260 5225 163 264 5226 238 267 5227 237 265 5228 163 264 5229 162 269 5230 239 266 5231 161 268 5232 240 271 5233 239 266 5234 160 270 5235 241 273 5236 240 271 5237 159 272 5238 242 275 5239 241 273 5240 158 274 5241 243 277 5242 242 275 5243 157 276 5244 244 279 5245 243 277 5246 156 278 5247 245 281 5248 244 279 5249 155 280 5250 246 283 5251 245 281 5252 154 282 5253 247 285 5254 246 283 5255 153 284 5256 248 286 5257 247 285 5258 152 191 5259 186 190 5260 248 286 5261 191 203 5262 192 205 5263 257 295 5264 228 249 5265 231 251 5266 282 320 5267 235 261 5268 286 325 5269 285 323 5270 239 266 5271 240 271 5272 291 329 5273 241 273 5274 292 330 5275 291 329 5276 247 285 5277 298 336 5278 297 335 5279 393 431 5280 394 432 5281 396 433 5282 393 431 5283 395 434 5284 397 435 5285 391 429 5286 397 435 5287 398 436 5288 389 427 5289 398 436 5290 399 437 5291 387 425 5292 399 437 5293 400 438 5294 385 423 5295 400 438 5296 401 439 5297 383 421 5298 401 439 5299 402 440 5300 381 419 5301 402 440 5302 403 441 5303 380 418 5304 403 441 5305 404 442 5306 379 417 5307 404 442 5308 405 443 5309 378 416 5310 405 443 5311 406 444 5312 377 415 5313 406 444 5314 407 445 5315 376 414 5316 407 445 5317 408 446 5318 375 413 5319 408 446 5320 409 447 5321 374 412 5322 409 447 5323 410 448 5324 373 411 5325 410 448 5326 411 449 5327 372 410 5328 411 449 5329 412 450 5330 371 409 5331 412 450 5332 413 451 5333 370 408 5334 413 451 5335 415 452 5336 422 460 5337 414 453 5338 415 452 5339 425 462 5340 422 460 5341 423 461 5342 427 464 5343 425 462 5344 424 463 5345 429 466 5346 427 464 5347 426 465 5348 431 468 5349 429 466 5350 428 467 5351 433 470 5352 431 468 5353 430 469 5354 435 472 5355 433 470 5356 432 471 5357 437 474 5358 435 472 5359 434 473 5360 439 476 5361 437 474 5362 436 475 5363 441 478 5364 439 476 5365 438 477 5366 443 480 5367 441 478 5368 440 479 5369 445 482 5370 443 480 5371 442 481 5372 447 484 5373 445 482 5374 444 483 5375 449 486 5376 447 484 5377 446 485 5378 451 488 5379 449 486 5380 448 487 5381 453 490 5382 451 488 5383 450 489 5384 453 490 5385 452 491 5386 396 433 5387 466 504 5388 467 510 5389 465 503 5390 354 392 5391 475 513 5392 474 512 5393 537 575 5394 538 576 5395 342 380 5396 558 596 5397 551 589 5398 552 590 5399 554 592 5400 332 370 5401 562 600 5402 566 603 5403 567 664 5404 568 154 5405 602 29 5406 569 29 5407 601 29 5408 570 29 5409 571 29 5410 601 29 5411 572 29 5412 573 29 5413 574 29 5414 574 29 5415 575 29 5416 565 1148 5417 566 29 5418 565 1148 5419 575 29 5420 576 1149 5421 577 1150 5422 578 1151 5423 578 1151 5424 579 607 5425 565 1148 5426 580 1152 5427 581 1153 5428 579 607 5429 582 605 5430 583 29 5431 584 1154 5432 584 1154 5433 585 1155 5434 586 1156 5435 586 1156 5436 587 29 5437 588 1157 5438 588 1157 5439 589 1158 5440 586 1156 5441 590 29 5442 591 29 5443 589 1158 5444 592 1159 5445 593 1160 5446 594 606 5447 594 606 5448 595 1161 5449 596 1162 5450 596 1162 5451 597 29 5452 598 29 5453 598 29 5454 599 29 5455 574 29 5456 600 29 5457 601 29 5458 599 29 5459 569 29 5460 570 29 5461 601 29 5462 574 29 5463 601 29 5464 571 29 5465 565 1148 5466 576 1149 5467 578 1151 5468 579 607 5469 581 1153 5470 582 605 5471 582 605 5472 584 1154 5473 586 1156 5474 586 1156 5475 589 1158 5476 591 29 5477 591 29 5478 592 1159 5479 582 605 5480 594 606 5481 596 1162 5482 579 607 5483 599 29 5484 601 29 5485 574 29 5486 572 29 5487 574 29 5488 571 29 5489 565 1148 5490 596 1162 5491 598 29 5492 582 605 5493 586 1156 5494 591 29 5495 592 1159 5496 594 606 5497 582 605 5498 598 29 5499 574 29 5500 565 1148 5501 579 607 5502 596 1162 5503 565 1148 5504 569 608 5505 603 102 5506 604 100 5507 602 101 5508 605 611 5509 603 102 5510 601 610 5511 606 613 5512 605 611 5513 600 612 5514 607 615 5515 606 613 5516 599 614 5517 608 617 5518 607 615 5519 598 616 5520 609 619 5521 608 617 5522 597 618 5523 610 621 5524 609 619 5525 596 620 5526 611 623 5527 610 621 5528 595 622 5529 612 625 5530 611 623 5531 594 624 5532 613 627 5533 612 625 5534 593 626 5535 614 629 5536 613 627 5537 592 628 5538 615 631 5539 614 629 5540 591 630 5541 616 633 5542 615 631 5543 590 632 5544 617 635 5545 616 633 5546 589 634 5547 618 637 5548 617 635 5549 588 636 5550 619 638 5551 618 637 5552 587 134 5553 620 639 5554 619 638 5555 586 133 5556 621 133 5557 620 639 5558 585 640 5559 622 642 5560 621 133 5561 584 641 5562 623 644 5563 622 642 5564 583 643 5565 624 646 5566 623 644 5567 582 645 5568 625 140 5569 624 646 5570 581 142 5571 626 648 5572 625 140 5573 580 647 5574 627 650 5575 626 648 5576 579 649 5577 628 649 5578 627 650 5579 578 651 5580 629 653 5581 628 649 5582 577 652 5583 630 654 5584 629 653 5585 576 155 5586 631 655 5587 630 654 5588 565 604 5589 568 154 5590 631 655 5591 570 609 5592 604 100 5593 632 656 5594 571 656 5595 632 656 5596 633 657 5597 572 658 5598 633 657 5599 634 659 5600 573 660 5601 634 659 5602 635 160 5603 574 661 5604 635 160 5605 636 662 5606 575 663 5607 636 662 5608 567 664 5609 638 665 5610 639 689 5611 640 666 5612 642 668 5613 638 665 5614 637 667 5615 644 670 5616 642 668 5617 641 669 5618 646 672 5619 644 670 5620 643 671 5621 648 674 5622 646 672 5623 645 673 5624 650 676 5625 648 674 5626 647 675 5627 650 676 5628 649 677 5629 652 678 5630 639 689 5631 662 690 5632 661 688 5633 662 690 5634 663 692 5635 664 691 5636 663 692 5637 665 694 5638 666 693 5639 665 694 5640 667 696 5641 668 695 5642 667 696 5643 669 698 5644 670 697 5645 669 698 5646 671 700 5647 672 699 5648 671 700 5649 673 702 5650 674 701 5651 673 702 5652 675 704 5653 676 703 5654 675 704 5655 677 706 5656 678 705 5657 677 706 5658 679 709 5659 680 707 5660 681 708 5661 682 713 5662 680 707 5663 683 710 5664 682 713 5665 681 708 5666 701 728 5667 699 727 5668 696 724 5669 702 730 5670 703 732 5671 699 727 5672 704 731 5673 705 734 5674 703 732 5675 706 733 5676 707 736 5677 705 734 5678 708 735 5679 709 738 5680 707 736 5681 710 737 5682 711 740 5683 709 738 5684 712 739 5685 713 742 5686 711 740 5687 714 741 5688 715 744 5689 713 742 5690 716 743 5691 717 746 5692 715 744 5693 718 745 5694 719 747 5695 717 746 5696 651 679 5697 652 678 5698 719 747 5699 812 840 5700 852 881 5701 851 879 5702 830 858 5703 831 859 5704 873 901 5705 860 888 5706 862 890 5707 900 928 5708 867 895 5709 905 934 5710 904 932 5711 897 925 5712 933 962 5713 932 960 5714 907 935 5715 908 936 5716 944 972 5717 956 984 5718 992 1021 5719 991 1019 5720 956 984 5721 957 985 5722 993 1020 5723 964 992 5724 1000 1028 5725 999 1027 5726 965 993 5727 1001 1029 5728 1000 1028 5729 970 998 5730 1006 1035 5731 1005 1033 5732 970 998 5733 971 999 5734 1007 1034 5735 978 1006 5736 1014 1043 5737 1013 1041 5738 978 1006 5739 979 1007 5740 1015 1042 5741 991 1019 5742 1027 1056 5743 1028 1055 5744 992 1021 5745 1029 1057 5746 1027 1056 5747 993 1020 5748 1030 1058 5749 1029 1057 5750 994 1022 5751 1031 1059 5752 1030 1058 5753 995 1023 5754 1032 1060 5755 1031 1059 5756 996 1024 5757 1033 1061 5758 1032 1060 5759 997 1025 5760 1034 1062 5761 1033 1061 5762 998 1026 5763 1035 1063 5764 1034 1062 5765 999 1027 5766 1036 1064 5767 1035 1063 5768 1000 1028 5769 1037 1065 5770 1036 1064 5771 1001 1029 5772 1038 1066 5773 1037 1065 5774 1002 1030 5775 1039 1067 5776 1038 1066 5777 1003 1031 5778 1040 1068 5779 1039 1067 5780 1004 1032 5781 1041 1069 5782 1040 1068 5783 1005 1033 5784 1042 1070 5785 1041 1069 5786 1006 1035 5787 1043 1071 5788 1042 1070 5789 1007 1034 5790 1044 1072 5791 1043 1071 5792 1008 1036 5793 1045 210 5794 1044 1072 5795 1009 1037 5796 1046 1073 5797 1045 210 5798 1010 1038 5799 1047 1074 5800 1046 1073 5801 1011 1039 5802 1048 1076 5803 1047 1074 5804 1011 1039 5805 1012 1040 5806 1049 1075 5807 1013 1041 5808 1050 1077 5809 1049 1075 5810 1014 1043 5811 1051 1079 5812 1050 1077 5813 1014 1043 5814 1015 1042 5815 1052 1078 5816 1016 1044 5817 1053 1081 5818 1052 1078 5819 1016 1044 5820 1017 1045 5821 1054 1080 5822 1017 1045 5823 1018 1046 5824 1055 1082 5825 1019 1047 5826 1056 13 5827 1055 1082 5828 1019 1047 5829 1020 1048 5830 1057 1083 5831 1020 1048 5832 1021 1049 5833 1058 1084 5834 1022 1050 5835 1059 1086 5836 1058 1084 5837 1022 1050 5838 1023 1051 5839 1060 1085 5840 1024 1052 5841 1061 1088 5842 1060 1085 5843 1024 1052 5844 1025 1053 5845 1062 1087 5846 1026 1054 5847 1028 1055 5848 1062 1087 5849 1036 1091 5850 1037 1163 5851 1038 1164 5852 1038 1164 5853 1039 15 5854 1040 1165 5855 1040 1165 5856 1041 15 5857 1042 1166 5858 1042 1166 5859 1043 1167 5860 1044 1089 5861 1044 1089 5862 1045 1168 5863 1046 1169 5864 1046 1169 5865 1047 15 5866 1048 1170 5867 1048 1170 5868 1049 1171 5869 1050 1172 5870 1050 1172 5871 1051 15 5872 1048 1170 5873 1052 1173 5874 1053 15 5875 1054 1174 5876 1054 1174 5877 1055 15 5878 1056 1175 5879 1056 1175 5880 1057 1176 5881 1058 1177 5882 1058 1177 5883 1059 15 5884 1060 15 5885 1060 15 5886 1061 15 5887 1027 1178 5888 1062 15 5889 1028 15 5890 1027 1178 5891 1027 1178 5892 1029 15 5893 1030 1090 5894 1030 1090 5895 1031 15 5896 1032 1179 5897 1032 1179 5898 1033 15 5899 1034 1180 5900 1034 1180 5901 1035 1181 5902 1032 1179 5903 1036 1091 5904 1038 1164 5905 1044 1089 5906 1040 1165 5907 1042 1166 5908 1044 1089 5909 1044 1089 5910 1046 1169 5911 1048 1170 5912 1048 1170 5913 1051 15 5914 1052 1173 5915 1052 1173 5916 1054 1174 5917 1058 1177 5918 1056 1175 5919 1058 1177 5920 1054 1174 5921 1061 15 5922 1062 15 5923 1027 1178 5924 1027 1178 5925 1030 1090 5926 1044 1089 5927 1032 1179 5928 1035 1181 5929 1036 1091 5930 1038 1164 5931 1040 1165 5932 1044 1089 5933 1044 1089 5934 1048 1170 5935 1052 1173 5936 1052 1173 5937 1058 1177 5938 1027 1178 5939 1060 15 5940 1027 1178 5941 1058 1177 5942 1032 1179 5943 1036 1091 5944 1030 1090 5945 1044 1089 5946 1052 1173 5947 1027 1178 5948 700 729 5949 696 724 5950 694 722 5951 1063 1092 5952 694 722 5953 692 720 5954 1064 1093 5955 692 720 5956 690 718 5957 1065 1094 5958 690 718 5959 688 716 5960 1066 1095 5961 688 716 5962 686 714 5963 1067 1096 5964 686 714 5965 683 710 5966</p>
        </polylist>
        <polylist material="Material_002-material" count="2">
          <input semantic="VERTEX" source="#Mesh3_Group2_Group1_Model-mesh-vertices" offset="0"/>
          <input semantic="NORMAL" source="#Mesh3_Group2_Group1_Model-mesh-normals" offset="1"/>
          <input semantic="TEXCOORD" source="#Mesh3_Group2_Group1_Model-mesh-map-0" offset="2" set="0"/>
          <vcount>3 3 </vcount>
          <p>1069 6 4671 1071 6 4672 1068 6 4673 1069 6 5967 1070 6 5968 1071 6 5969</p>
        </polylist>
      </mesh>
    </geometry>
  </library_geometries>
  <library_controllers/>
  <library_visual_scenes>
    <visual_scene id="Scene" name="Scene">
      <node id="Mesh3_Group2_Group1_Model" name="Mesh3_Group2_Group1_Model" type="NODE">
        <matrix sid="transform">1 0 0 0 0 -1.62921e-7 -1 0 0 1 -1.62921e-7 0 0 0 0 1</matrix>
        <instance_geometry url="#Mesh3_Group2_Group1_Model-mesh" name="Mesh3_Group2_Group1_Model">
          <bind_material>
            <technique_common>
              <instance_material symbol="FrontColor_002-material" target="#FrontColor_002-material">
                <bind_vertex_input semantic="UVMap" input_semantic="TEXCOORD" input_set="0"/>
              </instance_material>
              <instance_material symbol="Material_002-material" target="#Material_002-material">
                <bind_vertex_input semantic="UVMap" input_semantic="TEXCOORD" input_set="0"/>
              </instance_material>
            </technique_common>
          </bind_material>
        </instance_geometry>
      </node>
    </visual_scene>
  </library_visual_scenes>
  <scene>
    <instance_visual_scene url="#Scene"/>
  </scene>
</COLLADA>