<?xml version="1.0" encoding="utf-8"?>
<COLLADA xmlns="http://www.collada.org/2005/11/COLLADASchema" version="1.4.1">
  <asset>
    <contributor>
      <author>Blender User</author>
      <authoring_tool>Blender 2.78.0 commit date:2016-10-24, commit time:12:20, hash:e8299c8</authoring_tool>
    </contributor>
    <created>2020-11-12T23:03:30</created>
    <modified>2020-11-12T23:03:30</modified>
    <unit name="meter" meter="1"/>
    <up_axis>Z_UP</up_axis>
  </asset>
  <library_images>
    <image id="_auto_1_png" name="_auto_1_png">
      <init_from>/I:/3D_Asset_Packages/For%20Sale/Guard_House/Guard_House/Guard_House/Guard_House_Guard_House/_auto_1.png</init_from>
    </image>
    <image id="_auto__png" name="_auto__png">
      <init_from>/I:/3D_Asset_Packages/For%20Sale/Guard_House/Guard_House/Guard_House/Guard_House_Guard_House/_auto_.png</init_from>
    </image>
    <image id="_auto_2_png" name="_auto_2_png">
      <init_from>/I:/3D_Asset_Packages/For%20Sale/Guard_House/Guard_House/Guard_House/Guard_House_Guard_House/_auto_2.png</init_from>
    </image>
    <image id="_auto_7_png" name="_auto_7_png">
      <init_from>/I:/3D_Asset_Packages/For%20Sale/Guard_House/Guard_House/Guard_House/Guard_House_Guard_House/_auto_7.png</init_from>
    </image>
    <image id="_auto_5_png" name="_auto_5_png">
      <init_from>/I:/3D_Asset_Packages/For%20Sale/Guard_House/Guard_House/Guard_House/Guard_House_Guard_House/_auto_5.png</init_from>
    </image>
    <image id="_auto_6_png" name="_auto_6_png">
      <init_from>/I:/3D_Asset_Packages/For%20Sale/Guard_House/Guard_House/Guard_House/Guard_House_Guard_House/_auto_6.png</init_from>
    </image>
    <image id="_auto_3_png" name="_auto_3_png">
      <init_from>/I:/3D_Asset_Packages/For%20Sale/Guard_House/Guard_House/Guard_House/Guard_House_Guard_House/_auto_3.png</init_from>
    </image>
    <image id="_auto_4_png" name="_auto_4_png">
      <init_from>/I:/3D_Asset_Packages/For%20Sale/Guard_House/Guard_House/Guard_House/Guard_House_Guard_House/_auto_4.png</init_from>
    </image>
  </library_images>
  <library_effects>
    <effect id="Material_002-effect">
      <profile_COMMON>
        <newparam sid="_auto_7_png-surface">
          <surface type="2D">
            <init_from>_auto_7_png</init_from>
          </surface>
        </newparam>
        <newparam sid="_auto_7_png-sampler">
          <sampler2D>
            <source>_auto_7_png-surface</source>
          </sampler2D>
        </newparam>
        <technique sid="common">
          <phong>
            <emission>
              <color sid="emission">0 0 0 1</color>
            </emission>
            <ambient>
              <color sid="ambient">0 0 0 1</color>
            </ambient>
            <diffuse>
              <texture texture="_auto_7_png-sampler" texcoord="UVMap"/>
            </diffuse>
            <specular>
              <color sid="specular">0.5 0.5 0.5 1</color>
            </specular>
            <shininess>
              <float sid="shininess">50</float>
            </shininess>
            <index_of_refraction>
              <float sid="index_of_refraction">1</float>
            </index_of_refraction>
          </phong>
        </technique>
      </profile_COMMON>
    </effect>
    <effect id="FrontColor_002-effect">
      <profile_COMMON>
        <newparam sid="_auto_1_png-surface">
          <surface type="2D">
            <init_from>_auto_1_png</init_from>
          </surface>
        </newparam>
        <newparam sid="_auto_1_png-sampler">
          <sampler2D>
            <source>_auto_1_png-surface</source>
          </sampler2D>
        </newparam>
        <technique sid="common">
          <phong>
            <emission>
              <color sid="emission">0 0 0 1</color>
            </emission>
            <ambient>
              <color sid="ambient">0 0 0 1</color>
            </ambient>
            <diffuse>
              <texture texture="_auto_1_png-sampler" texcoord="UVMap"/>
            </diffuse>
            <specular>
              <color sid="specular">1 1 1 1</color>
            </specular>
            <shininess>
              <float sid="shininess">52</float>
            </shininess>
            <transparent opaque="A_ONE">
              <color>1 1 1 1</color>
            </transparent>
            <index_of_refraction>
              <float sid="index_of_refraction">1</float>
            </index_of_refraction>
          </phong>
        </technique>
      </profile_COMMON>
    </effect>
    <effect id="FrontColor-effect">
      <profile_COMMON>
        <newparam sid="_auto__png-surface">
          <surface type="2D">
            <init_from>_auto__png</init_from>
          </surface>
        </newparam>
        <newparam sid="_auto__png-sampler">
          <sampler2D>
            <source>_auto__png-surface</source>
          </sampler2D>
        </newparam>
        <technique sid="common">
          <phong>
            <emission>
              <color sid="emission">0 0 0 1</color>
            </emission>
            <ambient>
              <color sid="ambient">0 0 0 1</color>
            </ambient>
            <diffuse>
              <texture texture="_auto__png-sampler" texcoord="UVMap"/>
            </diffuse>
            <specular>
              <color sid="specular">1 1 1 1</color>
            </specular>
            <shininess>
              <float sid="shininess">52</float>
            </shininess>
            <transparent opaque="A_ONE">
              <color>1 1 1 1</color>
            </transparent>
            <index_of_refraction>
              <float sid="index_of_refraction">1</float>
            </index_of_refraction>
          </phong>
        </technique>
      </profile_COMMON>
    </effect>
    <effect id="FrontColor_004-effect">
      <profile_COMMON>
        <newparam sid="_auto_2_png-surface">
          <surface type="2D">
            <init_from>_auto_2_png</init_from>
          </surface>
        </newparam>
        <newparam sid="_auto_2_png-sampler">
          <sampler2D>
            <source>_auto_2_png-surface</source>
          </sampler2D>
        </newparam>
        <technique sid="common">
          <phong>
            <emission>
              <color sid="emission">0 0 0 1</color>
            </emission>
            <ambient>
              <color sid="ambient">0 0 0 1</color>
            </ambient>
            <diffuse>
              <texture texture="_auto_2_png-sampler" texcoord="UVMap"/>
            </diffuse>
            <specular>
              <color sid="specular">1 1 1 1</color>
            </specular>
            <shininess>
              <float sid="shininess">52</float>
            </shininess>
            <transparent opaque="A_ONE">
              <color>1 1 1 1</color>
            </transparent>
            <index_of_refraction>
              <float sid="index_of_refraction">1</float>
            </index_of_refraction>
          </phong>
        </technique>
      </profile_COMMON>
    </effect>
    <effect id="FrontColor_006-effect">
      <profile_COMMON>
        <newparam sid="_auto_5_png-surface">
          <surface type="2D">
            <init_from>_auto_5_png</init_from>
          </surface>
        </newparam>
        <newparam sid="_auto_5_png-sampler">
          <sampler2D>
            <source>_auto_5_png-surface</source>
          </sampler2D>
        </newparam>
        <technique sid="common">
          <phong>
            <emission>
              <color sid="emission">0 0 0 1</color>
            </emission>
            <ambient>
              <color sid="ambient">0 0 0 1</color>
            </ambient>
            <diffuse>
              <texture texture="_auto_5_png-sampler" texcoord="UVMap"/>
            </diffuse>
            <specular>
              <color sid="specular">1 1 1 1</color>
            </specular>
            <shininess>
              <float sid="shininess">52</float>
            </shininess>
            <transparent opaque="A_ONE">
              <color>1 1 1 1</color>
            </transparent>
            <index_of_refraction>
              <float sid="index_of_refraction">1</float>
            </index_of_refraction>
          </phong>
        </technique>
      </profile_COMMON>
    </effect>
    <effect id="FrontColor_001-effect">
      <profile_COMMON>
        <newparam sid="_auto_6_png-surface">
          <surface type="2D">
            <init_from>_auto_6_png</init_from>
          </surface>
        </newparam>
        <newparam sid="_auto_6_png-sampler">
          <sampler2D>
            <source>_auto_6_png-surface</source>
          </sampler2D>
        </newparam>
        <technique sid="common">
          <phong>
            <emission>
              <color sid="emission">0 0 0 1</color>
            </emission>
            <ambient>
              <color sid="ambient">0 0 0 1</color>
            </ambient>
            <diffuse>
              <texture texture="_auto_6_png-sampler" texcoord="UVMap"/>
            </diffuse>
            <specular>
              <color sid="specular">1 1 1 1</color>
            </specular>
            <shininess>
              <float sid="shininess">52</float>
            </shininess>
            <transparent opaque="A_ONE">
              <color>1 1 1 1</color>
            </transparent>
            <index_of_refraction>
              <float sid="index_of_refraction">1</float>
            </index_of_refraction>
          </phong>
        </technique>
      </profile_COMMON>
    </effect>
    <effect id="FrontColor_005-effect">
      <profile_COMMON>
        <newparam sid="_auto_3_png-surface">
          <surface type="2D">
            <init_from>_auto_3_png</init_from>
          </surface>
        </newparam>
        <newparam sid="_auto_3_png-sampler">
          <sampler2D>
            <source>_auto_3_png-surface</source>
          </sampler2D>
        </newparam>
        <technique sid="common">
          <phong>
            <emission>
              <color sid="emission">0 0 0 1</color>
            </emission>
            <ambient>
              <color sid="ambient">0 0 0 1</color>
            </ambient>
            <diffuse>
              <texture texture="_auto_3_png-sampler" texcoord="UVMap"/>
            </diffuse>
            <specular>
              <color sid="specular">1 1 1 1</color>
            </specular>
            <shininess>
              <float sid="shininess">52</float>
            </shininess>
            <transparent opaque="A_ONE">
              <color>1 1 1 1</color>
            </transparent>
            <index_of_refraction>
              <float sid="index_of_refraction">1</float>
            </index_of_refraction>
          </phong>
        </technique>
      </profile_COMMON>
    </effect>
    <effect id="FrontColor_003-effect">
      <profile_COMMON>
        <newparam sid="_auto_4_png-surface">
          <surface type="2D">
            <init_from>_auto_4_png</init_from>
          </surface>
        </newparam>
        <newparam sid="_auto_4_png-sampler">
          <sampler2D>
            <source>_auto_4_png-surface</source>
          </sampler2D>
        </newparam>
        <technique sid="common">
          <phong>
            <emission>
              <color sid="emission">0 0 0 1</color>
            </emission>
            <ambient>
              <color sid="ambient">0 0 0 1</color>
            </ambient>
            <diffuse>
              <texture texture="_auto_4_png-sampler" texcoord="UVMap"/>
            </diffuse>
            <specular>
              <color sid="specular">1 1 1 1</color>
            </specular>
            <shininess>
              <float sid="shininess">52</float>
            </shininess>
            <transparent opaque="A_ONE">
              <color>1 1 1 1</color>
            </transparent>
            <index_of_refraction>
              <float sid="index_of_refraction">1</float>
            </index_of_refraction>
          </phong>
        </technique>
      </profile_COMMON>
    </effect>
  </library_effects>
  <library_materials>
    <material id="Material_002-material" name="Material_002">
      <instance_effect url="#Material_002-effect"/>
    </material>
    <material id="FrontColor_002-material" name="FrontColor_002">
      <instance_effect url="#FrontColor_002-effect"/>
    </material>
    <material id="FrontColor-material" name="FrontColor">
      <instance_effect url="#FrontColor-effect"/>
    </material>
    <material id="FrontColor_004-material" name="FrontColor_004">
      <instance_effect url="#FrontColor_004-effect"/>
    </material>
    <material id="FrontColor_006-material" name="FrontColor_006">
      <instance_effect url="#FrontColor_006-effect"/>
    </material>
    <material id="FrontColor_001-material" name="FrontColor_001">
      <instance_effect url="#FrontColor_001-effect"/>
    </material>
    <material id="FrontColor_005-material" name="FrontColor_005">
      <instance_effect url="#FrontColor_005-effect"/>
    </material>
    <material id="FrontColor_003-material" name="FrontColor_003">
      <instance_effect url="#FrontColor_003-effect"/>
    </material>
  </library_materials>
  <library_geometries>
    <geometry id="Mesh12_Group10_Group3_Group1_Model-mesh" name="Mesh12 Group10 Group3 Group1 Model">
      <mesh>
        <source id="Mesh12_Group10_Group3_Group1_Model-mesh-positions">
          <float_array id="Mesh12_Group10_Group3_Group1_Model-mesh-positions-array" count="5406">1.739828 0.6077948 -1.180525 1.739828 0.6077948 0.02943795 1.739828 -0.002205252 0.02943795 1.739828 -0.002205252 0.01943796 1.739828 0.5977948 0.01943796 1.739828 0.5977948 -1.180525 1.757828 -0.002205252 0.01943796 1.757828 0.5977948 0.01943796 1.739828 -0.002205252 -1.180525 1.757828 -0.002205252 -1.180525 1.757828 0.5977948 -1.180525 1.759828 0.5957948 0.01743799 1.759828 0.5957948 -1.178525 1.759828 -2.05278e-4 0.01743799 1.759828 -2.05278e-4 -1.178525 -1.850167 2.447799 -1.150525 -1.850167 2.437799 -1.150525 1.709828 2.437799 -1.150525 1.709828 2.447799 -1.150525 -1.850167 2.447789 1.199478 -1.850167 2.437789 1.199478 1.709828 2.447789 1.199478 1.709828 2.437789 1.199478 2.216728 2.437799 -2.057416 -2.357059 2.437799 -2.057416 -2.357059 2.437789 2.106368 2.216728 2.437789 2.106368 -1.880128 0.5977948 1.229478 -1.898128 0.5977948 1.229478 -1.898128 -0.002205252 1.229478 -1.880128 -0.002205252 1.229478 -1.880128 0.5977948 0.02951806 -1.898128 0.5977948 0.02951806 -1.880128 -0.002205252 0.02951806 -1.898128 -0.002205252 0.02951806 -1.900127 -2.05278e-4 1.227478 -1.900127 -2.05278e-4 0.03151804 -1.900128 0.5957948 1.227478 -1.900128 0.5957948 0.03151804 -1.880128 0.6077948 1.229478 -1.880127 0.6077948 0.02951806 1.739828 1.817799 -1.180525 0.5398679 1.817799 -1.180525 0.5398679 1.217795 -1.180525 0.5298679 1.217795 -1.180525 0.5298679 1.827799 -1.180525 1.739828 1.827799 -1.180525 1.739828 1.817799 -1.198525 0.5398679 1.817799 -1.198525 1.739828 1.217795 -1.180525 1.739828 1.217795 -1.198525 0.5398679 1.217795 -1.198525 0.5418677 1.815799 -1.200525 0.5418677 1.219795 -1.200525 1.737828 1.815799 -1.200525 1.737828 1.219795 -1.200525 -1.855167 1.248105 -1.123041 -1.855167 1.262715 -0.01923191 -1.855167 1.248105 -0.005011916 -1.855167 1.262715 -1.10883 -1.855167 2.407489 -1.123041 -1.855167 2.392869 -1.10883 -1.857167 2.390869 -1.106884 -1.857167 1.264715 -1.106884 -1.855167 2.392869 -0.01923191 -1.857167 2.390869 -0.02117192 -1.857167 1.264715 -0.02117192 -1.855167 2.407489 -0.005011916 -1.852167 2.407489 -1.123041 -1.852167 2.407489 -0.005011916 -1.852167 1.248105 -1.123041 -1.852167 1.248105 -0.005011916 -1.850167 1.246105 -0.00306189 -1.850167 2.409489 -0.00306189 -1.850167 1.246105 -1.124987 -1.850167 2.409489 -1.124987 -1.850167 2.435799 -1.150579 -1.850167 1.219795 -1.150579 -1.850167 1.219795 0.02252799 -1.850167 2.435799 0.02252799 -1.852167 2.437799 0.02447801 -1.852167 1.217795 0.02447801 -1.852167 2.437799 -1.152525 -1.852167 1.217795 -1.152525 -1.898167 1.217795 -1.152525 -1.898167 1.217795 0.02447801 -1.898167 2.437799 -1.152525 -1.898167 2.437799 0.02447801 -1.900167 2.435799 -1.150579 -1.900167 2.435799 0.02252799 -1.900167 2.409489 -0.00306189 -1.900167 2.409489 -1.124987 -1.900167 1.246105 -1.124987 -1.900167 1.219795 -1.150579 -1.900167 1.219795 0.02252799 -1.900167 1.246105 -0.00306189 -1.898167 2.407489 -0.005011916 -1.898167 1.248105 -0.005011916 -1.898167 2.407489 -1.123041 -1.898167 1.248105 -1.123041 -1.885167 1.248105 -1.123041 -1.885167 1.248105 -0.005011916 -1.885167 2.407489 -1.123041 -1.885167 2.407489 -0.005011916 -1.885167 1.262715 -0.01923191 -1.885167 2.392869 -0.01923191 -1.883167 1.264715 -0.02117192 -1.883167 2.390869 -0.02117192 -1.883167 1.264715 -1.106884 -1.885167 1.262715 -1.10883 -1.883167 2.390869 -1.106884 -1.885167 2.392869 -1.10883 -0.7104722 1.248105 -1.155525 -1.845237 1.262715 -1.155525 -1.859857 1.248105 -1.155525 -0.7250822 1.262715 -1.155525 -0.7104722 2.407489 -1.155525 -0.7250822 2.392869 -1.155525 -0.7270823 2.390869 -1.157525 -0.7270823 1.264715 -1.157525 -1.845237 2.392869 -1.155525 -1.843237 2.390869 -1.157525 -1.843237 1.264715 -1.157525 -1.859857 2.407489 -1.155525 -0.7104722 2.407489 -1.152525 -1.859857 2.407489 -1.152525 -0.7104722 1.248105 -1.152525 -1.859857 1.248105 -1.152525 -1.861857 1.246105 -1.150525 -1.861857 2.409489 -1.150525 -0.7084723 1.246105 -1.150525 -0.7084723 2.409489 -1.150525 -0.6821622 2.435799 -1.150525 -0.6821622 1.219795 -1.150525 -1.888167 1.219795 -1.150525 -1.888167 2.435799 -1.150525 -1.890167 2.437799 -1.152525 -1.890167 1.217795 -1.152525 -0.6801622 2.437799 -1.152525 -0.6801622 1.217795 -1.152525 -0.6801622 1.217795 -1.198525 -1.890167 1.217795 -1.198525 -0.6801622 2.437799 -1.198525 -1.890167 2.437799 -1.198525 -0.6821622 2.435799 -1.200525 -1.888167 2.435799 -1.200525 -1.861857 2.409489 -1.200525 -0.7084723 2.409489 -1.200525 -0.7084723 1.246105 -1.200525 -0.6821622 1.219795 -1.200525 -1.888167 1.219795 -1.200525 -1.861857 1.246105 -1.200525 -1.859857 2.407489 -1.198525 -1.859857 1.248105 -1.198525 -0.7104722 2.407489 -1.198525 -0.7104722 1.248105 -1.198525 -0.7104722 1.248105 -1.185525 -1.859857 1.248105 -1.185525 -0.7104722 2.407489 -1.185525 -1.859857 2.407489 -1.185525 -1.845237 1.262715 -1.185525 -1.845237 2.392869 -1.185525 -1.843237 1.264715 -1.183525 -1.843237 2.390869 -1.183525 -0.7270823 1.264715 -1.183525 -0.7250822 1.262715 -1.185525 -0.7270823 2.390869 -1.183525 -0.7250822 2.392869 -1.185525 1.739798 2.437799 1.229478 0.5298278 2.437799 1.229478 0.5298278 1.827799 1.229478 0.5398278 1.827799 1.229478 0.5398278 2.427799 1.229478 1.739798 2.427799 1.229478 0.5398278 1.827799 1.247478 0.5398278 2.427799 1.247478 1.739798 1.827799 1.229478 1.739798 1.827799 1.247478 1.739798 2.427799 1.247478 0.5418279 2.425799 1.249478 1.737798 2.425799 1.249478 0.5418279 1.829799 1.249478 1.737798 1.829799 1.249478 1.739828 1.827799 -1.180525 1.739828 1.827799 0.02943795 1.739828 1.217795 0.02943795 1.739828 1.217795 0.01943796 1.739828 1.817799 0.01943796 1.739828 1.817799 -1.180525 1.757828 1.217795 0.01943796 1.757828 1.817799 0.01943796 1.739828 1.217795 -1.180525 1.757828 1.217795 -1.180525 1.757828 1.817799 -1.180525 1.759828 1.815799 0.01743799 1.759828 1.815799 -1.178525 1.759828 1.219795 0.01743799 1.759828 1.219795 -1.178525 -0.6352322 2.390869 -1.170525 0.4809177 2.390869 -1.170525 0.4809177 1.264715 -1.170525 -0.6352322 1.264715 -1.170525 1.719828 2.437799 -1.180524 1.719828 -0.002205252 -1.180525 1.719828 -0.002205252 1.229478 1.719828 2.437799 1.229478 1.739828 1.827799 1.229478 1.757828 1.827799 1.229478 1.757828 2.427799 1.229478 1.739828 2.427799 1.229478 1.739828 1.827799 0.02951806 1.757828 1.827799 0.02951806 1.739828 2.427799 0.02951806 1.757828 2.427799 0.02951806 1.759828 2.425799 1.227478 1.759828 2.425799 0.03151804 1.759828 1.829799 1.227478 1.759828 1.829799 0.03151804 1.739828 2.437799 0.02951806 1.739828 2.437799 1.229478 2.224708 2.627789 2.114358 2.224708 2.627799 -2.065401 -2.365043 2.627799 -2.065401 -2.365043 2.627789 2.114358 0.8506379 2.432799 1.806368 0.8533378 2.432799 1.785878 0.8612478 2.432799 1.766778 0.8738277 2.432799 1.750368 0.8902378 2.432799 1.737788 0.9093378 2.432799 1.729878 0.9298277 2.432799 1.727178 0.9503279 2.432799 1.729878 0.9694278 2.432799 1.737788 0.9858277 2.432799 1.750368 0.9984179 2.432799 1.766778 1.006328 2.432799 1.785878 1.009028 2.432799 1.806368 1.006328 2.432799 1.826868 0.9984179 2.432799 1.845968 0.9858277 2.432799 1.862368 0.9694278 2.432799 1.874958 0.9503279 2.432799 1.882868 0.9298277 2.432799 1.885568 0.9093378 2.432799 1.882868 0.8902378 2.432799 1.874958 0.8738277 2.432799 1.862368 0.8612478 2.432799 1.845968 0.8533378 2.432799 1.826868 0.8506379 2.429799 1.806368 0.8533378 2.429799 1.785878 0.8533378 2.429799 1.826868 0.8612478 2.429799 1.845968 0.8738277 2.429799 1.862368 0.8902378 2.429799 1.874958 0.9093378 2.429799 1.882868 0.9298277 2.429799 1.885568 0.9503279 2.429799 1.882868 0.9694278 2.429799 1.874958 0.9858277 2.429799 1.862368 0.9984179 2.429799 1.845968 1.006328 2.429799 1.826868 1.009028 2.429799 1.806368 1.006328 2.429799 1.785878 0.9984179 2.429799 1.766778 0.9858277 2.429799 1.750368 0.9694278 2.429799 1.737788 0.9503279 2.429799 1.729878 0.9298277 2.429799 1.727178 0.9093378 2.429799 1.729878 0.8902378 2.429799 1.737788 0.8738277 2.429799 1.750368 0.8612478 2.429799 1.766778 0.8513877 2.427799 1.785348 0.8486178 2.427799 1.806368 0.8513877 2.427799 1.827388 0.8594978 2.427799 1.846978 0.8724079 2.427799 1.863798 0.8892279 2.427799 1.876698 0.9088078 2.427799 1.884818 0.9298277 2.427799 1.887578 0.9508479 2.427799 1.884818 0.9704378 2.427799 1.876698 0.9872577 2.427799 1.863798 1.000158 2.427799 1.846978 1.008278 2.427799 1.827388 1.011038 2.427799 1.806368 1.008278 2.427799 1.785348 1.000158 2.427799 1.765768 0.9872577 2.427799 1.748948 0.9704378 2.427799 1.736038 0.9508479 2.427799 1.727928 0.9298277 2.427799 1.725158 0.9088078 2.427799 1.727928 0.8892279 2.427799 1.736038 0.8724079 2.427799 1.748948 0.8594978 2.427799 1.765768 0.8605478 2.427799 1.737088 0.8449779 2.427799 1.757378 0.8449779 2.427799 1.855358 0.8351879 2.427799 1.831728 0.8351879 2.427799 1.781008 0.8318479 2.427799 1.806368 0.8332379 2.429799 1.832248 0.8298278 2.429799 1.806368 0.8432279 2.429799 1.856368 0.8591178 2.429799 1.877078 0.8432279 2.437799 1.856368 0.8591178 2.437799 1.877078 0.8332379 2.437799 1.832248 0.8298278 2.437799 1.806368 0.8332379 2.437799 1.780488 0.8332379 2.429799 1.780488 0.8432279 2.437799 1.756368 0.8432279 2.429799 1.756368 0.8591178 2.437799 1.735658 0.8591178 2.429799 1.735658 0.8798277 2.437799 1.719768 0.8798277 2.429799 1.719768 0.9039478 2.437799 1.709778 0.9039478 2.429799 1.709778 0.9298277 2.437799 1.706368 0.9298277 2.429799 1.706368 0.9557078 2.437799 1.709778 0.9557078 2.429799 1.709778 0.9798279 2.437799 1.719768 0.9798279 2.429799 1.719768 1.000538 2.437799 1.735658 1.000538 2.429799 1.735658 1.016428 2.437799 1.756368 1.016428 2.429799 1.756368 1.026418 2.437799 1.780488 1.026418 2.429799 1.780488 1.029828 2.437799 1.806368 1.029828 2.429799 1.806368 1.026418 2.437799 1.832248 1.026418 2.429799 1.832248 1.016428 2.437799 1.856368 1.016428 2.429799 1.856368 1.000538 2.437799 1.877078 1.000538 2.429799 1.877078 0.9798279 2.437799 1.892968 0.9798279 2.429799 1.892968 0.9557078 2.437799 1.902958 0.9557078 2.429799 1.902958 0.9298277 2.437799 1.906368 0.9298277 2.429799 1.906368 0.9039478 2.437799 1.902958 0.9039478 2.429799 1.902958 0.8798277 2.437799 1.892968 0.8798277 2.429799 1.892968 0.8605478 2.427799 1.875658 0.8808379 2.427799 1.891228 0.9044678 2.427799 1.901018 0.9298277 2.427799 1.904348 0.9551878 2.427799 1.901018 0.9788177 2.427799 1.891228 0.9991179 2.427799 1.875658 1.014688 2.427799 1.855358 1.014688 2.427799 1.757378 0.9991179 2.427799 1.737088 0.9788177 2.427799 1.721518 0.9551878 2.427799 1.711728 0.9298277 2.427799 1.708388 0.9044678 2.427799 1.711728 0.8808379 2.427799 1.721518 1.024478 2.427799 1.781008 1.027808 2.427799 1.806368 1.024478 2.427799 1.831728 1.739798 0.6077948 1.229478 0.5298278 0.6077948 1.229478 0.5298278 -0.002205252 1.229478 0.5398278 -0.002205252 1.229478 0.5398278 0.5977948 1.229478 1.739798 0.5977948 1.229478 0.5398278 -0.002205252 1.247478 0.5398278 0.5977948 1.247478 1.739798 -0.002205252 1.229478 1.739798 -0.002205252 1.247478 1.739798 0.5977948 1.247478 0.5418279 0.5957948 1.249478 1.737798 0.5957948 1.249478 0.5418279 -2.05278e-4 1.249478 1.737798 -2.05278e-4 1.249478 0.5297978 0.6077948 1.229478 -0.6801722 0.6077948 1.229478 -0.6801722 -0.002205252 1.229478 -0.6701722 -0.002205252 1.229478 -0.6701722 0.5977948 1.229478 0.5297978 0.5977948 1.229478 -0.6701722 -0.002205252 1.247478 -0.6701722 0.5977948 1.247478 0.5297978 -0.002205252 1.229478 0.5297978 -0.002205252 1.247478 0.5297978 0.5977948 1.247478 -0.6681722 0.5957948 1.249478 0.5277977 0.5957948 1.249478 -0.6681722 -2.05278e-4 1.249478 0.5277977 -2.05278e-4 1.249478 -0.6801622 0.09779477 1.239478 -0.6876222 0.09779477 1.239478 -0.6876222 0.09779477 1.209478 -0.6801622 0.09779477 1.209478 -0.6801622 2.437799 1.239478 -1.420172 2.437799 1.239478 -1.420172 0.09779477 1.239478 -1.412712 0.09779477 1.239478 -1.412712 2.280339 1.239478 -0.6876222 2.280339 1.239478 -1.420172 2.437799 1.209478 -0.6801622 2.437799 1.209478 -1.420172 0.09779477 1.209478 -0.6876222 2.280339 1.209478 -1.412712 2.280339 1.209478 -1.412712 0.09779477 1.209478 -0.6896122 0.09979474 1.211478 -0.6896122 2.276339 1.211478 -0.6896122 0.09979474 1.237478 -0.6896122 2.276339 1.237478 -0.6916223 2.278339 1.237478 -1.408702 2.278339 1.237478 -1.410712 2.276339 1.237478 -1.410712 0.09979474 1.237478 -1.410712 0.09979474 1.211478 -1.410712 2.276339 1.211478 -1.408702 2.278339 1.211478 -0.6916223 2.278339 1.211478 1.739828 1.207795 -1.180525 0.5398679 1.207795 -1.180525 0.5398679 0.6077948 -1.180525 0.5298679 0.6077948 -1.180525 0.5298679 1.217795 -1.180525 1.739828 1.217795 -1.180525 1.739828 1.207795 -1.198525 0.5398679 1.207795 -1.198525 1.739828 0.6077948 -1.180525 1.739828 0.6077948 -1.198525 0.5398679 0.6077948 -1.198525 0.5418677 1.205795 -1.200525 0.5418677 0.6097947 -1.200525 1.737828 1.205795 -1.200525 1.737828 0.6097947 -1.200525 1.739828 0.6077948 1.229478 1.757828 0.6077948 1.229478 1.757828 1.207795 1.229478 1.739828 1.207795 1.229478 1.739828 0.6077948 0.02951806 1.757828 0.6077948 0.02951806 1.739828 1.207795 0.02951806 1.757828 1.207795 0.02951806 1.759828 1.205795 1.227478 1.759828 1.205795 0.03151804 1.759828 0.6097947 1.227478 1.759828 0.6097947 0.03151804 1.739828 1.217795 0.02951806 1.739828 1.217795 1.229478 -1.880127 0.6077948 -1.180525 -0.6801722 0.6077948 -1.180525 -0.6801722 0.5977948 -1.180525 -1.880127 0.5977948 -1.180525 -0.6801722 0.5977948 -1.198525 -1.880127 0.5977948 -1.198525 -0.6801722 -0.002205252 -1.180525 -0.6801722 -0.002205252 -1.198525 -1.880127 -0.002205252 -1.180525 -1.880127 -0.002205252 -1.198525 -1.878128 0.5957948 -1.200525 -1.878128 -2.05278e-4 -1.200525 -0.6821722 0.5957948 -1.200525 -0.6821722 -2.05278e-4 -1.200525 -1.850167 1.217795 -1.160525 -1.850167 1.217795 1.209478 -1.850167 -0.002205252 1.209478 -1.850167 -0.002205252 -1.160525 -1.420172 1.217795 1.209478 -1.420172 -0.002205252 1.209478 0.4975278 1.248105 -1.155525 -0.6372422 1.262715 -1.155525 -0.6518523 1.248105 -1.155525 0.4829178 1.262715 -1.155525 0.4975278 2.407489 -1.155525 0.4829178 2.392869 -1.155525 0.4809177 2.390869 -1.157525 0.4809177 1.264715 -1.157525 -0.6372422 2.392869 -1.155525 -0.6352422 2.390869 -1.157525 -0.6352422 1.264715 -1.157525 -0.6518523 2.407489 -1.155525 0.4975278 2.407489 -1.152525 -0.6518523 2.407489 -1.152525 0.4975278 1.248105 -1.152525 -0.6518523 1.248105 -1.152525 -0.6538622 1.246105 -1.150525 -0.6538622 2.409489 -1.150525 0.4995277 1.246105 -1.150525 0.4995277 2.409489 -1.150525 0.5258379 2.435799 -1.150525 0.5258379 1.219795 -1.150525 -0.6801722 1.219795 -1.150525 -0.6801722 2.435799 -1.150525 -0.6821722 2.437799 -1.152525 -0.6821722 1.217795 -1.152525 0.5278378 2.437799 -1.152525 0.5278378 1.217795 -1.152525 0.5278378 1.217795 -1.198525 -0.6821722 1.217795 -1.198525 0.5278378 2.437799 -1.198525 -0.6821722 2.437799 -1.198525 0.5258379 2.435799 -1.200525 -0.6801722 2.435799 -1.200525 -0.6538622 2.409489 -1.200525 0.4995277 2.409489 -1.200525 0.4995277 1.246105 -1.200525 0.5258379 1.219795 -1.200525 -0.6801722 1.219795 -1.200525 -0.6538622 1.246105 -1.200525 -0.6518523 2.407489 -1.198525 -0.6518523 1.248105 -1.198525 0.4975278 2.407489 -1.198525 0.4975278 1.248105 -1.198525 0.4975278 1.248105 -1.185525 -0.6518523 1.248105 -1.185525 0.4975278 2.407489 -1.185525 -0.6518523 2.407489 -1.185525 -0.6372422 1.262715 -1.185525 -0.6372422 2.392869 -1.185525 -0.6352422 1.264715 -1.183525 -0.6352422 2.390869 -1.183525 0.4809177 1.264715 -1.183525 0.4829178 1.262715 -1.185525 0.4809177 2.390869 -1.183525 0.4829178 2.392869 -1.185525 -1.150022 2.432799 -1.757413 -1.147322 2.432799 -1.777913 -1.139412 2.432799 -1.797013 -1.126822 2.432799 -1.813413 -1.110422 2.432799 -1.826003 -1.091322 2.432799 -1.833913 -1.070822 2.432799 -1.836613 -1.050332 2.432799 -1.833913 -1.031232 2.432799 -1.826003 -1.014832 2.432799 -1.813413 -1.002242 2.432799 -1.797013 -0.9943322 2.432799 -1.777913 -0.9916322 2.432799 -1.757413 -0.9943322 2.432799 -1.736923 -1.002242 2.432799 -1.717823 -1.014832 2.432799 -1.701413 -1.031232 2.432799 -1.688833 -1.050332 2.432799 -1.680923 -1.070822 2.432799 -1.678223 -1.091322 2.432799 -1.680923 -1.110422 2.432799 -1.688833 -1.126822 2.432799 -1.701413 -1.139412 2.432799 -1.717823 -1.147322 2.432799 -1.736923 -1.150022 2.429799 -1.757413 -1.147322 2.429799 -1.777913 -1.147322 2.429799 -1.736923 -1.139412 2.429799 -1.717823 -1.126822 2.429799 -1.701413 -1.110422 2.429799 -1.688833 -1.091322 2.429799 -1.680923 -1.070822 2.429799 -1.678223 -1.050332 2.429799 -1.680923 -1.031232 2.429799 -1.688833 -1.014832 2.429799 -1.701413 -1.002242 2.429799 -1.717823 -0.9943322 2.429799 -1.736923 -0.9916322 2.429799 -1.757413 -0.9943322 2.429799 -1.777913 -1.002242 2.429799 -1.797013 -1.014832 2.429799 -1.813413 -1.031232 2.429799 -1.826003 -1.050332 2.429799 -1.833913 -1.070822 2.429799 -1.836613 -1.091322 2.429799 -1.833913 -1.110422 2.429799 -1.826003 -1.126822 2.429799 -1.813413 -1.139412 2.429799 -1.797013 -1.141162 2.427799 -1.798023 -1.149272 2.427799 -1.778433 -1.152042 2.427799 -1.757413 -1.149272 2.427799 -1.736393 -1.141162 2.427799 -1.716813 -1.128252 2.427799 -1.699993 -1.111432 2.427799 -1.687083 -1.091842 2.427799 -1.678973 -1.070822 2.427799 -1.676203 -1.049812 2.427799 -1.678973 -1.030222 2.427799 -1.687083 -1.013402 2.427799 -1.699993 -1.000492 2.427799 -1.716813 -0.9923822 2.427799 -1.736393 -0.9896122 2.427799 -1.757413 -0.9923822 2.427799 -1.778433 -1.000492 2.427799 -1.798023 -1.013402 2.427799 -1.814843 -1.030222 2.427799 -1.827743 -1.049812 2.427799 -1.835863 -1.070822 2.427799 -1.838623 -1.091842 2.427799 -1.835863 -1.111432 2.427799 -1.827743 -1.128252 2.427799 -1.814843 -1.140112 2.427799 -1.826703 -1.155682 2.427799 -1.806403 -1.155682 2.427799 -1.708423 -1.165472 2.427799 -1.732053 -1.165472 2.427799 -1.782773 -1.168822 2.427799 -1.757413 -1.167422 2.429799 -1.731533 -1.170822 2.429799 -1.757413 -1.170822 2.437799 -1.757413 -1.167422 2.437799 -1.731533 -1.167422 2.437799 -1.783293 -1.167422 2.429799 -1.783293 -1.157432 2.437799 -1.807413 -1.157432 2.429799 -1.807413 -1.141532 2.437799 -1.828123 -1.141532 2.429799 -1.828123 -1.120822 2.437799 -1.844013 -1.120822 2.429799 -1.844013 -1.096712 2.437799 -1.854003 -1.096712 2.429799 -1.854003 -1.070822 2.437799 -1.857413 -1.070822 2.429799 -1.857413 -1.044942 2.437799 -1.854003 -1.044942 2.429799 -1.854003 -1.020822 2.437799 -1.844013 -1.020822 2.429799 -1.844013 -1.000112 2.437799 -1.828123 -1.000112 2.429799 -1.828123 -0.9842222 2.437799 -1.807413 -0.9842222 2.429799 -1.807413 -0.9742322 2.437799 -1.783293 -0.9742322 2.429799 -1.783293 -0.9708222 2.437799 -1.757413 -0.9708222 2.429799 -1.757413 -0.9742322 2.437799 -1.731533 -0.9742322 2.429799 -1.731533 -0.9842222 2.437799 -1.707413 -0.9842222 2.429799 -1.707413 -1.000112 2.437799 -1.686703 -1.000112 2.429799 -1.686703 -1.020822 2.437799 -1.670813 -1.020822 2.429799 -1.670813 -1.044942 2.437799 -1.660823 -1.044942 2.429799 -1.660823 -1.070822 2.437799 -1.657413 -1.070822 2.429799 -1.657413 -1.096712 2.437799 -1.660823 -1.096712 2.429799 -1.660823 -1.120822 2.437799 -1.670813 -1.120822 2.429799 -1.670813 -1.141532 2.437799 -1.686703 -1.141532 2.429799 -1.686703 -1.157432 2.437799 -1.707413 -1.157432 2.429799 -1.707413 -1.140112 2.427799 -1.688133 -1.119822 2.427799 -1.672563 -1.096182 2.427799 -1.662773 -1.070822 2.427799 -1.659433 -1.045462 2.427799 -1.662773 -1.021832 2.427799 -1.672563 -1.001542 2.427799 -1.688133 -0.9859722 2.427799 -1.708423 -0.9859722 2.427799 -1.806403 -1.001542 2.427799 -1.826703 -1.021832 2.427799 -1.842273 -1.045462 2.427799 -1.852063 -1.070822 2.427799 -1.855393 -1.096182 2.427799 -1.852063 -1.119822 2.427799 -1.842273 -0.9761822 2.427799 -1.782773 -0.9728422 2.427799 -1.757413 -0.9761822 2.427799 -1.732053 -1.880167 0.6077948 1.229478 -1.880167 0.6077948 1.247478 -1.880167 1.207795 1.247478 -1.880167 1.207795 1.229478 -1.430172 0.6077948 1.229478 -1.430172 0.6077948 1.247478 -1.430172 1.207795 1.229478 -1.430172 1.207795 1.247478 -1.878167 1.205795 1.249478 -1.432172 1.205795 1.249478 -1.878167 0.6097947 1.249478 -1.432172 0.6097947 1.249478 -1.420172 0.6077948 1.229478 -1.420172 1.217795 1.229478 -1.880167 1.217795 1.229478 -0.6801722 1.217795 1.209478 0.5298278 1.217795 1.209478 0.5298278 2.437799 1.209478 1.719828 2.437799 1.209478 1.719828 -0.002205252 1.209478 -0.6801722 -0.002205252 1.209478 -1.880128 1.207795 -1.180525 -1.880128 1.207795 0.01943796 -1.880127 0.6077948 0.01943796 -1.880127 0.6077948 0.02943795 -1.880128 1.217795 0.02943795 -1.880128 1.217795 -1.180525 -1.898128 1.207795 -1.180525 -1.898128 1.207795 0.01943796 -1.880127 0.6077948 -1.180525 -1.898127 0.6077948 -1.180525 -1.898127 0.6077948 0.01943796 -1.900127 1.205795 0.01743799 -1.900127 0.6097947 0.01743799 -1.900127 1.205795 -1.178525 -1.900127 0.6097947 -1.178525 1.739798 1.217795 1.229478 0.5298278 1.217795 1.229478 0.5298278 0.6077948 1.229478 0.5398278 0.6077948 1.229478 0.5398278 1.207795 1.229478 1.739798 1.207795 1.229478 0.5398278 0.6077948 1.247478 0.5398278 1.207795 1.247478 1.739798 0.6077948 1.229478 1.739798 0.6077948 1.247478 1.739798 1.207795 1.247478 0.5418279 1.205795 1.249478 1.737798 1.205795 1.249478 0.5418279 0.6097947 1.249478 1.737798 0.6097947 1.249478 0.5298679 0.5977948 -1.180525 -0.6700922 0.5977948 -1.180525 -0.6700922 -0.002205252 -1.180525 -0.6800922 -0.002205252 -1.180525 -0.6800922 0.6077948 -1.180525 0.5298679 0.6077948 -1.180525 0.5298679 0.5977948 -1.198525 -0.6700922 0.5977948 -1.198525 0.5298679 -0.002205252 -1.180525 0.5298679 -0.002205252 -1.198525 -0.6700922 -0.002205252 -1.198525 -0.6680923 0.5957948 -1.200525 -0.6680923 -2.05278e-4 -1.200525 0.5278678 0.5957948 -1.200525 0.5278678 -2.05278e-4 -1.200525 -1.870167 2.390869 -0.02117192 -1.870167 2.390869 -1.106884 -1.870167 1.264715 -1.106884 -1.870167 1.264715 -0.02117192 -1.843237 2.390869 -1.170525 -0.7270922 2.390869 -1.170525 -0.7270922 1.264715 -1.170525 -1.843237 1.264715 -1.170525 0.5298679 1.207795 -1.180525 -0.6700922 1.207795 -1.180525 -0.6700922 0.6077948 -1.180525 -0.6800922 0.6077948 -1.180525 -0.6800922 1.217795 -1.180525 0.5298679 1.217795 -1.180525 0.5298679 1.207795 -1.198525 -0.6700922 1.207795 -1.198525 0.5298679 0.6077948 -1.180525 0.5298679 0.6077948 -1.198525 -0.6700922 0.6077948 -1.198525 -0.6680923 1.205795 -1.200525 -0.6680923 0.6097947 -1.200524 0.5278678 1.205795 -1.200525 0.5278678 0.6097947 -1.200524 1.739828 2.437799 -1.180525 1.739828 2.437799 0.02943795 1.739828 1.827799 0.02943795 1.739828 1.827799 0.01943796 1.739828 2.427799 0.01943796 1.739828 2.427799 -1.180525 1.757828 1.827799 0.01943796 1.757828 2.427799 0.01943796 1.739828 1.827799 -1.180525 1.757828 1.827799 -1.180525 1.757828 2.427799 -1.180525 1.759828 2.425799 0.01743799 1.759828 2.425799 -1.178525 1.759828 1.829799 0.01743799 1.759828 1.829799 -1.178525 -1.862328 1.264715 1.219478 -1.438008 1.264715 1.219478 -1.438008 2.390869 1.219478 -1.862328 2.390869 1.219478 -1.150022 2.432799 1.806368 -1.147322 2.432799 1.785878 -1.139412 2.432799 1.766778 -1.126822 2.432799 1.750368 -1.110422 2.432799 1.737788 -1.091322 2.432799 1.729878 -1.070822 2.432799 1.727178 -1.050332 2.432799 1.729878 -1.031232 2.432799 1.737788 -1.014832 2.432799 1.750368 -1.002242 2.432799 1.766778 -0.9943322 2.432799 1.785878 -0.9916322 2.432799 1.806368 -0.9943322 2.432799 1.826868 -1.002242 2.432799 1.845968 -1.014832 2.432799 1.862368 -1.031232 2.432799 1.874958 -1.050332 2.432799 1.882868 -1.070822 2.432799 1.885568 -1.091322 2.432799 1.882868 -1.110422 2.432799 1.874958 -1.126822 2.432799 1.862368 -1.139412 2.432799 1.845968 -1.147322 2.432799 1.826868 -1.150022 2.429799 1.806368 -1.147322 2.429799 1.785878 -1.147322 2.429799 1.826868 -1.139412 2.429799 1.845968 -1.126822 2.429799 1.862368 -1.110422 2.429799 1.874958 -1.091322 2.429799 1.882868 -1.070822 2.429799 1.885568 -1.050332 2.429799 1.882868 -1.031232 2.429799 1.874958 -1.014832 2.429799 1.862368 -1.002242 2.429799 1.845968 -0.9943322 2.429799 1.826868 -0.9916322 2.429799 1.806368 -0.9943322 2.429799 1.785878 -1.002242 2.429799 1.766778 -1.014832 2.429799 1.750368 -1.031232 2.429799 1.737788 -1.050332 2.429799 1.729878 -1.070822 2.429799 1.727178 -1.091322 2.429799 1.729878 -1.110422 2.429799 1.737788 -1.126822 2.429799 1.750368 -1.139412 2.429799 1.766778 -1.141162 2.427799 1.765768 -1.149272 2.427799 1.785348 -1.128252 2.427799 1.748948 -1.140112 2.427799 1.737088 -1.155682 2.427799 1.757378 -1.152042 2.427799 1.806368 -1.155682 2.427799 1.855358 -1.165472 2.427799 1.831728 -1.165472 2.427799 1.781008 -1.168822 2.427799 1.806368 -1.167422 2.429799 1.832248 -1.170822 2.429799 1.806368 -1.170822 2.437799 1.806368 -1.167422 2.437799 1.832248 -1.167422 2.437799 1.780488 -1.167422 2.429799 1.780488 -1.157432 2.437799 1.756368 -1.157432 2.429799 1.756368 -1.141532 2.437799 1.735658 -1.141532 2.429799 1.735658 -1.120822 2.437799 1.719768 -1.120822 2.429799 1.719768 -1.096712 2.437799 1.709778 -1.096712 2.429799 1.709778 -1.070822 2.437799 1.706368 -1.070822 2.429799 1.706368 -1.044942 2.437799 1.709778 -1.044942 2.429799 1.709778 -1.020822 2.437799 1.719768 -1.020822 2.429799 1.719768 -1.000112 2.437799 1.735658 -1.000112 2.429799 1.735658 -0.9842222 2.437799 1.756368 -0.9842222 2.429799 1.756368 -0.9742322 2.437799 1.780488 -0.9742322 2.429799 1.780488 -0.9708222 2.437799 1.806368 -0.9708222 2.429799 1.806368 -0.9742322 2.437799 1.832248 -0.9742322 2.429799 1.832248 -0.9842222 2.437799 1.856368 -0.9842222 2.429799 1.856368 -1.000112 2.437799 1.877078 -1.000112 2.429799 1.877078 -1.020822 2.437799 1.892968 -1.020822 2.429799 1.892968 -1.044942 2.437799 1.902958 -1.044942 2.429799 1.902958 -1.070822 2.437799 1.906368 -1.070822 2.429799 1.906368 -1.096712 2.437799 1.902958 -1.096712 2.429799 1.902958 -1.120822 2.437799 1.892968 -1.120822 2.429799 1.892968 -1.141532 2.437799 1.877078 -1.141532 2.429799 1.877078 -1.157432 2.437799 1.856368 -1.157432 2.429799 1.856368 -1.140112 2.427799 1.875658 -1.149272 2.427799 1.827388 -1.141162 2.427799 1.846978 -1.128252 2.427799 1.863798 -1.111432 2.427799 1.876698 -1.091842 2.427799 1.884818 -1.070822 2.427799 1.887578 -1.049812 2.427799 1.884818 -1.030222 2.427799 1.876698 -1.013402 2.427799 1.863798 -1.000492 2.427799 1.846978 -0.9923822 2.427799 1.827388 -0.9896122 2.427799 1.806368 -0.9923822 2.427799 1.785348 -1.000492 2.427799 1.765768 -1.013402 2.427799 1.748948 -1.030222 2.427799 1.736038 -1.049812 2.427799 1.727928 -1.070822 2.427799 1.725158 -1.091842 2.427799 1.727928 -1.111432 2.427799 1.736038 -1.119822 2.427799 1.721518 -1.096182 2.427799 1.711728 -1.070822 2.427799 1.708388 -1.045462 2.427799 1.711728 -1.021832 2.427799 1.721518 -1.001542 2.427799 1.737088 -0.9859722 2.427799 1.757378 -0.9761822 2.427799 1.781008 -0.9728422 2.427799 1.806368 -0.9761822 2.427799 1.831728 -0.9859722 2.427799 1.855358 -1.001542 2.427799 1.875658 -1.021832 2.427799 1.891228 -1.045462 2.427799 1.901018 -1.070822 2.427799 1.904348 -1.096182 2.427799 1.901018 -1.119822 2.427799 1.891228 1.739828 2.427799 -1.180525 0.5398679 2.427799 -1.180525 0.5398679 1.827799 -1.180525 0.5298679 1.827799 -1.180525 0.5298679 2.437799 -1.180525 1.739828 2.437799 -1.180525 1.739828 2.427799 -1.198525 0.5398679 2.427799 -1.198525 1.739828 1.827799 -1.180525 1.739828 1.827799 -1.198525 0.5398679 1.827799 -1.198525 0.5418677 2.425799 -1.200525 0.5418677 1.829799 -1.200525 1.737828 2.425799 -1.200525 1.737828 1.829799 -1.200525 1.739828 -0.002205252 1.229478 1.757828 -0.002205252 1.229478 1.757828 0.5977948 1.229478 1.739828 0.5977948 1.229478 1.739828 -0.002205252 0.02951806 1.757828 -0.002205252 0.02951806 1.739828 0.5977948 0.02951806 1.757828 0.5977948 0.02951806 1.759828 0.5957948 1.227478 1.759828 0.5957948 0.03151804 1.759828 -2.05278e-4 1.227478 1.759828 -2.05278e-4 0.03151804 1.739828 0.6077948 0.02951806 1.739828 0.6077948 1.229478 -0.6896122 2.287799 1.239478 -0.6896122 2.287799 1.247478 -1.410712 2.287799 1.247478 -1.410712 2.287799 1.239478 -0.6896122 2.437799 1.239478 -0.6896122 2.437799 1.247478 -1.410712 2.437799 1.239478 -1.410712 2.437799 1.247478 -1.408712 2.289799 1.249478 -1.408712 2.435799 1.249478 -0.6916123 2.289799 1.249478 -0.6916123 2.435799 1.249478 -1.880128 1.207795 1.229478 -1.898128 1.207795 1.229478 -1.898127 0.6077948 1.229478 -1.880127 0.6077948 1.229478 -1.880128 1.207795 0.02951806 -1.898128 1.207795 0.02951806 -1.880127 0.6077948 0.02951806 -1.898127 0.6077948 0.02951806 -1.900127 0.6097947 1.227478 -1.900127 0.6097947 0.03151804 -1.900127 1.205795 1.227478 -1.900127 1.205795 0.03151804 -1.880128 1.217795 1.229478 -1.880128 1.217795 0.02951806 -1.431692 1.248105 1.234478 -1.431692 1.248105 1.247478 -1.431692 2.407489 1.247478 -1.431692 2.407489 1.234478 -1.868637 1.248105 1.234478 -1.868637 1.248105 1.247478 -1.868637 2.407489 1.234478 -1.868637 2.407489 1.247478 -1.429692 2.409489 1.249478 -1.870637 2.409489 1.249478 -1.429692 1.246105 1.249478 -1.870637 1.246105 1.249478 -1.878167 2.435799 1.249478 -1.878167 1.219795 1.249478 -1.422172 1.219795 1.249478 -1.422172 2.435799 1.249478 -1.420172 1.217795 1.247478 -1.420172 2.437799 1.247478 -1.880167 1.217795 1.247478 -1.880167 2.437799 1.247478 -1.880167 2.437799 1.201478 -1.420172 2.437799 1.201478 -1.880167 1.217795 1.201478 -1.420172 1.217795 1.201478 -1.878167 1.219795 1.199478 -1.422172 1.219795 1.199478 -1.878167 2.435799 1.199478 -1.422172 2.435799 1.199478 -1.429692 1.246105 1.199478 -1.870637 1.246105 1.199478 -1.870637 2.409489 1.199478 -1.429692 2.409489 1.199478 -1.431692 1.248105 1.201478 -1.431692 2.407489 1.201478 -1.431692 2.407489 1.204478 -1.431692 1.248105 1.204478 -1.868637 2.407489 1.204478 -1.868637 2.407489 1.201478 -1.868637 1.248105 1.204478 -1.868637 1.248105 1.201478 -1.864327 1.262715 1.204478 -1.864327 2.392869 1.204478 -1.436007 2.392869 1.204478 -1.436007 1.262715 1.204478 -1.862327 1.264715 1.206478 -1.438008 1.264715 1.206478 -1.438008 1.264715 1.232478 -1.862327 1.264715 1.232478 -1.438008 2.390869 1.232478 -1.438008 2.390869 1.206478 -1.436007 1.262715 1.234478 -1.436007 2.392869 1.234478 -1.864327 1.262715 1.234478 -1.864327 2.392869 1.234478 -1.862327 2.390869 1.232478 -1.862327 2.390869 1.206478 -1.855167 1.248105 0.05395799 -1.855167 1.262715 1.157768 -1.855167 1.248105 1.171988 -1.855167 1.262715 0.06816798 -1.855167 2.407489 0.05395799 -1.855167 2.392869 0.06816798 -1.857167 2.390869 0.07011801 -1.857167 1.264715 0.07011801 -1.855167 2.392869 1.157768 -1.857167 2.390869 1.155828 -1.857167 1.264715 1.155828 -1.855167 2.407489 1.171988 -1.852167 2.407489 0.05395799 -1.852167 2.407489 1.171988 -1.852167 1.248105 0.05395799 -1.852167 1.248105 1.171988 -1.850167 1.246105 1.173938 -1.850167 2.409489 1.173938 -1.850167 1.246105 0.05200797 -1.850167 2.409489 0.05200797 -1.850167 2.435799 0.02641803 -1.850167 1.219795 0.02641803 -1.850167 1.219795 1.199528 -1.850167 2.435799 1.199528 -1.852167 2.437799 1.201478 -1.852167 1.217795 1.201478 -1.852167 2.437799 0.02447801 -1.852167 1.217795 0.02447801 -1.898167 1.217795 0.02447801 -1.898167 1.217795 1.201478 -1.898167 2.437799 0.02447801 -1.898167 2.437799 1.201478 -1.900168 2.435799 0.02641803 -1.900168 2.435799 1.199528 -1.900168 2.409489 1.173938 -1.900168 2.409489 0.05200797 -1.900167 1.246105 0.05200797 -1.900167 1.219795 0.02641803 -1.900167 1.219795 1.199528 -1.900167 1.246105 1.173938 -1.898167 2.407489 1.171988 -1.898167 1.248105 1.171988 -1.898167 2.407489 0.05395799 -1.898167 1.248105 0.05395799 -1.885167 1.248105 0.05395799 -1.885167 1.248105 1.171988 -1.885167 2.407489 0.05395799 -1.885167 2.407489 1.171988 -1.885167 1.262715 1.157768 -1.885167 2.392869 1.157768 -1.883167 1.264715 1.155828 -1.883167 2.390869 1.155828 -1.883167 1.264715 0.07011801 -1.885167 1.262715 0.06816798 -1.883167 2.390869 0.07011801 -1.885167 2.392869 0.06816798 -1.870167 2.390869 1.155828 -1.870167 2.390869 0.07011801 -1.870167 1.264715 0.07011801 -1.870167 1.264715 1.155828 -1.880167 -0.002205252 1.229478 -1.880167 -0.002205252 1.247478 -1.880167 0.5977948 1.247478 -1.880167 0.5977948 1.229478 -1.430172 -0.002205252 1.229478 -1.430172 -0.002205252 1.247478 -1.430172 0.5977948 1.229478 -1.430172 0.5977948 1.247478 -1.878167 0.5957948 1.249478 -1.432172 0.5957948 1.249478 -1.878167 -2.05278e-4 1.249478 -1.432172 -2.05278e-4 1.249478 -1.420172 -0.002205252 1.229478 -1.420172 0.6077948 1.229478 -1.880167 0.6077948 1.229478 1.709828 2.447799 -0.748525 1.709828 2.447799 -0.652525 1.709828 2.495799 -0.652525 1.709828 2.495799 -0.748525 1.707828 2.495799 -0.650525 1.707828 2.449799 -0.650525 1.707828 2.497799 -0.652525 1.707828 2.497799 -0.748525 -1.848167 2.497799 -0.652525 -1.848167 2.497799 -0.748525 -1.850167 2.495799 -0.652525 -1.850167 2.495799 -0.748525 -1.848167 2.495799 -0.650525 -1.848167 2.449799 -0.650525 1.709828 2.447799 -0.648525 -1.850167 2.447799 -0.648525 1.709828 2.447799 -0.552525 -1.850167 2.447799 -0.552525 -1.848167 2.449799 -0.550525 1.707828 2.449799 -0.550525 -1.850167 2.447799 -0.548525 -1.848167 2.495799 -0.550525 -1.850167 2.495799 -0.548525 -1.848167 2.497799 -0.548525 -1.848167 2.497799 -0.4525249 -1.850167 2.495799 -0.4525249 1.707828 2.497799 -0.4525249 1.707828 2.497799 -0.548525 1.707828 2.495799 -0.4505249 -1.848167 2.495799 -0.4505249 1.709828 2.495799 -0.4525249 1.709828 2.495799 -0.548525 1.707828 2.495799 -0.550525 1.709828 2.447799 -0.548525 1.709828 2.447799 -0.4525249 1.707828 2.449799 -0.4505249 1.709828 2.447799 -0.4485249 -1.850167 2.447799 -0.4485249 -1.848167 2.449799 -0.4505249 -1.850167 2.447799 -0.3525249 1.709828 2.447799 -0.3525249 -1.848167 2.449799 -0.3505249 1.707828 2.449799 -0.3505249 -1.850167 2.447799 -0.348522 -1.848167 2.495799 -0.3505249 -1.850167 2.495799 -0.348522 -1.848167 2.497799 -0.348522 -1.848167 2.497799 -0.2525219 -1.850167 2.495799 -0.2525219 1.707828 2.497799 -0.348522 1.707828 2.497799 -0.2525219 1.709828 2.495799 -0.348522 1.709828 2.495799 -0.2525219 1.707828 2.495799 -0.3505249 1.709828 2.447799 -0.348522 1.709828 2.447799 -0.2525219 1.707828 2.495799 -0.2505219 1.707828 2.449799 -0.2505219 -1.848167 2.495799 -0.2505219 -1.848167 2.449799 -0.2505219 1.709828 2.447799 -0.2485219 -1.850167 2.447799 -0.2485219 -1.850167 2.447799 -0.152522 1.709828 2.447799 -0.152522 -1.848167 2.449799 -0.1505219 1.707828 2.449799 -0.1505219 -1.850167 2.447799 -0.1485219 -1.848167 2.495799 -0.1505219 -1.850167 2.495799 -0.1485219 -1.848167 2.497799 -0.1485219 -1.848167 2.497799 -0.05252194 -1.850167 2.495799 -0.05252194 1.707828 2.497799 -0.1485219 1.707828 2.497799 -0.05252194 1.709828 2.495799 -0.1485219 1.709828 2.495799 -0.05252194 1.707828 2.495799 -0.1505219 1.709828 2.447799 -0.1485219 1.709828 2.447799 -0.05252194 1.707828 2.495799 -0.05052196 1.707828 2.449799 -0.05052196 -1.848167 2.495799 -0.05052196 -1.848167 2.449799 -0.05052196 1.709828 2.447799 -0.04852187 -1.850167 2.447799 -0.04852187 -1.850167 2.447799 0.04747802 1.709828 2.447799 0.04747802 -1.848167 2.449799 0.04947799 1.707828 2.449799 0.04947799 -1.850167 2.447799 0.05147796 -1.848167 2.495799 0.04947799 -1.850167 2.495799 0.05147796 -1.848167 2.497799 0.05147796 -1.848167 2.497799 0.1474781 -1.850167 2.495799 0.1474781 1.707828 2.497799 0.05147796 1.707828 2.497799 0.1474781 1.707828 2.495799 0.04947799 1.709828 2.447799 0.05147796 1.709828 2.495799 0.05147796 1.709828 2.447799 0.1474781 1.709828 2.495799 0.1474781 1.707828 2.495799 0.149478 1.707828 2.449799 0.149478 -1.848167 2.495799 0.149478 -1.848167 2.449799 0.149478 -1.850167 2.447799 0.1474781 -1.850167 2.447799 0.151478 1.709828 2.447799 0.151478 -1.850167 2.447799 0.2474781 1.709828 2.447799 0.2474781 -1.848167 2.449799 0.2494781 1.707828 2.449799 0.2494781 -1.850167 2.447799 0.251478 -1.848167 2.495799 0.2494781 -1.850167 2.495799 0.251478 -1.848167 2.497799 0.251478 -1.848167 2.497799 0.347478 -1.850167 2.495799 0.347478 1.707828 2.497799 0.251478 1.707828 2.497799 0.347478 1.707828 2.495799 0.2494781 1.709828 2.447799 0.251478 1.709828 2.495799 0.251478 1.709828 2.447799 0.347478 1.709828 2.495799 0.347478 1.707828 2.495799 0.3494781 1.707828 2.449799 0.3494781 -1.848167 2.495799 0.3494781 -1.848167 2.449799 0.3494781 -1.850167 2.447799 0.347478 -1.850167 2.447799 0.351478 1.709828 2.447799 0.351478 1.709828 2.447799 0.447478 -1.850167 2.447799 0.447478 -1.848167 2.449799 0.449478 1.707828 2.449799 0.449478 -1.850167 2.447799 0.4514781 -1.848167 2.495799 0.449478 -1.850167 2.495799 0.4514781 -1.848167 2.497799 0.4514781 -1.848167 2.497799 0.547478 -1.850167 2.495799 0.547478 1.707828 2.497799 0.547478 1.707828 2.497799 0.4514781 1.707828 2.495799 0.549478 -1.848167 2.495799 0.549478 1.709828 2.495799 0.547478 1.709828 2.495799 0.4514781 1.707828 2.495799 0.449478 1.709828 2.447799 0.4514781 1.709828 2.447799 0.547478 1.707828 2.449799 0.549478 1.709828 2.447799 0.551478 -1.850167 2.447799 0.551478 -1.848167 2.449799 0.549478 1.709828 2.447799 0.6474781 -1.850167 2.447799 0.6474781 -1.848167 2.449799 0.649478 1.707828 2.449799 0.649478 -1.850167 2.447799 0.6514781 -1.848167 2.495799 0.649478 -1.850167 2.495799 0.6514781 -1.848167 2.497799 0.6514781 -1.848167 2.497799 0.7474781 -1.850167 2.495799 0.7474781 1.707828 2.497799 0.6514781 1.707828 2.497799 0.7474781 1.709828 2.495799 0.6514781 1.709828 2.495799 0.7474781 1.707828 2.495799 0.649478 1.709828 2.447799 0.6514781 1.709828 2.447799 0.7474781 1.707828 2.495799 0.7494779 1.707828 2.449799 0.7494779 -1.848167 2.495799 0.7494779 -1.848167 2.449799 0.7494779 -1.850167 2.447799 0.7474781 -1.850167 2.447799 0.751478 1.709828 2.447799 0.751478 -1.850167 2.447799 0.847478 1.709828 2.447799 0.847478 -1.848167 2.449799 0.8494781 1.707828 2.449799 0.8494781 -1.850167 2.447799 0.8514779 -1.848167 2.495799 0.8494781 -1.850167 2.495799 0.8514779 -1.848167 2.497799 0.8514779 -1.848167 2.497799 0.9474781 -1.850167 2.495799 0.9474781 1.707828 2.497799 0.8514779 1.707828 2.497799 0.9474781 1.707828 2.495799 0.8494781 1.709828 2.447799 0.8514779 1.709828 2.495799 0.8514779 1.709828 2.447799 0.9474781 1.709828 2.495799 0.9474781 1.707828 2.495799 0.949478 1.707828 2.449799 0.949478 -1.848167 2.495799 0.949478 -1.848167 2.449799 0.949478 1.709828 2.447799 0.9514781 -1.850167 2.447799 0.9514781 -1.850167 2.447799 1.047478 1.709828 2.447799 1.047478 -1.848167 2.449799 1.049478 1.707828 2.449799 1.049478 -1.850167 2.447799 1.051478 -1.848167 2.495799 1.049478 -1.850167 2.495799 1.051478 -1.848167 2.497799 1.051478 -1.848167 2.497799 1.147478 -1.850167 2.495799 1.147478 1.707828 2.497799 1.051478 1.707828 2.497799 1.147478 1.707828 2.495799 1.049478 1.709828 2.447799 1.051478 1.709828 2.495799 1.051478 1.709828 2.447799 1.147478 1.709828 2.495799 1.147478 1.707828 2.495799 1.149478 1.707828 2.449799 1.149478 -1.848167 2.495799 1.149478 -1.848167 2.449799 1.149478 1.709828 2.447799 1.151478 -1.850167 2.447799 1.151478 -1.850167 2.447799 1.199478 1.709828 2.447799 1.199478 -1.850167 2.447799 1.147478 -1.850167 2.447799 0.9474781 -1.850167 2.447799 0.547478 -1.850167 2.447799 -0.05252194 -1.850167 2.447799 -0.2525219 -1.850167 2.447799 -0.4525249 -1.850167 2.447799 -0.652525 -1.850167 2.447799 -0.748525 -1.848167 2.495799 -0.750525 -1.848167 2.449799 -0.750525 1.707828 2.495799 -0.750525 1.707828 2.449799 -0.750525 -1.850167 2.447799 -0.752525 1.709828 2.447799 -0.752525 1.709828 2.447799 -0.848525 -1.850167 2.447799 -0.848525 -1.848167 2.449799 -0.850525 1.707828 2.449799 -0.850525 -1.850167 2.447799 -0.852525 -1.848167 2.495799 -0.850525 -1.850167 2.495799 -0.852525 1.707828 2.495799 -0.850525 -1.848167 2.497799 -0.852525 1.707828 2.497799 -0.852525 -1.848167 2.497799 -0.948525 1.707828 2.497799 -0.948525 -1.850167 2.495799 -0.948525 -1.850167 2.447799 -0.948525 -1.848167 2.495799 -0.950525 -1.848167 2.449799 -0.950525 1.707828 2.495799 -0.950525 1.707828 2.449799 -0.950525 -1.850167 2.447799 -0.952525 1.709828 2.447799 -0.952525 1.709828 2.447799 -1.048525 -1.850167 2.447799 -1.048525 -1.848167 2.449799 -1.050525 1.707828 2.449799 -1.050525 -1.850167 2.447799 -1.052525 -1.848167 2.495799 -1.050525 -1.850167 2.495799 -1.052525 1.707828 2.495799 -1.050525 -1.848167 2.497799 -1.052525 1.707828 2.497799 -1.052525 -1.848167 2.497799 -1.148525 1.707828 2.497799 -1.148525 -1.850167 2.495799 -1.148525 -1.850167 2.447799 -1.148525 -1.848167 2.447799 -1.150525 -1.848167 2.495799 -1.150525 -1.850167 2.447799 -1.150525 1.707828 2.447799 -1.150525 1.707828 2.495799 -1.150525 1.709828 2.447799 -1.148525 1.709828 2.495799 -1.148525 1.709828 2.447799 -1.052525 1.709828 2.495799 -1.052525 1.709828 2.447799 -1.150525 1.709828 2.447799 -0.948525 1.709828 2.495799 -0.948525 1.709828 2.447799 -0.852525 1.709828 2.495799 -0.852525 1.739798 1.827799 1.229478 0.5298278 1.827799 1.229478 0.5298278 1.217795 1.229478 0.5398278 1.217795 1.229478 0.5398278 1.817799 1.229478 1.739798 1.817799 1.229478 0.5398278 1.217795 1.247478 0.5398278 1.817799 1.247478 1.739798 1.217795 1.229478 1.739798 1.217795 1.247478 1.739798 1.817799 1.247478 0.5418279 1.815799 1.249478 1.737798 1.815799 1.249478 0.5418279 1.219795 1.249478 1.737798 1.219795 1.249478 0.9557078 2.437799 -1.660823 0.9557078 2.429799 -1.660823 0.9798279 2.429799 -1.670813 0.9798279 2.437799 -1.670813 0.9298277 2.437799 -1.657413 0.9298277 2.429799 -1.657413 0.9039478 2.437799 -1.660823 0.9039478 2.429799 -1.660823 0.8798277 2.437799 -1.670813 0.8798277 2.429799 -1.670813 0.8591178 2.437799 -1.686703 0.8591178 2.429799 -1.686703 0.8432279 2.437799 -1.707413 0.8432279 2.429799 -1.707413 0.8332379 2.437799 -1.731533 0.8332379 2.429799 -1.731533 0.8298278 2.437799 -1.757413 0.8298278 2.429799 -1.757413 0.8332379 2.437799 -1.783293 0.8332379 2.429799 -1.783293 0.8432279 2.437799 -1.807413 0.8432279 2.429799 -1.807413 0.8591178 2.437799 -1.828123 0.8591178 2.429799 -1.828123 0.8798277 2.437799 -1.844013 0.8798277 2.429799 -1.844013 0.9039478 2.437799 -1.854003 0.9039478 2.429799 -1.854003 0.9298277 2.437799 -1.857413 0.9298277 2.429799 -1.857413 0.9557078 2.437799 -1.854003 0.9557078 2.429799 -1.854003 0.9798279 2.437799 -1.844013 0.9798279 2.429799 -1.844013 1.000538 2.437799 -1.828123 1.000538 2.429799 -1.828123 1.016428 2.437799 -1.807413 1.016428 2.429799 -1.807413 1.026418 2.437799 -1.783293 1.026418 2.429799 -1.783293 1.029828 2.437799 -1.757413 1.029828 2.429799 -1.757413 1.026418 2.437799 -1.731533 1.026418 2.429799 -1.731533 1.016428 2.437799 -1.707413 1.016428 2.429799 -1.707413 1.000538 2.437799 -1.686703 1.000538 2.429799 -1.686703 0.9788177 2.427799 -1.672563 0.9551878 2.427799 -1.662773 0.9298277 2.427799 -1.659433 0.9044678 2.427799 -1.662773 0.8808379 2.427799 -1.672563 0.8605478 2.427799 -1.688133 0.8449779 2.427799 -1.708423 0.8351879 2.427799 -1.732053 0.8318479 2.427799 -1.757413 0.8351879 2.427799 -1.782773 0.8449779 2.427799 -1.806403 0.8605478 2.427799 -1.826703 0.8808379 2.427799 -1.842273 0.9044678 2.427799 -1.852063 0.9298277 2.427799 -1.855393 0.9551878 2.427799 -1.852063 0.9788177 2.427799 -1.842273 0.9991179 2.427799 -1.826703 1.014688 2.427799 -1.806403 1.024478 2.427799 -1.782773 1.027808 2.427799 -1.757413 1.024478 2.427799 -1.732053 1.014688 2.427799 -1.708423 0.9991179 2.427799 -1.688133 0.9872577 2.427799 -1.699993 0.9704378 2.427799 -1.687083 0.9508479 2.427799 -1.678973 0.9298277 2.427799 -1.676203 0.9088078 2.427799 -1.678973 0.8892279 2.427799 -1.687083 0.8724079 2.427799 -1.699993 0.8594978 2.427799 -1.716813 0.8513877 2.427799 -1.736393 0.8486178 2.427799 -1.757413 0.8513877 2.427799 -1.778433 0.8594978 2.427799 -1.798023 0.8724079 2.427799 -1.814843 0.8892279 2.427799 -1.827743 0.9088078 2.427799 -1.835863 0.9298277 2.427799 -1.838623 0.9508479 2.427799 -1.835863 0.9704378 2.427799 -1.827743 0.9872577 2.427799 -1.814843 1.000158 2.427799 -1.798023 1.008278 2.427799 -1.778433 1.011038 2.427799 -1.757413 1.008278 2.427799 -1.736393 1.000158 2.427799 -1.716813 0.9984179 2.429799 -1.717823 1.006328 2.429799 -1.736923 1.006328 2.432799 -1.736923 0.9984179 2.432799 -1.717823 1.009028 2.432799 -1.757413 1.009028 2.429799 -1.757413 1.006328 2.432799 -1.777913 1.006328 2.429799 -1.777913 0.9984179 2.432799 -1.797013 0.9984179 2.429799 -1.797013 0.9858277 2.432799 -1.813413 0.9858277 2.429799 -1.813413 0.9694278 2.432799 -1.826003 0.9694278 2.429799 -1.826003 0.9503279 2.432799 -1.833913 0.9503279 2.429799 -1.833913 0.9298277 2.432799 -1.836613 0.9298277 2.429799 -1.836613 0.9093378 2.432799 -1.833913 0.9093378 2.429799 -1.833913 0.8902378 2.432799 -1.826003 0.8902378 2.429799 -1.826003 0.8738277 2.432799 -1.813413 0.8738277 2.429799 -1.813413 0.8612478 2.432799 -1.797013 0.8612478 2.429799 -1.797013 0.8533378 2.432799 -1.777913 0.8533378 2.429799 -1.777913 0.8506379 2.432799 -1.757413 0.8506379 2.429799 -1.757413 0.8533378 2.432799 -1.736923 0.8533378 2.429799 -1.736923 0.8612478 2.432799 -1.717823 0.8612478 2.429799 -1.717823 0.8738277 2.432799 -1.701413 0.8738277 2.429799 -1.701413 0.8902378 2.432799 -1.688833 0.8902378 2.429799 -1.688833 0.9093378 2.432799 -1.680923 0.9093378 2.429799 -1.680923 0.9298277 2.432799 -1.678223 0.9298277 2.429799 -1.678223 0.9503279 2.432799 -1.680923 0.9503279 2.429799 -1.680923 0.9694278 2.432799 -1.688833 0.9694278 2.429799 -1.688833 0.9858277 2.432799 -1.701413 0.9858277 2.429799 -1.701413 -1.880167 1.217795 -1.180525 -0.6801722 1.217795 -1.180525 -0.6801722 1.207795 -1.180525 -1.880127 1.207795 -1.180525 -0.6801722 1.207795 -1.198525 -1.880127 1.207795 -1.198525 -0.6801722 0.6077948 -1.180525 -0.6801722 0.6077948 -1.198525 -1.880127 0.6077948 -1.180525 -1.880127 0.6077948 -1.198525 -1.878128 1.205795 -1.200525 -1.878128 0.6097947 -1.200525 -0.6821722 1.205795 -1.200525 -0.6821722 0.6097947 -1.200525 -2.363043 2.627799 -2.065401 2.222708 2.627799 -2.065401 2.222708 2.745789 -2.065401 -2.363043 2.745789 -2.065401 2.224708 2.627799 -2.063401 2.224708 2.745789 -2.063401 2.224708 2.627789 2.112358 2.224708 2.745789 2.112358 2.222708 2.627789 2.114358 2.222708 2.745789 2.114358 -2.363043 2.627789 2.114358 -2.363043 2.745789 2.114358 -2.365043 2.627789 2.112358 -2.365043 2.745789 2.112358 -2.365043 2.627799 -2.063401 -2.365043 2.745789 -2.063401 -2.367043 2.747789 -2.0674 2.226708 2.747789 -2.0674 2.257828 2.747789 -2.098525 -2.398167 2.747789 -2.098525 -2.367043 2.747789 2.116358 -2.398167 2.747789 2.147478 2.257828 2.747789 2.147478 -2.398167 2.745789 2.149478 2.257828 2.745789 2.149478 -2.400167 2.745789 2.147478 -2.400167 2.745789 -2.098525 -2.398167 2.745789 -2.100525 2.257828 2.745789 -2.100525 2.259828 2.745789 -2.098525 2.259828 2.745789 2.147478 2.226708 2.747789 2.116358 2.259828 2.429789 2.147478 2.257828 2.429789 2.149478 2.259828 2.429799 -2.098525 2.257828 2.429799 -2.100525 -2.398167 2.429799 -2.100525 2.257828 2.427799 -2.098525 -2.398167 2.427799 -2.098525 -2.359059 2.427799 -2.059417 -2.398167 2.427789 2.147478 -2.359059 2.427789 2.108368 2.257828 2.427789 2.147478 2.218728 2.427789 2.108368 -2.355059 2.429789 2.106368 2.214728 2.429789 2.106368 -2.357059 2.429789 2.104368 -2.357059 2.429799 -2.055417 -2.355059 2.429799 -2.057416 2.218728 2.427799 -2.059417 2.214728 2.429799 -2.057416 -2.398167 2.429789 2.149478 -2.400167 2.429789 2.147478 -2.400167 2.429799 -2.098525 2.216728 2.429789 2.104368 2.216728 2.429799 -2.055417 2.214728 2.437789 2.106368 2.216728 2.437789 2.104368 -2.355059 2.437789 2.106368 -2.357059 2.437789 2.104368 -2.357059 2.437799 -2.055417 -2.355059 2.437799 -2.057416 2.214728 2.437799 -2.057416 2.216728 2.437799 -2.055417 0.5298278 2.437799 -1.160524 0.5298278 1.217795 -1.160525 -1.880167 1.217795 -1.160525 -1.880167 -0.002205252 -1.160525 1.719828 -0.002205252 -1.160525 1.719828 2.437799 -1.160524 1.739828 1.217795 1.229478 1.757828 1.217795 1.229478 1.757828 1.817799 1.229478 1.739828 1.817799 1.229478 1.739828 1.217795 0.02951806 1.757828 1.217795 0.02951806 1.739828 1.817799 0.02951806 1.757828 1.817799 0.02951806 1.759828 1.815799 1.227478 1.759828 1.815799 0.03151804 1.759828 1.219795 1.227478 1.759828 1.219795 0.03151804 1.739828 1.827799 0.02951806 1.739828 1.827799 1.229478 -1.880127 0.5977948 -1.180525 -1.880127 0.5977948 0.01943796 -1.880127 -0.002205252 0.01943796 -1.880127 -0.002205252 0.02943795 -1.880127 0.6077948 0.02943795 -1.880127 0.6077948 -1.180525 -1.898127 0.5977948 -1.180525 -1.898127 0.5977948 0.01943796 -1.880127 -0.002205252 -1.180525 -1.898127 -0.002205252 -1.180525 -1.898127 -0.002205252 0.01943796 -1.900127 0.5957948 0.01743799 -1.900127 -2.05278e-4 0.01743799 -1.900127 0.5957948 -1.178525 -1.900127 -2.05278e-4 -1.178525 -0.6499022 1.248105 1.204478 -0.6352822 1.262715 1.204478 0.4994879 1.248105 1.204478 -0.6499022 2.407489 1.204478 -0.6499022 1.248105 1.201478 -0.6499022 2.407489 1.201478 0.4994879 1.248105 1.201478 0.4994879 2.407489 1.204478 0.4994879 2.407489 1.201478 -0.6519022 2.409489 1.199478 0.5014877 2.409489 1.199478 -0.6519022 1.246105 1.199478 0.5014877 1.246105 1.199478 0.5277977 2.435799 1.199478 0.5277977 1.219795 1.199478 -0.6782122 1.219795 1.199478 -0.6782122 2.435799 1.199478 -0.6802123 1.217795 1.201478 -0.6802123 2.437799 1.201478 -0.6802123 2.437799 1.247478 -0.6802123 1.217795 1.247478 0.5297978 2.437799 1.247478 0.5297978 2.437799 1.201478 -0.6782122 2.435799 1.249478 0.5277977 2.435799 1.249478 -0.6782122 1.219795 1.249478 0.5297978 1.217795 1.247478 0.5277977 1.219795 1.249478 0.5297978 1.217795 1.201478 0.5014877 1.246105 1.249478 -0.6519022 1.246105 1.249478 -0.6519022 2.409489 1.249478 -0.6499022 1.248105 1.247478 -0.6499022 2.407489 1.247478 -0.6499022 2.407489 1.234478 -0.6499022 1.248105 1.234478 0.4994879 2.407489 1.234478 0.4994879 2.407489 1.247478 0.4994879 1.248105 1.234478 0.4994879 1.248105 1.247478 0.5014877 2.409489 1.249478 0.4848778 1.262715 1.234478 0.4848778 2.392869 1.234478 -0.6352822 2.392869 1.234478 -0.6352822 1.262715 1.234478 -0.6332822 1.264715 1.232478 0.4828777 1.264715 1.232478 -0.6332822 2.390869 1.232478 0.4828777 2.390869 1.232478 -0.6332822 2.390869 1.206478 0.4828777 2.390869 1.206478 -0.6332822 1.264715 1.206478 0.4828777 1.264715 1.206478 0.4848778 1.262715 1.204478 0.4848778 2.392869 1.204478 -0.6352822 2.392869 1.204478 -0.6332722 1.264715 1.219478 0.4828777 1.264715 1.219478 0.4828777 2.390869 1.219478 -0.6332722 2.390869 1.219478 1.739828 1.217795 -1.180525 1.739828 1.217795 0.02943795 1.739828 0.6077948 0.02943795 1.739828 0.6077948 0.01943796 1.739828 1.207795 0.01943796 1.739828 1.207795 -1.180525 1.757828 0.6077948 0.01943796 1.757828 1.207795 0.01943796 1.739828 0.6077948 -1.180525 1.757828 0.6077948 -1.180525 1.757828 1.207795 -1.180525 1.759828 1.205795 0.01743799 1.759828 1.205795 -1.178525 1.759828 0.6097947 0.01743799 1.759828 0.6097947 -1.178525 -1.418162 -0.002205252 1.244478 -0.6821522 -0.002205252 1.244478 -0.6821522 0.09579467 1.244478 -1.418162 0.09579467 1.244478 -0.6801522 -0.002205252 1.242478 -0.6801522 0.09579467 1.242478 -0.6801522 -0.002205252 1.199478 -0.6801522 0.09579467 1.199478 -0.6821522 0.09779477 1.199478 -0.6821522 0.09779477 1.242478 -1.418162 0.09779477 1.199478 -1.418162 0.09779477 1.242478 -0.6821522 0.09779477 1.209478 1.719828 0.09779477 1.209478 1.719828 0.09779477 -1.160525 -1.850157 0.09779477 -1.160525 -1.850157 0.09779477 1.209478 -1.418162 0.09779477 1.209478 -1.420162 0.09579467 1.199478 -1.420162 0.09579467 1.242478 -1.420162 -0.002205252 1.199478 -1.420162 -0.002205252 1.242478 0.5297978 1.217795 1.229478 -0.6801722 1.217795 1.229478 -0.6801722 0.6077948 1.229478 -0.6701722 0.6077948 1.229478 -0.6701722 1.207795 1.229478 0.5297978 1.207795 1.229478 -0.6701722 0.6077948 1.247478 -0.6701722 1.207795 1.247478 0.5297978 0.6077948 1.229478 0.5297978 0.6077948 1.247478 0.5297978 1.207795 1.247478 -0.6681722 1.205795 1.249478 0.5277977 1.205795 1.249478 -0.6681722 0.6097947 1.249478 0.5277977 0.6097947 1.249478 1.739828 0.5977948 -1.180525 0.5398679 0.5977948 -1.180525 0.5398679 -0.002205252 -1.180525 0.5298679 -0.002205252 -1.180525 0.5298679 0.6077948 -1.180525 1.739828 0.6077948 -1.180525 1.739828 0.5977948 -1.198525 0.5398679 0.5977948 -1.198525 1.739828 -0.002205252 -1.180525 1.739828 -0.002205252 -1.198525 0.5398679 -0.002205252 -1.198525 0.5418677 0.5957948 -1.200525 0.5418677 -2.05278e-4 -1.200525 1.737828 0.5957948 -1.200525 1.737828 -2.05278e-4 -1.200525</float_array>
          <technique_common>
            <accessor source="#Mesh12_Group10_Group3_Group1_Model-mesh-positions-array" count="1802" stride="3">
              <param name="X" type="float"/>
              <param name="Y" type="float"/>
              <param name="Z" type="float"/>
            </accessor>
          </technique_common>
        </source>
        <source id="Mesh12_Group10_Group3_Group1_Model-mesh-normals">
          <float_array id="Mesh12_Group10_Group3_Group1_Model-mesh-normals-array" count="6492">1 0 0 0 0 1 0 -1 0 0 0 -1 0 1 0 0.7071029 0.7071107 0 0.7071941 0.7070195 0 0.7071943 0.7070193 0 0.7071275 0 0.7070862 0.7071281 0 0.7070856 0.707128 0 0.7070856 0.707103 -0.7071107 0 0.7071941 -0.7070195 0 0.7071943 -0.7070193 0 0.7071559 0 -0.7070578 0.7070974 0 -0.7071162 0.7070971 0 -0.7071165 -1 0 0 -4.25778e-6 -1 -2.28226e-6 -1.30136e-6 -1 -1.11579e-6 2.0123e-6 -1 -1.70509e-6 2.01234e-6 -1 -1.43741e-6 1.3961e-6 -1 -8.06369e-7 -1.30136e-6 -1 -8.84306e-7 -4.25785e-6 -1 -2.19341e-6 1.39609e-6 -1 -1.05871e-6 -0.7073128 -0.7069008 0 -0.7072671 -0.7069466 0 -0.7072669 -0.7069467 0 -1 -1.53484e-6 0 -1 -1.81002e-6 0 -1 -2.00691e-6 0 -0.7071021 0.7071115 0 -0.7071256 0.7070881 0 -0.707102 0.7071115 0 -0.707289 0 0.7069245 -0.7071124 -1.09955e-6 0.7071012 -0.7071116 -1.10501e-6 0.707102 -0.7071278 0 -0.7070857 -0.7072964 -1.09979e-6 -0.7069172 -0.7072972 -1.10525e-6 -0.7069164 -1 4.21797e-7 -7.90537e-7 -1 7.90538e-5 0 -1 7.94756e-5 0 -0.7071223 0 -0.7070913 -0.7071137 0 -0.7070999 -0.7071137 0 -0.7071 0 0.7071176 -0.707096 0 0.7070534 -0.7071602 0 0.7070533 -0.7071603 0.7071223 0 -0.7070913 0.7071137 0 -0.7070999 0.7071137 0 -0.7071 0 -0.7070825 -0.7071312 0 -0.7070844 -0.7071292 1 3.44763e-6 0 1 -3.81335e-6 0 1 -3.94387e-6 0 1 3.48961e-6 0 1 1.13692e-5 0 1 1.09757e-5 0 0.7167873 0 0.697292 0.7168297 3.46459e-7 0.6972483 0.7167868 -1.2666e-7 0.6972925 0.7071083 -0.7071053 0 0.7071343 -0.7070794 0 0.7071343 -0.7070793 0 0.7167654 -1.05333e-6 -0.6973144 0.7167665 -5.2806e-7 -0.6973133 0.7167665 1.30107e-6 -0.6973133 1 -1.09264e-5 0 1 -1.08116e-5 0 0.7169305 -6.25906e-7 -0.6971448 0.7169304 3.53175e-7 -0.6971448 0.7169304 -7.85105e-7 -0.6971448 0.7072251 0.7069885 0 0.7071232 0.7070905 0 0.7071231 0.7070906 0 0.7168444 -2.30037e-7 0.6972332 0.716868 -9.0152e-7 0.697209 0.7168683 -2.30793e-7 0.6972086 1 1.41351e-6 0 1 -1.50557e-6 0 1 1.47388e-6 0 1 -1.46169e-6 0 1 1.1734e-6 0 1 1.2283e-6 0 1 -1.20523e-6 0 0.716797 -2.02935e-6 0.697282 0.7167965 1.70805e-6 0.6972824 0.7167965 1.17321e-6 0.6972824 0.7071918 0.7070217 0 0.7071945 0.7070192 0 0.7071919 0.7070218 0 0.7168518 -3.10381e-7 -0.6972256 0.7168191 0 -0.6972592 0.7168517 -2.0545e-6 -0.6972258 0.707153 -0.7070606 0 0.707145 -0.7070686 0 -0.707216 0.7069976 0 -0.70712 0.7070936 0 -0.7071198 0.7070938 0 -1 -1.3038e-6 0 -1 -1.9133e-6 0 -1 -1.96528e-6 0 -1 -1.25464e-6 0 -1 1.2078e-6 0 -1 1.22824e-6 0 -0.7167769 0 -0.6973026 -0.7167441 -7.07805e-7 -0.6973363 -0.7167438 -8.91751e-7 -0.6973366 -0.707057 -0.7071565 0 -0.7071322 -0.7070814 0 -0.7070568 -0.7071567 0 -0.7167555 -1.73363e-6 0.6973246 -0.716755 1.033e-6 0.6973252 -0.7167555 -3.00724e-6 0.6973246 -1 2.00739e-6 0 -1 2.03124e-6 0 -0.7168555 1.2666e-7 -0.6972219 -0.7168555 0 -0.6972218 -0.7168555 -5.70964e-7 -0.6972218 -0.7071078 -0.7071058 0 -0.70708 -0.7071336 0 -0.70708 -0.7071337 0 -0.7168156 -3.32463e-7 0.6972628 -0.716786 -4.61251e-7 0.6972933 -0.7168158 0 0.6972626 -0.7071499 0.7070637 0 -0.7071222 0.7070914 0 -0.70715 0.7070636 0 -1 3.47897e-7 0 -1 -3.49009e-7 0 -1 -4.45331e-7 0 -1 3.70138e-7 0 -0.716807 -1.30798e-6 -0.6972716 -0.716808 0 -0.6972706 -0.716807 5.13159e-7 -0.6972716 -0.7071105 0.7071031 0 -0.7071235 0.7070901 0 -0.7071236 0.7070901 0 -0.7168287 6.24917e-7 0.6972494 -0.7168713 0 0.6972056 -0.7168713 0 0.6972056 0.7070872 0.7071264 0 0.7071132 0.7071004 0 0.7070872 0.7071264 0 -0.7071316 -0.707082 0 -0.7071446 -0.707069 0 -0.7071315 -0.707082 0 -1 5.74206e-6 0 -1 5.69491e-6 0 -1 -5.52534e-6 0 -1 -5.68608e-6 0 1 -1.25462e-6 0 0.707183 -0.7070306 0 0.707081 -0.7071326 0 0.7071833 -0.7070304 0 -4.7285e-6 0 1 4.69896e-6 0 1 4.72732e-6 0 1 -4.70288e-6 0 1 0 0 1 -0.7070376 0 0.707176 -0.7071332 0 0.7070804 -0.7070375 0 0.7071761 0 -0.7069724 0.7072411 0 -0.7071679 0.7070456 0 -0.7069722 0.7072414 0.7071326 0 0.707081 0.7070441 0 0.7071695 0.707044 0 0.7071696 0 0 1 0.7071051 0 0.7071085 0.7070884 0 0.7071253 0 0.70704 0.7071735 0 0.7071045 0.7071092 0 0.70704 0.7071737 -0.707089 0 0.7071246 -0.7071155 0 0.7070981 -0.7071155 0 0.7070981 3.89461e-6 0 1 -1.69366e-6 0 1 3.7358e-6 0 1 -1.74661e-6 0 1 1.69367e-6 0 1 1.74661e-6 0 1 -3.73581e-6 0 1 -0.7070511 0 0.7071625 -0.7071001 0 0.7071136 -0.7071002 0 0.7071134 0 0.707057 0.7071567 0 0.7070629 0.7071508 0 0.7070569 0.7071567 0.7070723 0 0.7071414 0.707121 0 0.7070925 0.7070721 0 0.7071414 0 -0.7070765 0.7071371 0 -0.7071364 0.7070772 0 -0.7071366 0.707077 0 0.7070416 -0.7071719 0 0.7070629 -0.7071507 0 0.7070629 -0.7071506 0 0 -1 0 0 -1 -1.26882e-6 0 -1 -1.28085e-6 0 -1 0.7070723 0 -0.7071414 0.7071406 0 -0.707073 0.7071408 0 -0.7070728 0 -0.7071267 -0.7070869 0 -0.7070786 -0.7071349 0 -0.7071268 -0.7070868 -0.7070512 0 -0.7071624 -0.7071195 0 -0.7070941 -0.707051 0 -0.7071625 1.26883e-6 0 -1 1.28085e-6 0 -1 0.707089 0 -0.7071245 0.7071186 0 -0.7070951 0.7071186 0 -0.707095 0 -0.7071496 -0.707064 0 -0.7071373 -0.7070763 0 -0.7071496 -0.707064 -0.7071051 0 -0.7071085 -0.7070806 0 -0.7071329 0 0.7070925 -0.707121 0 0.7070518 -0.7071617 0 0.7070518 -0.7071618 0 0 -1 4.37112e-6 0 -1 4.3975e-6 0 -1 0.7070953 0 -0.7071183 0.7070763 0 -0.7071373 0.7070954 0 -0.7071182 0 0.7071017 -0.707112 0 0.7070999 -0.7071138 -0.7070749 0 -0.7071387 -0.7071037 0 -0.7071099 -0.7071038 0 -0.7071098 0 0.7071017 0.707112 0 0.7070999 0.7071138 0 0.7070998 0.7071138 0 -0.7069724 -0.7072411 0 -0.7071679 -0.7070456 0 -0.7071685 -0.7070451 0 0 -1 -4.37477e-6 0 -1 -4.3986e-6 0 -1 -3.89464e-6 0 1 0 -0.707166 0.7070477 0 -0.707121 0.7070927 0 -0.7071209 0.7070927 0 0.7070839 0.7071298 0 0.7070987 0.7071149 -0.7070788 0 0.7071349 -0.7070448 0 0.7071688 -0.7070788 0 0.7071348 0 -0.7070137 0.7071999 0 -0.707102 0.7071117 0 -0.7071021 0.7071115 0.7071208 0 0.7070928 0.707087 0 0.7071265 0.7070869 0 0.7071267 0.7071279 0 0.7070857 0.7071279 0 0.7070857 0.7071536 0 -0.70706 0.7070951 0 -0.7071185 0.7070948 0 -0.7071188 0.7071669 0.7070466 0 0.7070862 0.7071273 0 0.7070862 0.7071275 0 0.7070892 0 0.7071244 0.7071085 0 0.7071051 0.7070891 0 0.7071245 0.707188 -0.7070255 0 0.7071074 -0.7071062 0 0.7071882 -0.7070254 0 0.7071278 0 -0.7070858 0.7071277 0 -0.7070859 0.7071276 0 -0.7070859 0 1 2.38617e-6 0 -1 -5.54081e-6 0 -1 2.562e-6 0 -1 -3.24307e-6 0.9223452 -0.3863636 0.001534521 0.9659162 0 0.2588551 1 0 2.64756e-5 0.8913908 -0.3861819 -0.2372471 0.9659327 0 -0.2587932 0.7996295 -0.3862661 -0.459773 0.8660716 0 -0.4999203 0.6345652 -0.4614544 -0.6199894 0.7071508 0 -0.7070628 0.416916 -0.5061738 -0.7549631 0.4999556 0 -0.8660511 0.2022942 -0.456709 -0.8663106 0.258822 0 -0.9659251 -0.028732 -0.4561482 -0.88944 3.91584e-5 0 -1 -0.2372919 -0.3859966 -0.8914591 -0.2588118 0 -0.9659278 -0.4348278 -0.4610594 -0.7735302 -0.5000647 0 -0.8659881 -0.6211249 -0.5065335 -0.59802 -0.7071029 0 -0.7071107 -0.7845919 -0.456225 -0.4198503 -0.8659881 0 -0.5000648 -0.8906861 -0.3859398 -0.2402685 -0.9659246 0 -0.2588238 -0.887376 -0.4609337 -0.0102086 -1 0 4.01152e-5 -0.8596032 -0.461426 0.2194727 -0.9659245 0 0.2588245 -0.738512 -0.506205 0.4453724 -0.8660506 0 0.4999566 -0.6083578 -0.4567089 0.6490901 -0.7070702 0 0.7071434 -0.4624676 -0.3862184 0.7980972 -0.499912 0 0.8660763 -0.2394763 -0.461736 0.8540791 -0.2587913 0 0.9659332 -0.01033264 -0.4618231 0.8869119 3.13842e-5 0 1 0.2372612 -0.3864176 0.8912848 0.2588493 0 0.9659178 0.4451159 -0.5064942 0.7384684 0.4997678 0 0.8661595 0.6515551 -0.3848605 0.6537265 0.7071034 0 0.7071102 0.7547776 -0.5065225 0.4168281 0.8661707 0 0.4997484 0.8902484 -0.3949875 0.2268099 0.5326765 -0.8294585 0.1680907 0.5008495 -0.8655344 3.48873e-6 0.483569 -0.8656641 -0.129564 0.4699723 -0.8303687 -0.2993559 0.3779159 -0.8287438 -0.4127513 0.2515412 -0.8642569 -0.4356457 0.1682496 -0.8290978 -0.5331875 0.02452498 -0.8286299 -0.5592594 -0.1530255 -0.8064076 -0.571218 -0.3007189 -0.8288416 -0.4717944 -0.3545642 -0.8652089 -0.3545391 -0.4717957 -0.8288332 -0.3007399 -0.5712234 -0.806396 -0.1530669 -0.5592811 -0.8286153 0.02452611 -0.5332369 -0.8290601 0.1682788 -0.4355922 -0.8642833 0.2515432 -0.4127422 -0.8287591 0.377892 -0.2953346 -0.806874 0.5115973 -0.1208713 -0.8292161 0.5457022 -3.3211e-6 -0.8662393 0.4996296 -0.1155939 -0.8918077 0.4373981 0.2508929 -0.8650246 0.4344942 0.4181967 -0.8063825 0.4181615 0.4344925 -0.8650133 0.250935 -0.4117987 -0.8295806 -0.3771182 -0.4344944 -0.8650316 -0.2508686 -0.4712718 -0.8292775 0.3003361 -0.484436 -0.86514 0.1298259 -0.5329735 -0.8292465 -0.1681957 -0.5574519 -0.829851 -0.02439099 -0.8909643 -0.3854067 0.240092 -0.7983869 -0.3857122 0.4623901 -0.6416306 -0.46057 0.6133397 -0.7071056 0 0.707108 -0.8660476 0 0.4999618 -0.9659142 0 0.2588625 -0.9284194 -0.371329 0.0123406 -1 0 -4.87987e-7 -0.8722866 -0.4521287 -0.1862677 -0.9659157 0 -0.2588568 -0.7681963 -0.5036921 -0.3951817 -0.8660383 0 -0.4999778 -0.6320374 -0.4629017 -0.6214907 -0.4496476 -0.4625637 -0.7641021 -0.4999684 0 -0.8660437 -0.2366807 -0.4624288 -0.8544834 -0.2588585 0 -0.9659153 -0.003539621 -0.3853037 -0.922783 0 0 -1 0.1862787 -0.452116 -0.8722909 0.2588577 0 -0.9659155 0.4056348 -0.4522712 -0.7942993 0.4999677 0 -0.8660441 0.59748 -0.4519097 -0.6624163 0.7071056 0 -0.707108 0.7978014 -0.3842916 -0.4645783 0.8660476 0 -0.4999618 0.8233659 -0.5023846 -0.263967 0.965914 0 -0.2588631 0.9227871 -0.3852943 -0.003518402 1 0 -7.03275e-7 0.8450089 -0.5024099 0.1831513 0.9659159 0 0.2588563 0.7719964 -0.4613056 0.4372857 0.8660383 0 0.4999778 0.655382 -0.3839603 0.6504222 0.7071137 0 0.7070999 0.4852702 -0.4510452 0.7490468 0.4999684 0 0.8660437 0.2639643 -0.5023931 0.8233614 0.2588585 0 0.9659153 0.003512144 -0.3852814 0.9227924 0 0 1 -0.1831506 -0.5024074 0.8450106 -0.2588577 0 0.9659155 -0.4371112 -0.4615997 0.7719196 -0.4999677 0 0.8660441 -0.3779684 -0.8287599 0.4126709 -0.2585375 -0.8283472 0.4969904 -0.1302641 -0.8639802 0.4863842 -1.6734e-5 -0.8063564 0.59143 0.1302649 -0.8639907 0.4863651 0.2585162 -0.8283684 0.4969659 0.4186632 -0.805896 0.4186324 0.4970207 -0.8283332 0.258524 0.4970001 -0.8283323 -0.2585669 0.3544656 -0.865271 -0.3544862 0.3003487 -0.8292798 -0.4712598 0.1681856 -0.8292466 -0.5329763 3.13297e-6 -0.8069538 -0.5906146 -0.1682026 -0.8292115 -0.5330255 -0.3001928 -0.8294916 -0.4709863 0.4863523 -0.8639989 -0.1302589 0.5914616 -0.8063333 -1.35489e-5 0.4863933 -0.8639743 0.1302697 0 0.7070935 0.7071201 -0.7070787 0 0.7071349 -0.7070625 0 0.7071511 -0.7070624 0 0.7071512 0 -0.7070857 0.7071279 0 -0.7070857 0.7071278 0.7071208 0 0.7070928 0.7071046 0 0.707109 0.7071046 0 0.7071091 0 0.707084 0.7071297 0 0.7070794 0.7071342 0 0.7070794 0.7071343 -0.7070997 0 0.7071139 -0.7070835 0 0.7071301 -0.7070835 0 0.7071301 0 -0.7070857 0.7071279 0 -0.7070857 0.7071279 0.7070786 0 0.7071349 0.7070626 0 0.7071511 0.7070624 0 0.7071511 -0.7070522 1.94879e-7 -0.7071614 -0.7070611 0 -0.7071524 -0.7070611 2.62727e-7 -0.7071525 -0.7071996 -0.707014 -1.90688e-7 -0.7071791 -0.7070345 0 -0.707178 -0.7070357 -2.39837e-7 -0.7071878 -2.29834e-7 0.7070258 -0.7071742 0 0.7070395 -0.7071878 0 0.7070258 -0.3014606 -0.301539 0.9045419 -0.3014605 -0.301539 0.9045417 -0.3014605 -0.301539 0.9045418 0 -0.7070992 0.7071145 0 -0.7071332 0.7070804 0 -0.707099 0.7071147 0.3014073 -0.3015171 0.9045668 0.3014072 -0.3015171 0.9045668 0.3014073 -0.3015172 0.9045668 0.707108 0 0.7071056 0.7070944 0 0.7071192 0.7070708 -0.7071428 0 0.7070867 -0.7071269 0 0.7070688 -0.7071448 0 0.7071081 0 -0.7071056 0.7071171 0 -0.7070965 0.707108 0 -0.7071056 0.3014175 -0.3015013 -0.9045687 0.3014175 -0.3015013 -0.9045687 0.3014176 -0.3015013 -0.9045687 0 -0.7071415 -0.7070722 0 -0.7071752 -0.7070384 0 -0.7071753 -0.7070384 -0.3014634 -0.3016151 -0.9045155 -0.3014634 -0.3016151 -0.9045155 -0.3014634 -0.301615 -0.9045155 -0.7070497 -0.7071639 0 -0.707047 -0.7071666 0 -0.7070468 -0.7071668 0 0.7070627 -0.7071509 0 0.7071523 -0.7070614 0 0.7071593 -0.7070543 0 9.7022e-6 0 -1 2.07347e-7 0 -1 9.77119e-6 0 -1 -0.7071245 0 -0.7070891 -0.707116 0 -0.7070976 -0.707116 0 -0.7070976 0 0.7071179 -0.7070958 0 0.7071437 -0.7070699 0 0.7071437 -0.7070698 0.7071245 0 -0.7070891 0.707116 0 -0.7070976 0 -0.7071177 -0.707096 0 -0.7070971 -0.7071166 0 -0.7070971 -0.7071166 0.7071244 0 0.7070893 0.7071086 0 0.707105 0.7071245 0 0.7070891 -0.7073282 0 -0.7068853 -0.7072496 0 -0.706964 -0.7072494 0 -0.7069642 0 0.7071167 -0.707097 0 0.707098 -0.7071157 0 0.7071166 -0.7070969 0.7071385 0 -0.7070751 0.7070598 0 -0.7071537 0.7070597 0 -0.7071539 0 -0.7071068 -0.7071067 0 -0.7071068 -0.7071068 -4.72847e-6 0 1 4.70283e-6 0 1 4.72848e-6 0 1 -4.70283e-6 0 1 0 0 1 0 -0.7071407 0.7070729 0 -0.7070028 0.7072108 0 -0.7070026 0.707211 0.7071537 0 0.70706 0.7070652 0 0.7071485 0.7070651 0 0.7071486 0 0 1 0.7070342 2.00481e-7 0.7071794 0.7070176 0 0.707196 0.7070342 0 0.7071794 0 0.7070913 0.7071224 0 0.7070987 0.7071149 -0.70711 0 0.7071037 -0.7071366 0 0.707077 3.89459e-6 0 1 -1.69365e-6 0 1 3.73579e-6 0 1 -1.7466e-6 0 1 -3.73581e-6 0 1 -0.7070723 0 0.7071414 -0.707121 0 0.7070925 -0.7071212 0 0.7070924 0 0.7070584 0.7071552 0 0.707049 0.7071647 0 0.7070584 0.7071552 0.7070931 0 0.7071204 0.7071422 0 0.7070714 0.7070931 0 0.7071205 0 -0.7070779 0.7071357 0 -0.7071107 0.707103 0 -0.7071108 0.7071029 0 0.707043 -0.7071706 0 0.7070493 -0.7071644 0 0 -1 -1.26881e-6 0 -1 -1.28084e-6 0 -1 0.7070932 0 -0.7071204 0.7071617 0 -0.7070518 0.7071619 0 -0.7070517 0 -0.7070934 -0.7071202 0 -0.7070875 -0.707126 -0.7070723 0 -0.7071414 -0.7071406 0 -0.707073 -0.7070721 0 -0.7071414 1.28085e-6 0 -1 0.707052 1.19442e-7 -0.7071616 0.7070816 0 -0.7071321 0.7070816 0 -0.7071321 0 -0.7070913 -0.7071223 0 -0.7071337 -0.7070798 0 -0.7071338 -0.7070798 -0.7071262 0 -0.7070875 -0.7071017 0 -0.7071118 -0.7071262 0 -0.7070874 0 0.7070913 -0.7071224 0 0.7070987 -0.7071149 0 0.7070912 -0.7071224 0 0 -1 4.37473e-6 0 -1 4.39858e-6 0 -1 0.7071164 0 -0.7070972 0.7070974 0 -0.7071163 0.7071164 0 -0.7070971 0 0.7070866 -0.707127 0 0.707128 -0.7070856 0 0.7071281 -0.7070855 0 0.7071409 0.7070727 0 0.7071014 0.7071123 0 0.7071411 0.7070726 0 -0.7069739 -0.7072397 0 -0.7071549 -0.7070587 0 -0.7069737 -0.7072399 0 0 -1 -4.37473e-6 0 -1 -4.39859e-6 0 -1 0 -0.7070913 0.7071223 0 -0.7071337 0.7070798 0 -0.7070912 0.7071224 0 -1 -3.06068e-6 0 -1 5.11558e-6 0 -1 -3.24297e-6 0.8869003 -0.4618458 0.0103147 0.9659245 0 0.2588246 1 0 -3.23649e-5 0.891289 -0.3864167 -0.2372468 0.9659232 0 -0.2588292 0.7560279 -0.4562598 -0.4693066 0.8660496 0 -0.4999583 0.6083425 -0.4567451 -0.6490789 0.7070875 0 -0.7071262 0.4624469 -0.3862183 -0.7981092 0.4999117 0 -0.8660764 0.2394712 -0.4617165 -0.8540911 0.2587982 0 -0.9659314 -0.01640349 -0.506733 -0.8619471 -3.06857e-5 0 -1 -0.2579023 -0.456957 -0.8512794 -0.2588412 0 -0.96592 -0.459764 -0.386221 -0.7996566 -0.4998932 0 -0.8660872 -0.6199836 -0.4614693 -0.6345601 -0.7070702 0 -0.7071433 -0.7546001 -0.5068328 -0.4167725 -0.8660613 0 -0.4999379 -0.8904691 -0.3864926 -0.2401838 -0.9659168 0 -0.258853 -0.9223527 -0.3863461 -0.001541018 -1 0 -3.23745e-5 -0.8913889 -0.386177 0.2372621 -0.9659309 0 0.2588002 -0.7994956 -0.3863829 0.4599077 -0.8659765 0 0.5000848 -0.6082662 -0.4569696 0.6489923 -0.7070991 0 0.7071145 -0.4198188 -0.4562643 0.7845861 -0.5000814 0 0.8659785 -0.2402917 -0.3859471 0.8906766 -0.2588277 0 0.9659236 0.01642429 -0.5059994 0.8623775 -2.28396e-5 0 1 0.2372719 -0.3859438 0.8914873 0.2588195 0 0.9659258 0.4348176 -0.4610486 0.7735424 0.5000629 0 0.8659891 0.6197682 -0.4617814 0.6345435 0.7071002 0 0.7071134 0.7628004 -0.46206 0.4523673 0.8660013 0 0.5000419 0.8680631 -0.3896327 0.307657 0.4956999 -0.8293271 0.2578729 0.5456878 -0.829225 0.1208754 0.5008574 -0.8655298 0 0.3962116 -0.916117 0.06120592 0.41235 -0.8290383 -0.3777076 0.3991069 -0.9159472 -0.04188549 0.2953562 -0.8068434 -0.5116332 0.1208598 -0.8292242 -0.5456926 -4.73857e-6 -0.864963 -0.5018356 -0.1208708 -0.8292226 -0.5456925 -0.2953732 -0.8068436 -0.5116232 -0.4123702 -0.8290157 -0.3777355 -0.4344983 -0.865018 -0.2509089 -0.5326841 -0.8294501 -0.1681077 -0.5008646 -0.8655257 -7.00727e-6 -0.4830616 -0.8659664 0.1294367 -0.432637 -0.8662713 0.2497985 -0.3530157 -0.8663986 0.3531761 -0.3007179 -0.8288349 0.4718068 -0.1530725 -0.8064138 0.5711969 -3.62657e-6 -0.8641133 0.5032976 0.1530293 -0.8064034 0.571223 0.3007108 -0.8288369 0.4718078 0.4117209 -0.8295645 0.3772383 -0.3561416 -0.8639528 -0.3560181 -0.4716222 -0.8289462 -0.3007003 -0.4345241 -0.8650103 0.2508904 -0.48447 -0.8651034 0.1299422 -0.5329693 -0.829237 -0.1682551 -0.5922117 -0.8057824 -1.33123e-5 -0.8627294 -0.4598477 0.2103286 -0.9235583 -0.383458 2.7292e-7 -0.9659644 0 0.2586752 -1 0 5.74073e-7 -0.8727133 -0.4512185 -0.1864762 -0.9659661 0 -0.2586689 -0.7942664 -0.4522044 -0.4057738 -0.8659604 0 -0.5001126 -0.6402135 -0.5022248 -0.5812892 -0.7070041 0 -0.7072095 -0.4647583 -0.3837651 -0.79795 -0.5000386 0 -0.8660031 -0.2749875 -0.4509428 -0.8491363 -0.2588974 0 -0.9659048 -0.04568797 -0.4517996 -0.8909488 2.24473e-5 0 -1 0.1831518 -0.5024357 -0.8449934 0.2588509 0 -0.9659173 0.4371393 -0.461616 -0.7718938 0.4999738 0 -0.8660407 0.6217522 -0.4622006 -0.6322934 0.7071056 0 -0.707108 0.797446 -0.3852504 -0.4643943 0.8905474 -0.3850142 -0.2422592 0.965915 0 -0.2588595 0.922773 -0.3853279 -0.003539919 1 0 -3.12407e-6 0.8722805 -0.4521414 0.1862657 0.9659157 0 0.2588568 0.7943133 -0.4522261 0.4056574 0.8660383 0 0.4999778 0.6621519 -0.452533 0.5973013 0.7071152 0 0.7070984 0.46766 -0.5036581 0.7263765 0.4999689 0 0.8660434 0.2366631 -0.462428 0.8544887 0.2588555 0 0.9659161 0.003514349 -0.3851706 0.9228388 2.87624e-5 0 1 -0.2355012 -0.385362 0.8922081 -0.2589032 0 0.9659034 -0.4057068 -0.451953 0.7944436 -0.5000345 0 0.8660056 -0.6501385 -0.3847097 0.655224 -0.706998 0 0.7072156 -0.7488454 -0.4516211 0.4850453 -0.8659697 0 0.5000966 -0.4123327 -0.8290466 0.3777081 -0.2506227 -0.8652964 0.4341089 -0.1676221 -0.8302115 0.5316501 0.02452516 -0.8292846 0.5582881 0.1681993 -0.8292447 0.532975 0.2508987 -0.8650298 0.4344807 0.3771511 -0.8295399 0.4118503 0.471001 -0.8294773 0.3002095 0.4712588 -0.8292871 -0.3003302 0.3779488 -0.8287722 -0.4126637 0.2585468 -0.8283575 -0.4969683 0.1302711 -0.8639863 -0.4863715 0.02458178 -0.8289186 -0.5588288 -0.1209719 -0.8287373 -0.5464069 -0.2961992 -0.8056776 -0.5129811 0.4844305 -0.8651451 -0.1298119 0.5574669 -0.8298412 0.02437901 0.5329588 -0.8292557 0.1681963 0 0.7071123 0.7071014 0 0.7070975 0.7071161 0 0.7071123 0.7071013 -0.7070437 0 0.7071699 -0.7070801 0 0.7071335 -0.7070436 0 0.70717 0 -0.7070888 0.7071248 0 -0.7070839 0.7071298 0 -0.7070838 0.7071298 0.7070648 0 0.7071489 0.7071012 0 0.7071124 0.7071014 0 0.7071123 0 0 -1 0 0 -1 0 0 -1 -1 -6.12973e-7 7.76182e-7 -1 -1.85584e-6 0 -1 -6.10699e-7 7.81704e-7 -0.7072961 0 0.7069175 -0.7071075 -1.09522e-6 0.7071061 -0.7071071 -1.09759e-6 0.7071065 -0.7072387 0.7069749 0 -0.7073042 0.7069094 0 -0.7073043 0.7069092 0 -0.7072923 0 -0.7069213 -0.7071086 -1.09522e-6 -0.7071049 -0.7072932 0 -0.7069204 -0.7071185 -0.7070952 0 -0.7070447 -0.7071689 0 -0.7070446 -0.707169 0 0 0.707119 0.7070947 0 0.7071063 0.7071074 0 0.707119 0.7070946 0 -0.7070947 0.707119 0 -0.7070946 0.7071189 0.7070859 0 0.7071277 0.7071221 0 0.7070915 0.7071223 0 0.7070913 -0.7071385 0 -0.7070751 -0.7070598 0 -0.7071537 -0.7070597 0 -0.7071539 0 0.7071002 -0.7071134 0 0.7071204 -0.7070932 0 0.7071002 -0.7071135 0.7071174 0 -0.7070962 0.7070388 0 -0.7071747 0.7070387 0 -0.7071749 0 -0.7071068 -0.7071068 9.70218e-6 0 -1 -0.7071026 -1.09789e-6 -0.707111 -0.706919 0 -0.7072945 -0.7069186 0 -0.7072949 0 0.7071177 -0.7070958 0 0.7071232 -0.7070904 0 0.7071177 -0.7070959 0.7070816 -1.0592e-6 -0.7071321 0.706898 0 -0.7073156 0.7070825 -1.06446e-6 -0.7071311 0 -0.7069491 -0.7072645 0 -0.7069384 -0.7072752 0 -1.60012e-6 -1 0 -1.60012e-6 -1 0 -1.60012e-6 -1 0.7070819 0.7071317 0 0.707173 0.7070406 0 0.7071732 0.7070404 0 0.7071275 0 0.7070861 0.7071281 0 0.7070854 0.707156 0 -0.7070577 0.7071099 0 -0.7071037 0.7071097 0 -0.7071039 0 -1 -7.63068e-6 0 -1 2.22121e-6 0 -1 -1.02207e-6 0.8889734 -0.4570543 -0.02877265 0.965916 0 0.2588558 1 0 3.32691e-5 0.851279 -0.4569822 -0.2578591 0.9659309 0 -0.2588005 0.7553553 -0.4572326 -0.4694431 0.8659762 0 -0.5000852 0.6082519 -0.4569929 -0.6489894 0.7071195 0 -0.7070941 0.419834 -0.4562737 -0.7845723 0.5000822 0 -0.8659779 0.2402499 -0.3859369 -0.8906923 0.2587916 0 -0.9659332 -0.01646578 -0.5060141 -0.8623681 -2.99489e-5 0 -1 -0.2373149 -0.3859513 -0.8914726 -0.2588346 0 -0.9659217 -0.4348022 -0.4610421 -0.7735549 -0.6197967 -0.4617414 -0.6345448 -0.7979637 -0.3864353 -0.4625166 -0.8906187 -0.3861343 -0.2402057 -0.9659244 0 -0.2588245 -0.9223532 -0.386345 -0.001496434 -1 0 3.33409e-5 -0.8912586 -0.3864843 0.2372512 -0.9659224 0 0.2588317 -0.738216 -0.5068295 0.4451529 -0.6083492 -0.4567049 0.6491008 -0.7070702 0 0.7071434 -0.4624465 -0.3862189 0.7981093 -0.2395021 -0.461726 0.8540771 -0.2588278 0 0.9659235 0.01636177 -0.506719 0.861956 -2.35237e-5 0 1 0.2578769 -0.4569433 0.8512946 0.258819 0 0.9659259 0.4597615 -0.3862157 0.7996605 0.4998944 0 0.8660864 0.6199607 -0.4615065 0.6345555 0.7070721 0 0.7071415 0.7633734 -0.4609646 0.4525181 0.8660754 0 0.4999135 0.8902695 -0.3949665 0.2267639 0.4833551 -0.8657907 0.129516 0.4345146 -0.865018 0.2508807 0.4123378 -0.8290409 0.3777154 -0.4123253 -0.8290483 -0.3777127 -0.4345425 -0.8649982 -0.2509003 0.500868 -0.8655237 9.65595e-6 -0.4716067 -0.8289564 0.3006966 -0.532945 -0.8292509 0.168263 -0.4843919 -0.8651522 -0.129909 -0.5922615 -0.8057458 -1.43088e-5 -0.8627052 -0.4599024 0.2103087 -0.9235622 -0.383449 -1.36995e-6 -0.9659645 0 0.2586746 -1 0 -4.87962e-7 -0.8727101 -0.4512256 -0.1864743 -0.9659661 0 -0.258669 -0.7716606 -0.4619288 -0.4372203 -0.6550903 -0.384621 -0.6503256 -0.7070037 0 -0.7072099 -0.449844 -0.4622423 -0.764181 -0.5000334 0 -0.8660062 -0.2423042 -0.3854282 -0.890356 -0.2589048 0 -0.9659029 -0.003482341 -0.3852068 -0.9228238 2.32846e-5 0 -1 0.1862971 -0.4520789 -0.8723062 0.3951976 -0.5036462 -0.7682185 0.6215026 -0.4628834 -0.6320391 0.7641054 -0.4625621 -0.4496436 0.8544655 -0.4624682 -0.2366687 0.965915 0 -0.2588596 0.9227724 -0.3853293 -0.003531277 1 0 -4.28663e-6 0.8923563 -0.3850117 0.2355132 0.8009245 -0.3852625 0.458359 0.6624063 -0.4518957 0.5975018 0.4852636 -0.4512832 0.7489077 0.263938 -0.5024169 0.8233554 0.2588585 0 0.9659154 0.007319867 -0.4621742 0.8867591 2.7088e-5 0 1 -0.2226918 -0.4612733 0.858857 -0.2589077 0 0.9659021 -0.458715 -0.3837708 0.8014365 -0.5000328 0 0.8660066 -0.5811364 -0.5022036 0.6403688 -0.7069956 0 0.707218 -0.7640454 -0.4625672 0.4497404 -0.8659697 0 0.5000966 -0.3561117 -0.863962 0.3560256 0.545683 -0.8292334 -0.1208395 0.4957047 -0.8293235 -0.2578747 0.4117571 -0.829526 -0.3772836 0.3006931 -0.8288663 -0.4717672 0.1530272 -0.8063749 -0.5712637 -2.40318e-5 -0.8641135 -0.503297 -0.1530529 -0.8064036 -0.5712164 -0.300712 -0.8288347 -0.4718108 -0.3529928 -0.8664264 -0.3531311 -0.236923 -0.9164152 -0.3225691 -0.3126559 -0.9162237 -0.2505604 -0.3665865 -0.9161235 -0.1622719 -0.4373774 -0.8918195 -0.1155814 -0.434496 -0.8650167 0.250917 -0.4123816 -0.8290169 0.3777202 -0.295355 -0.8068433 0.511634 -0.1208766 -0.8292074 0.5457143 -2.15378e-5 -0.8649623 0.5018369 0.1208492 -0.8292214 0.545699 0.2953298 -0.8068401 0.5116537 -0.2506119 -0.8652971 -0.4341137 -0.1676102 -0.830224 -0.5316343 0.1684273 -0.9177898 -0.3595751 0.1682085 -0.8292237 -0.5330048 0.2508974 -0.8650307 -0.4344795 0.3771439 -0.8295466 -0.4118434 0.4709734 -0.8295017 -0.3001852 0.5329539 -0.8292606 -0.1681872 0.5574673 -0.8298406 -0.02439075 0.3526886 -0.9133675 0.203398 0.2269954 -0.9178085 0.325731 0.37795 -0.8287711 0.4126649 0.2585481 -0.8283535 0.4969742 0.1302648 -0.8639987 0.4863511 0.02458345 -0.8289178 0.55883 -0.1209717 -0.828738 0.5464057 -0.2962056 -0.8056663 0.5129952 -9.70222e-6 0 -1 -2.07347e-7 0 -1 -9.77111e-6 0 -1 -0.7071594 0 -0.7070541 -0.707081 0 -0.7071326 -0.7070809 0 -0.7071328 0 0.7071179 -0.7070957 0 0.7071713 -0.7070423 0 0.7071714 -0.7070422 0.7071594 0 -0.7070541 0.707081 0 -0.7071326 0.7071598 0 -0.7070538 0 -0.7071046 -0.7071091 0.707188 0.7070255 0 0.7071074 0.7071062 0 0.7071073 0.7071064 0 0.7071245 0 0.7070891 0.7071086 0 0.7071051 0.7071086 0 0.7071051 0.7071279 0 -0.7070857 0.7071276 0 -0.707086 0.7071276 0 -0.7070861 -0.7070585 0 0.7071551 -0.7070672 0 0.7071464 -0.7070673 0 0.7071464 0 -0.7071088 0.7071048 0 -0.7071141 0.7070996 0 -0.707114 0.7070996 0.7070585 0 0.7071551 0.7070672 0 0.7071464 0.7070583 0 0.7071553 0 0.7070502 0.7071635 0 0.7070598 0.7071537 -0.707102 -0.7071115 0 -0.7071262 -0.7070875 0 -0.7071263 -0.7070874 0 -0.7072917 0.7069219 0 -0.707246 0.7069676 0 -0.7072917 0.7069218 0 -0.7071008 -1.36904e-6 0.7071127 -0.7072959 0 0.7069177 -0.7072969 0 0.7069167 -0.7071075 -1.09522e-6 -0.7071062 -0.7072957 0 -0.7069178 -0.707107 -1.09759e-6 -0.7071066 0 -0.7071682 0.7070454 0 -0.7070412 0.7071724 0 -0.7070403 0.7071733 -0.7070679 0 0.7071458 -0.7070853 0 0.7071284 0 0.7070729 0.7071407 0 0.707051 0.7071626 0 0.707073 0.7071406 0.7071051 0 0.7071085 0.7070719 0 0.7071416 -4.71998e-6 0 1 0 0 1 -1.65341e-5 0 1 0 0 1 3.68778e-6 0 1 0.7070722 0 0.7071414 0.7070814 0 0.7071322 0 -0.707142 0.7070716 0 -0.7070611 0.7071526 0 -0.7070608 0.7071528 -0.7070511 0 0.7071626 -0.7070603 0 0.7071533 -0.7070603 0 0.7071533 0 0.7070552 0.7071585 0 0.7070201 0.7071936 0 0.7070552 0.7071583 1.2936e-5 0 1 0 -0.7071843 -0.7070293 0 -0.7071033 -0.7071103 0 -0.7071848 -0.7070288 -0.7071049 0 -0.7071087 -0.7071194 0 -0.7070942 -0.7071049 0 -0.7071088 0 0.7070974 -0.7071163 0 0.7070623 -0.7071513 0 0.707062 -0.7071515 0.7071259 0 -0.7070876 0.7071405 0 -0.707073 0 0 -1 -1.91749e-6 0 -1 -6.71697e-6 0 -1 -0.7071203 0 -0.7070934 -0.7071123 0 -0.7071014 -0.7071202 0 -0.7070934 0 0.7071151 -0.7070985 0 0.707093 -0.7071206 0 0.7070928 -0.7071207 0.7071253 0 -0.7070884 0.7071276 0 -0.707086 0.7071276 0 -0.707086 0 -0.7072104 -0.7070031 0 -0.7070832 -0.7071304 0 -0.7072108 -0.7070028 0 0 -1 -3.44367e-6 0 -1 -1.15834e-5 0 -1 0 0.7070332 -0.7071805 0 0.7071403 -0.7070733 0 0.7071412 -0.7070725 -0.7069852 0 0.7072284 -0.7069535 0 0.70726 -0.7069853 0 0.7072283 0 0 1 -1.23964e-6 0 1 -4.16472e-6 0 1 0.7071332 0 0.7070804 0.7071515 0 0.7070621 0.7071515 0 0.7070621 0 -0.7071664 0.7070472 0 -0.7069786 0.7072349 0 -0.706978 0.7072355 0.7071331 0 -0.7070806 0.7070906 0 -0.7071231 0.7071332 0 -0.7070804 0 -0.7069841 -0.7072294 0 -0.707162 -0.7070516 0 -0.7069836 -0.70723 -0.7069106 0 -0.707303 -0.7069463 0 -0.7072674 -0.7069463 0 -0.7072673 0 0.7071671 0.7070465 0 0.7070798 0.7071338 0 0.7071677 0.7070459 1 -3.22713e-6 0 1 -3.85081e-6 0 1 -3.94387e-6 0 1 -3.1406e-6 0 1 3.13245e-6 0 1 3.06322e-6 0 0.7167876 0 0.6972916 0.7167891 -3.48113e-7 0.6972901 0.7167876 5.57862e-7 0.6972915 0.7071076 -0.707106 0 0.7070865 -0.7071272 0 0.7070865 -0.7071272 0 0.7167464 -1.05146e-6 -0.6973339 0.7167728 -5.28991e-7 -0.6973068 0.7167729 1.30107e-6 -0.6973067 1 3.9521e-6 0 1 4.03055e-6 0 0.7169189 -6.3225e-7 -0.6971566 0.7169218 3.53175e-7 -0.6971536 0.7169187 -7.8883e-7 -0.6971568 0.7071771 0.7070366 0 0.7070981 0.7071156 0 0.7071771 0.7070364 0 0.7167964 3.47383e-7 0.6972826 0.7167969 -6.24917e-7 0.697282 0.716797 -7.9456e-7 0.697282 1 -1.20041e-6 0 1 1.25461e-6 0 1 -1.2283e-6 0 1 1.28273e-6 0 1 1.20041e-6 0 1 1.2283e-6 0 1 -1.28273e-6 0 0.7168506 -2.03215e-6 0.6972268 0.7168464 1.70991e-6 0.6972311 0.7168465 1.17535e-6 0.6972309 0.7071928 0.7070207 0 0.7071936 0.7070201 0 0.7071928 0.7070208 0 0.7168408 -9.44026e-7 -0.6972369 0.7168406 -8.02981e-7 -0.6972371 0.7168409 -1.35694e-6 -0.6972368 0.707152 -0.7070617 0 0.707126 -0.7070877 0 0.7071258 -0.7070878 0 -0.7070004 0.7072132 0 -0.7069396 0.707274 0 -0.7069394 0.7072742 0 -1 -1.65105e-6 -3.91378e-7 -1 -1.57802e-6 4.23885e-7 -1 -1.59662e-6 3.9138e-7 -1 -1.63222e-6 -4.23884e-7 -1 1.55925e-6 3.98015e-7 -1 1.61248e-6 3.96047e-7 -0.7167003 6.66827e-7 -0.6973813 -0.7168658 -2.11783e-6 -0.6972112 -0.7168662 -8.83318e-7 -0.6972108 -0.7070577 -0.7071558 0 -0.7070598 -0.7071537 0 -0.71671 -5.77814e-7 0.6973713 -0.7168716 4.91803e-7 0.6972053 -0.7167097 -3.06405e-7 0.6973717 -1 1.64597e-6 -3.98015e-7 -1 1.69956e-6 -3.96046e-7 -0.7168013 -8.00006e-7 -0.6972776 -0.716978 -6.51926e-7 -0.6970958 -0.7169781 -1.16056e-6 -0.6970958 -0.7068346 -0.7073789 0 -0.7069038 -0.7073097 0 -0.7068346 -0.707379 0 -0.7168214 -6.4933e-7 0.6972569 -0.716656 -7.86852e-7 0.6974269 -0.7168216 -1.14925e-6 0.6972567 -0.7070751 0.7071385 0 -0.7071236 0.70709 0 -0.7071236 0.70709 0 -1 3.47897e-7 0 -1 -3.49008e-7 0 -1 -3.05024e-7 0 -1 3.22154e-7 0 -0.716788 -1.30797e-6 -0.6972912 -0.7168142 0 -0.6972642 -0.7167882 5.13159e-7 -0.697291 -0.7071111 0.7071025 0 -0.7071229 0.7070907 0 -0.707123 0.7070907 0 -0.7168291 6.24917e-7 0.6972489 -0.7168306 -5.72763e-7 0.6972473 -0.7168307 0 0.6972473 0.7070865 0.7071272 0 0.7070653 0.7071483 0 0.7070866 0.7071271 0 -0.7071322 -0.7070814 0 -0.707144 -0.7070695 0 -0.7071322 -0.7070814 0 -1 -2.80397e-6 0 -1 -2.7893e-6 0 -1 2.70331e-6 0 -1 2.78513e-6 0 1 -1.25461e-6 0 0.707033 -0.7071806 0 0.7071577 -0.7070559 0 0.7071579 -0.7070558 0 0 0.7070888 0.7071248 0 0.7070768 0.7071368 0 0.7070889 0.7071248 0 -0.7070858 0.7071278 0 -0.7070858 0.7071279 0.7070997 0 0.7071139 0.7070835 0 0.7071301 0.7070835 0 0.7071301 -0.7070732 0 -0.7071405 -0.7070401 0 -0.7071735 -0.7070746 0 -0.707139 -0.5773279 -0.5773615 -0.5773615 -0.7071341 -0.7070796 0 -0.7070813 -0.7071323 0 -0.7070803 -0.7071334 0 0.7071889 -0.7070247 0 0.7071361 -0.7070775 0 0.7071351 -0.7070785 0 0.5773727 -0.5772719 -0.5774063 0 -0.7070872 -0.7071264 0 -0.7069925 -0.7072211 0 -0.7069925 -0.7072211 0 -0.7071714 -0.7070422 0 -0.7070617 -0.707152 0 -0.7070616 -0.707152 0 -0.7071714 0.7070422 0 -0.7070617 0.707152 0 -0.7071716 0.707042 0.7070553 -0.7071582 0 0.7070899 0 0.7071238 0.707113 0 0.7071007 0.7070889 0 0.7071247 0.5773951 -0.5772607 0.5773951 0.7071356 -0.7070781 0 0 -0.7070767 -0.7071369 0 -0.706982 -0.7072317 0 -0.7069819 -0.7072317 -0.5773391 -0.5773223 -0.5773895 -0.7070817 -0.7071319 0 -0.7071344 -0.7070791 0 -0.7071356 -0.7070781 0 -0.5773503 -0.5773503 0.5773503 0 -0.7070872 0.7071263 0 -0.7069925 0.7072211 0 -0.7069925 0.7072212 -0.7070469 0 0.7071668 -0.7070685 0 0.7071452 -0.707069 0 0.7071445 -0.7070456 0 -0.707168 -0.7070376 0 -0.707176 -0.707046 0 -0.7071677 -0.7069936 -0.70722 0 0 -0.7071819 -0.7070316 0 -0.7070722 -0.7071415 0 -0.7070721 -0.7071415 0 -0.7071819 0.7070316 0 -0.7070722 0.7071415 0 -0.7071821 0.7070316 0.7070554 -0.7071582 0 0.7072653 0 0.7069483 0.7072748 0 0.7069388 0.7072649 0 0.7069486 0.5773798 -0.5772877 0.5773833 0.5773798 -0.5772878 0.5773833 0.5773798 -0.5772877 0.5773833 0.7071896 -0.707024 0 0.7071366 -0.7070771 0 -0.7070817 -0.7071319 0 -0.7071347 -0.7070789 0 -0.7071357 -0.7070779 0 -0.5774545 -0.5773934 0.577203 -0.5774545 -0.5773933 0.577203 0 -0.7071286 0.707085 0 -0.7070338 0.7071797 0 -0.7070338 0.7071799 -0.7072336 0 0.7069801 -0.7072224 0 0.7069911 -0.707222 0 0.7069916 -0.7070348 -0.7071788 0 -0.7070457 0 -0.707168 -0.7070381 0 -0.7071756 0 -0.7071688 -0.7070448 0 -0.707059 -0.7071546 0 -0.707059 -0.7071547 0 -0.7071925 0.707021 0 -0.7070827 0.707131 0 -0.7071926 0.7070209 0.7070657 -0.707148 0 0.7070855 0 0.7071281 0.7070904 0 0.7071233 0.7070853 0 0.7071283 0.5773615 -0.5772775 0.5774119 0.7071891 -0.7070245 0 0.7071363 -0.7070774 0 0.7071352 -0.7070784 0 -0.7071343 -0.7070794 0 -0.7070813 -0.7071323 0 -0.7070803 -0.7071333 0 -0.5773391 -0.5773223 0.5773895 0 -0.7070767 0.7071369 0 -0.7069819 0.7072317 0 -0.7069819 0.7072317 -0.7070425 0 0.7071711 -0.7070459 0 0.7071678 -0.707046 0 0.7071677 -0.7070425 0 -0.7071711 -0.7070441 0 -0.7071694 -0.7070424 0 -0.7071712 0 -0.7071925 -0.707021 0 -0.7070827 -0.707131 0 -0.7070826 -0.707131 0.7070741 -0.7071396 0 0.7070854 0 0.7071281 0.7070891 0 0.7071245 0.7071895 -0.7070241 0 0.7071366 -0.707077 0 0.7071356 -0.707078 0 -0.7070425 0 0.7071711 -0.7070446 0 0.707169 -0.7070446 0 0.707169 -0.7070423 0 -0.7071712 -0.707042 0 -0.7071715 -0.7070817 -0.7071318 0 -0.7071346 -0.707079 0 -0.7071357 -0.707078 0 -0.5774878 -0.5770486 0.5775144 -0.5774877 -0.5770486 0.5775144 0.7070862 0 -0.7071274 0.7070854 0 -0.7071282 0.7070853 0 -0.7071283 0.7070733 -0.7071402 0 0.707076 -0.7071377 0 0.707089 0 0.7071245 0.7070925 0 0.7071211 0 -0.7070793 0.7071343 0 -0.7069846 0.707229 0 -0.7069846 0.707229 -0.7070451 0 0.7071685 -0.7070459 0 0.7071677 -0.7070348 -0.7071788 0 -0.7070601 0 -0.7071534 -0.7070567 0 -0.7071568 -0.7070603 0 -0.7071533 -0.5773615 -0.5773111 -0.5773783 0 -0.7070978 -0.7071158 0 -0.707003 -0.7072106 0 -0.707003 -0.7072106 0.7071031 0 -0.7071105 0.7071013 0 -0.7071123 0.7071012 0 -0.7071124 0.5773615 -0.5773111 -0.5773783 0.7070605 -0.7071531 0 0.7071172 0 0.7070964 0.7071096 0 0.707104 0.7071175 0 0.707096 0.5773615 -0.5773111 0.5773783 0.7071349 -0.7070787 0 -0.5773279 -0.5773279 -0.5773951 -0.707081 -0.7071326 0 -0.7071346 -0.7070791 0 -0.5773615 -0.5773111 0.5773783 0 -0.7070978 0.7071158 0 -0.707003 0.7072106 0 -0.707003 0.7072106 -0.7070742 0 0.7071394 -0.707065 0 0.7071486 -0.7070648 0 0.7071488 -0.7070457 0 -0.7071679 -0.7070392 0 -0.7071744 0.7071036 0 0.70711 0.7071117 0 0.7071019 0.7071032 0 0.7071104 0.5773727 -0.5773055 0.5773727 -0.5773727 -0.5773055 0.5773727 -0.7070606 0 0.707153 -0.7070672 0 0.7071464 -0.7070674 0 0.7071462 -0.7070176 0 -0.7071961 -0.7070226 0 -0.707191 -0.7070173 0 -0.7071962 0 -0.7070556 -0.707158 0 -0.7069609 -0.7072527 0 -0.7069609 -0.7072528 0.7070688 0 -0.7071447 0.7070606 0 -0.707153 0.7070603 0 -0.7071533 0.7070608 0 0.7071528 0.7070738 0 0.7071397 0.7070603 0 0.7071533 0.5773727 -0.5772383 0.5774399 0.7071369 -0.7070767 0 0.7071898 -0.7070239 0 0.7071908 -0.7070228 0 0 -0.7070556 0.707158 0 -0.7069609 0.7072528 0 -0.7069608 0.7072528 -0.7070243 0 0.7071893 -0.7070176 0 0.7071959 -0.7070173 0 0.7071962 -0.7070142 -0.7071994 0 -0.707017 0 -0.7071967 -0.7070076 0 -0.707206 -0.7070822 -0.7071315 0 -0.7071349 -0.7070787 0 -0.707136 -0.7070777 0 -0.5773279 -0.5773279 0.5773951 0.7070603 0 0.7071533 0.7070621 0 0.7071514 0.5773279 -0.5772607 0.5774623 -0.7070173 0 0.7071963 -0.7070735 0 -0.7071402 -0.7070459 0 -0.7071677 -0.5773727 -0.5773055 -0.5773727 -0.5772831 -0.5773503 0.5774175 0.7071167 0 -0.7070969 0.7071175 0 -0.707096 0.5773727 -0.5773055 -0.5773727 -0.7070245 -0.7071891 0 -0.7070039 -0.7072097 0 0.70706 0 -0.7071536 0.7070521 0 -0.7071614 0.7070519 0 -0.7071617 0.5773727 -0.5772383 -0.5774399 0.707083 0 -0.7071307 0.7070886 0 -0.707125 0.7070889 0 -0.7071247 0.5773503 -0.5772831 -0.5774175 -0.7070194 -0.7071943 0 -0.706991 -0.7072225 0 0.5773615 -0.5772775 -0.5774119 -0.7069917 -0.7072219 0 0.7070637 -0.7071499 0 0.7070896 0 -0.7071241 0.7070855 0 -0.7071281 -0.7070226 -0.7071911 0 0.7070825 0 -0.7071311 0.7070823 0 -0.7071312 0.7071167 0 -0.7070969 0.7071167 0 0.7070969 0.7070963 0 0.7071174 0.5773503 -0.5772831 0.5774175 0.707123 0 -0.7070906 0.7070903 0 -0.7071233 0.7071352 -0.7070785 0 0.707136 -0.7070777 0 0.7070886 0 0.7071251 0.7070804 0 0.7071331 0.7070451 -0.7071685 0 0.7071222 0 -0.7070914 0.7070629 0 -0.7071509 0.5773951 -0.5772607 -0.5773951 0.7071228 0 0.7070908 0.7070943 0 0.7071194 0.7070931 0 0.7071205 -0.7070783 0 0.7071353 -0.707053 0 0.7071607 -0.7070519 0 0.7071617 -0.7070195 0 -0.707194 -0.7070726 0 -0.7071409 0.5773279 -0.5773279 0.5773951 -0.7070456 0 0.7071681 -0.7070359 0 0.7071777 -0.7070357 0 0.707178 -0.7070474 0 -0.7071662 -0.7070826 0 -0.707131 -0.7070813 -0.7071323 0 -0.7070039 -0.7072097 0 -0.7070737 0 0.7071399 -0.7070518 0 0.7071619 -0.5773055 -0.5773727 0.5773727 0 0.7070839 0.7071297 0 0.7071211 0.7070925 -0.7070414 0 0.7071722 -0.70706 0 0.7071536 -0.7070602 0 0.7071535 0 -0.7070819 0.7071318 0 -0.7070819 0.7071318 0.7071021 0 0.7071115 0.7071022 0 0.7071114 0.2366783 -0.4624162 0.8544908 0.2588555 0 0.9659161 0.003526866 -0.3853186 0.9227769 1.67925e-6 0 1 -0.1862869 -0.4520739 0.872311 -0.2588531 0 0.9659167 -0.4056683 -0.4522302 0.7943055 -0.4999694 0 0.8660431 -0.597293 -0.4525514 0.6621468 -0.7071081 0 0.7071055 -0.7263542 -0.5036841 0.4676666 -0.8544609 -0.4624759 0.2366703 -0.965914 0 0.2588631 -0.9227658 -0.3853452 0.003531455 -1 0 5.98023e-7 -0.8923311 -0.3850748 -0.2355052 -0.8009213 -0.3852979 -0.4583349 -0.662411 -0.4518857 -0.597504 -0.7071142 0 -0.7070994 -0.4852532 -0.4512844 -0.7489137 -0.4999737 0 -0.8660407 -0.2639589 -0.5023813 -0.8233705 -0.258851 0 -0.9659174 -0.003538966 -0.3853173 -0.9227774 -8.56369e-7 0 -1 0.1831279 -0.5024645 -0.8449814 0.4372497 -0.4613613 -0.7719835 0.6504257 -0.3839513 -0.6553837 0.7490825 -0.451003 -0.4852543 0.8233663 -0.5023837 -0.263967 0.9659141 0 -0.258863 0.9227867 -0.3852953 -0.003517687 1 0 4.64066e-7 0.8450095 -0.502409 0.183151 0.8012738 -0.3842737 0.4585784 0.6322968 -0.4621535 0.6217838 0.3764581 -0.3747546 0.8472535 0.3003769 -0.8292797 0.471242 0.168194 -0.8292407 0.5329829 3.40864e-6 -0.8069521 0.5906171 -0.1681979 -0.8292264 0.5330038 -0.3002173 -0.8294948 0.470965 -0.4118087 -0.8295731 0.3771235 -0.4344737 -0.8650389 0.2508793 -0.5329467 -0.8292655 0.1681863 -0.5574505 -0.8298519 0.02439069 -0.3526769 -0.9133722 -0.2033969 -0.2270288 -0.9177988 -0.3257349 -0.3779708 -0.8287515 -0.4126856 -0.2585313 -0.8283567 -0.4969776 -0.1302646 -0.8639799 -0.4863845 -1.64546e-5 -0.8063315 -0.5914639 0.1302584 -0.8640051 -0.4863415 0.2585232 -0.8283491 -0.4969945 0.4186398 -0.8058909 -0.4186653 0.4969947 -0.8283497 -0.2585212 0.4863536 -0.8639982 -0.130259 0.5914607 -0.8063339 -1.32918e-5 0.4863505 -0.8640001 0.1302577 0.4969735 -0.8283469 0.2585711 0.3544626 -0.8652624 0.3545098 -0.4127738 -0.8287255 -0.3779309 -0.2953335 -0.8068758 -0.511595 -0.1208648 -0.8292335 -0.545677 -5.74812e-6 -0.8665052 -0.4991682 0.1681002 -0.8294362 -0.5327081 0.2508918 -0.8650252 -0.4344937 0.4181982 -0.8063825 -0.4181597 0.4344788 -0.8650221 -0.2509284 0.5326744 -0.8294575 -0.1681021 0.5008557 -0.8655308 -2.73064e-6 0.4836073 -0.8656414 0.1295723 0.4699635 -0.830375 0.2993523 0.3779148 -0.8287418 0.412756 0.2515423 -0.8642862 0.4355868 0.1682497 -0.829095 0.533192 0.02452838 -0.8286117 0.5592861 -0.1530242 -0.8064149 0.5712081 -0.3007184 -0.8288432 0.4717918 -0.3545659 -0.8652053 0.354546 -0.4717552 -0.8288676 0.3007088 -0.5712227 -0.8063967 0.1530658 -0.559279 -0.8286166 -0.02452576 -0.5332384 -0.8290591 -0.1682794 -0.4355506 -0.8643105 -0.2515221 -0.7464785 -0.5072553 -0.4306529 -0.8627794 -0.4595978 -0.2106695 -0.965917 0 -0.2588524 -0.8894387 -0.4561502 0.02873843 -1 0 -2.55905e-5 -0.8914896 -0.3859444 0.2372622 -0.9659329 0 0.2587931 -0.7735313 -0.4610545 0.4348314 -0.8659765 0 0.5000847 -0.5980432 -0.5065292 0.6211061 -0.7070991 0 0.7071145 -0.4198426 -0.4562851 0.784561 -0.2402479 -0.3859921 0.8906689 -0.2587912 0 0.9659333 -0.01021355 -0.4609222 0.8873818 3.20683e-5 0 1 0.2194853 -0.461466 0.8595786 0.2588499 0 0.9659177 0.4453661 -0.5061661 0.7385425 0.4999362 0 0.8660623 0.6490836 -0.456695 0.6083751 0.7071315 0 0.707082 0.7981016 -0.3862783 0.4624099 0.8660966 0 0.4998768 0.8906224 -0.3861368 0.2401875 0.9659246 0 0.2588238 0.922348 -0.3863575 0.001500725 1 0 -3.91345e-5 0.8912659 -0.386476 -0.2372373 0.965925 0 -0.258822 0.7384209 -0.506523 -0.445162 0.8661448 0 -0.4997932 0.6537325 -0.3848583 -0.6515505 0.7071189 0 -0.7070947 0.4168215 -0.5065013 -0.7547956 0.499785 0 -0.8661496 0.2401849 -0.3864347 -0.890494 0.2588285 0 -0.9659233 -0.02875536 -0.4570159 -0.8889937 3.85221e-5 0 -1 -0.2578681 -0.4569728 -0.8512814 -0.2588184 0 -0.965926 -0.4597824 -0.3862236 -0.7996446 -0.4998931 0 -0.8660871 -0.6200069 -0.4614199 -0.6345732 -0.7070702 0 -0.7071434 0 -1 -3.0608e-6 0 -1 1.98167e-6 0 -1 -2.97267e-6 -0.7072931 0 -0.7069205 -0.7072846 0 -0.706929 0 0.7071167 -0.7070969 0 0.7071496 -0.7070641 0.7071035 0 -0.7071101 0.7070949 0 -0.7071188 0.7071036 0 -0.7071101 0 -0.707099 -0.7071146 0 -0.7071093 -0.7071042 -0.7071242 0 0.7070894 -0.707081 0 0.7071326 -0.7070803 0 0.7071333 -0.7071849 0 -0.7070286 -0.7071836 0 -0.70703 -0.7071835 0 -0.7070301 0.7071416 0 -0.7070719 0.7071417 0 -0.707072 0.7070823 0 0.7071312 0.7070378 0 0.7071759 0.707037 0 0.7071766 0.3015241 0.9045022 0.3015943 0 0.7069184 0.7072951 0 0.7068302 0.7073834 0 0.7068301 0.7073834 0 1 0 0 1 6.56198e-6 0 1 6.58094e-6 0 1 -6.55416e-6 0 1 -6.58134e-6 0 1 3.09543e-6 0 0.707105 0.7071086 -0.5773503 0.5773503 0.5773503 -0.7071858 0.7070278 0 -0.7071065 0.7071072 0 -0.5773503 0.5773503 -0.5773503 0 0.7070629 -0.7071508 0.5774399 0.5771711 -0.5774399 0.7071859 0.7070278 0 0.7071858 0.7070278 0 0.7071858 0.7070277 0 0 1 3.17918e-6 0 0.707045 -0.7071686 0 0.7069566 -0.707257 -0.3016135 0.9044895 -0.3015432 -0.7070527 0.7071609 0 -0.7072234 0.7069902 0 -0.7072235 0.7069901 0 -0.3015624 0.9044767 0.3016327 0.301556 0.9045276 -0.3014858 0.7069722 0.7072414 0 0.7073554 0.7068581 0 0.7069718 0.7072418 0 0.5773951 0.5772607 0.5773951 0.7072257 0 0.7069878 0.7071593 0 0.7070543 0.7071589 0 0.7070547 0.70717 0 -0.7070436 0.7071041 0 -0.7071096 0.7071037 0 -0.7071099 0 -0.7071353 -0.7070784 0 -0.7071353 -0.7070783 1.16979e-6 -1 -1.17566e-6 1.17918e-6 -1 -1.1666e-6 -1.17321e-6 -1 -3.65869e-6 -1.17316e-6 -1 4.04923e-6 -1.20136e-6 -1 4.02988e-6 1.17929e-6 -1 -1.11011e-6 1.17015e-6 -1 -1.16698e-6 0 -0.707138 -0.7070757 0 -0.7070967 -0.7071169 0 -0.707138 -0.7070757 0.3016007 -0.9045214 -0.3014603 0.7071517 -0.7070618 -1.74157e-6 0.7070891 -0.7071245 -1.6592e-6 0.7070891 -0.7071245 -1.65917e-6 0.3013837 -0.9045723 0.3015241 0 -0.7073486 0.7068649 0 -0.7073042 0.7069094 0 -0.7073042 0.7069094 -1.20158e-6 -1 -3.68568e-6 0.7071015 -0.7071121 -1.70615e-6 0.7071016 -0.7071121 -1.62866e-6 0.7071016 -0.707112 -1.62863e-6 0.5775295 -0.5772607 -0.5772607 0.5773951 -0.5773951 0.5772607 0 -0.7071774 0.7070362 0 -0.7071774 0.7070362 -0.707183 0 0.7070306 -0.7071176 0 0.707096 -0.7071173 0 0.7070964 -0.7070618 0 -0.7071518 -0.7071278 0 -0.7070858 -0.7071282 0 -0.7070854 -0.5773951 -0.5773951 -0.5772607 -0.7071015 -0.7071121 -1.70615e-6 -0.7070222 -0.7071914 -1.62848e-6 -0.7070221 -0.7071915 -1.62845e-6 -0.5773055 -0.5774399 0.5773055 -0.7070674 -0.7071462 -1.6624e-6 -0.7071232 -0.7070904 -1.73823e-6 -0.7071232 -0.7070904 -1.73825e-6 -0.3015816 -0.9045341 -0.3014411 -0.7072052 0 -0.7070084 -0.7071936 0 -0.70702 -0.7071891 0 -0.7070245 0.7071524 0 -0.7070612 0.7071641 0 -0.7070496 0.7071685 0 -0.707045 0.7069171 0 0.7072965 0.7069054 0 0.7073081 0.706901 0 0.7073126 -0.7069466 0 0.7072671 -0.7069582 0 0.7072553 -0.7069627 0 0.7072509 -0.3013837 -0.9045723 0.3015241 0 -2.93137e-7 1 -1.6162e-7 -2.16368e-7 1 0.707087 0 0.7071266 0.7071062 0 0.7071074 0.7071062 0 0.7071074 0.7071275 0 -0.7070861 -0.7071068 0 0.7071068 -0.7071065 0 0.7071071 -0.7071184 0.7070952 0 -0.7070448 0.7071689 0 -0.7070447 0.7071689 0 -0.7070685 0 -0.7071451 -0.7071425 0 -0.7070711 -0.7071427 0 -0.7070709 0 0 -1 -2.77244e-6 0 -1 0 -0.7071721 -0.7070415 0 -0.707145 -0.7070686 0 -0.707145 -0.7070686 0 0.707099 -0.7071145 0 0.7070996 -0.707114 -0.7071624 0 -0.7070512 -0.7071543 0 -0.7070593 -0.7071624 0 -0.7070512 0 0 -1 -1.53765e-6 0 -1 0 0.7070373 0.7071763 0 0.7070432 0.7071704 0 0.7070432 0.7071704 -0.7070702 0 0.7071434 -0.707067 0 0.7071466 -0.707067 0 0.7071467 0 -0.7071071 0.7071065 0 -0.707059 0.7071546 0 -0.7071072 0.7071064 0 -0.7071492 -0.7070645 0 -0.7071011 -0.7071125 0 -0.7071011 -0.7071126 0.7071049 0 -0.7071087 0.7071194 0 -0.7070942 0.7071194 0 -0.7070941 0.7070702 0 0.7071434 0.707067 0 0.7071466 0 0 1 2.95702e-6 0 1 0 0 1 -3.78498e-6 0 1 -3.89463e-6 0 1 0 0.7070569 0.7071567 0 0.7070574 0.7071561 0 0.7070575 0.7071562 -0.7071275 0 0.7070862 -0.7071275 0 0.7070862 0 -0.70713 0.7070837 0 -0.7071029 0.7071107 0 -0.70713 0.7070836 3.04268e-6 0 1 0 0 1 -9.98335e-7 0 1 -1.01542e-6 0 1 0 0.707162 0.7070516 0 0.7071225 0.7070912 0 0.7071622 0.7070515 0 -0.7071618 0.7070519 0 -0.7070239 0.7071897 0 -0.7070237 0.7071899 -0.7071328 0 0.7070809 -0.7071012 0 0.7071124 -0.7071328 0 0.7070808 -0.7070581 0 -0.7071555 -0.7070939 0 -0.7071197 -0.707094 0 -0.7071197 0 0.7070656 -0.707148 0 0.7071069 -0.7071067 0 0.7071071 -0.7071066 -2.81827e-6 0 -1 0 -0.7069529 -0.7072607 0 -0.7071338 -0.7070798 0 -0.7069526 -0.7072609 0 0.7070794 -0.7071341 0 0.7070853 -0.7071282 0 0.7070794 -0.7071342 -1.5822e-6 0 -1 0.7071209 0 -0.7070927 0.7071097 0 -0.7071039 0.7071294 0 0.7070842 0.7071294 0 0.7070842 0.707131 0.7070826 0 0.7071151 0.7070984 0 0.7071145 0.7070991 0 -0.7071426 0.707071 0 -0.7070882 0.7071254 0 -0.7070857 0.7071279 0 -0.7071294 0 0.7070842 -0.7071294 0 0.7070842 -0.7071294 0 0.7070842 -0.5773237 0.5773909 0.5773363 0 0.7071076 0.7071061 0 0.7071076 0.707106 0.5773461 0.5773461 0.5773587 0 0.707119 0.7070946 0 0.7071135 0.7071001 -0.7070648 0 0.7071489 -0.7071012 0 0.7071124 -0.7070647 0 0.7071489 0 -0.707084 0.7071297 0 -0.7070908 0.7071228 0 -0.7070839 0.7071297 0.7070437 0 0.7071699 0.7070801 0 0.7071335 0.7070803 0 0.7071333 -0.7071596 0 -0.7070541 -0.7070809 0 -0.7071327 -0.7070807 0 -0.7071328 0 0.7071177 -0.7070959 0 0.7070959 -0.7071176 0 0.707096 -0.7071176 0.7071595 0 -0.7070541 0.707081 0 -0.7071326 0.7070808 0 -0.7071328 0 -0.7071069 -0.7071067 0.7071028 0.7071108 0 0.7071028 -0.7071107 0 -0.7073128 -0.7069007 0 -1 -1.33794e-6 0 -0.7071256 0.7070879 0 -0.7072895 0 0.7069242 -0.7071275 0 -0.7070862 -1 0 -7.94755e-7 -0.7071223 0 -0.7070913 0.7071223 0 -0.7070913 0.7168297 5.03846e-7 0.6972484 0.7071082 -0.7071053 0 0.7167655 1.11186e-6 -0.6973143 0.7169304 -4.47035e-7 -0.6971448 0.7072254 0.7069882 0 0.7168443 -2.08706e-7 0.6972333 0.716797 -3.69028e-6 0.697282 0.7168188 -5.84871e-7 -0.6972596 -0.7072162 0.7069974 0 -0.7167768 -1.34926e-6 -0.6973027 -0.7071323 -0.7070813 0 -0.716755 8.77306e-7 0.6973251 -0.7168555 -9.92829e-7 -0.6972219 -0.7071079 -0.7071058 0 -0.7167861 -7.83242e-7 0.6972932 -0.7071221 0.7070915 0 -0.716808 1.54134e-6 -0.6972706 -0.7168282 1.19275e-7 0.6972498 -0.7071447 -0.707069 0 0.7070809 -0.7071328 0 -0.7071335 0 0.7070801 0 -0.7071685 0.7070451 0.7071328 0 0.7070808 0.7070883 0 0.7071253 0 0.7071046 0.707109 -0.7070889 0 0.7071247 -0.707051 0 0.7071625 0 0.7070629 0.7071507 0.7071212 0 0.7070924 0 -0.7070764 0.7071371 0 0.7070416 -0.707172 0.7070721 0 -0.7071414 0 -0.7070786 -0.707135 -0.7071198 0 -0.7070939 0.7070889 0 -0.7071247 0 -0.7071373 -0.7070764 -0.7070806 0 -0.707133 0 0.7070927 -0.707121 0 0.7070998 -0.7071138 -0.7070748 0 -0.7071388 0 -0.7069722 -0.7072414 0 -0.707166 0.7070475 0 0.7070988 0.7071149 -0.7070446 0 0.7071689 0 -0.7070136 0.7072 0.707121 0 0.7070927 0.7071537 0 -0.7070599 0.7071672 0.7070465 0 0.7071086 0 0.707105 0.7071073 -0.7071064 0 0.7071278 0 -0.7070858 0 1 2.38617e-6 0 -1 3.243e-6 0 -1 2.16142e-5 0 -1 -1.98167e-6 0 -1 -6.73183e-5 0 -1 -6.73934e-5 0 -1 -3.06277e-6 0 -1 2.16171e-5 0 -1 1.2479e-6 0 -1 6.72755e-5 0 -1 6.12266e-6 0 -1 6.73242e-5 0 -1 1.98168e-6 0 -1 -2.16164e-5 0 0.7070935 0.7071201 -0.7070787 0 0.7071349 0.7071208 0 0.7070928 -0.7070998 0 0.7071139 0.7070787 0 0.7071349 -0.7070522 1.53874e-7 -0.7071614 -0.7072021 -0.7070115 -1.66479e-7 -0.7071741 -1.53203e-7 0.7070394 0 -0.7071333 0.7070804 0.707108 0 0.7071056 0.7070876 -0.707126 0 0.707117 0 -0.7070965 0 -0.7071412 -0.7070724 -0.7070499 -0.7071636 0 0.7070555 -0.7071582 -2.29831e-7 0.707116 0 -0.7070976 0 -0.7071177 -0.7070959 -0.7073286 0 -0.706885 0.7071389 0 -0.7070747 0 -0.7071411 0.7070726 0.7071539 0 0.7070598 0.7070175 1.50874e-7 0.7071961 0 0.7070912 0.7071224 -0.7071099 0 0.7071037 -0.7070721 0 0.7071414 0.7071424 0 0.7070713 0 -0.7070778 0.7071357 0 0.707043 -0.7071706 0.7070931 0 -0.7071205 -0.7071408 0 -0.7070728 0.7070519 -1.51737e-7 -0.7071617 0 -0.7070912 -0.7071224 -0.7071017 0 -0.707112 0 0.7070987 -0.7071149 0.7070973 0 -0.7071163 0 0.7070866 -0.707127 0 0.7071013 0.7071123 0 -0.7071554 -0.7070583 0 -0.7071338 0.7070798 0 -1 -1.44873e-6 0 -1 -6.72744e-5 0 -1 9.99736e-6 0 -1 -4.51153e-6 0 -1 -6.72732e-5 0 -1 6.48873e-6 0 -1 3.90886e-5 0 -1 -4.08059e-5 0 -1 6.73183e-5 0 -1 6.73888e-5 0 -1 3.06268e-6 0 -1 -2.16168e-5 0 0.7070974 0.7071162 0 -0.7070889 0.7071248 0.7070647 0 0.7071489 -1 -1.86265e-6 0 -0.707297 0 0.7069165 -0.7072385 0.7069751 0 -0.7071083 -1.09759e-6 -0.7071053 -0.7071186 -0.707095 0 0 0.7071062 0.7071074 0.7070858 0 0.7071278 -0.7071389 0 -0.7070747 0 0.7071204 -0.7070932 0.7071178 0 -0.7070959 -0.7071036 -1.10334e-6 -0.7071101 0.7068976 0 -0.707316 0 -0.7069491 -0.7072644 0 -1.60012e-6 -1 0.7070818 0.7071318 0 0.7071281 0 0.7070855 0.707156 0 -0.7070575 0 -1 -4.17708e-6 0 -1 -4.69296e-5 0 -1 -6.73911e-5 0 -1 -3.06262e-6 0 -1 2.16172e-5 0 -1 1.24793e-6 0 -1 6.72732e-5 0 -1 6.1239e-6 0 -1 6.12249e-6 0 -1 6.7271e-5 0 -1 3.35002e-7 -0.7071598 0 -0.7070538 0.7070809 0 -0.7071328 0.7071882 0.7070254 0 0.7071246 0 0.7070891 0.7071279 0 -0.7070857 -0.7070583 0 0.7071553 0 -0.7071088 0.7071048 0.7070673 0 0.7071464 0 0.7070501 0.7071635 -0.7072458 0.7069677 0 -0.7071004 -1.372e-6 0.7071132 -0.7072966 0 -0.7069169 0 -0.7071686 0.707045 -0.7070679 0 0.7071458 0 0.7070508 0.7071627 0.7070719 0 0.7071417 0.7070814 0 0.7071322 0 -0.7071425 0.7070711 0 0.7070198 0.7071938 0 -0.707103 -0.7071105 -0.7071194 0 -0.7070941 0 0.7070975 -0.7071161 0.7071259 0 -0.7070877 -0.7071122 0 -0.7071014 0 0.7071152 -0.7070984 0 -0.7070823 -0.7071313 0 0.7070328 -0.7071808 -0.7069535 0 0.7072601 0.7071332 0 0.7070804 0 -0.7071677 0.7070459 0.7070904 0 -0.7071232 0 -0.7071632 -0.7070503 -0.7069105 0 -0.7073031 0 0.7070795 0.7071341 0.7167891 4.56348e-7 0.6972901 0.7071077 -0.7071059 0 0.7167466 1.11186e-6 -0.6973338 0.716922 -4.47035e-7 -0.6971535 0.7070978 0.7071157 0 0.7167964 -4.42775e-7 0.6972826 0.7168504 -3.69695e-6 0.6972271 0.7071935 0.7070201 0 0.7168406 0 -0.6972371 0.707152 -0.7070615 0 -0.7070004 0.7072131 0 -0.7167001 -2.3627e-6 -0.6973815 -0.7070598 -0.7071538 0 -0.7168721 3.25963e-7 0.6972047 -0.7168011 -1.43363e-6 -0.6972778 -0.706904 -0.7073096 0 -0.7166556 -1.41654e-6 0.6974273 -0.7070749 0.7071386 0 -0.7168143 1.53761e-6 -0.6972641 -0.7168291 7.96001e-7 0.697249 0.7070653 0.7071483 0 -0.7071441 -0.7070695 0 0.7070327 -0.7071809 0 0 0.7070767 0.7071369 0.7070998 0 0.7071139 -0.7070391 0 -0.7071745 -0.7071351 -0.7070785 0 0.7071899 -0.7070236 0 0 -0.7070872 -0.7071263 0 -0.7071716 -0.707042 0 -0.7070616 0.707152 0.7071137 0 0.7071 0 -0.7070767 -0.7071369 -0.7070806 -0.7071329 0 0 -0.7070873 0.7071263 -0.7070374 0 -0.7071763 0 -0.7071821 -0.7070316 0 -0.7070721 0.7071415 0.707275 0 0.7069386 0.7071906 -0.707023 0 0 -0.7071286 0.707085 -0.7072339 0 0.7069797 -0.7070378 0 -0.7071759 0 -0.7071689 -0.7070447 0 -0.7070826 0.707131 0.7070905 0 0.7071231 0.7071901 -0.7070236 0 -0.7071352 -0.7070784 0 0 -0.7070767 0.7071369 -0.7070424 0 0.7071712 -0.7070442 0 -0.7071694 0 -0.7071926 -0.7070209 0.7070892 0 0.7071245 0.7071905 -0.7070231 0 -0.7070807 -0.7071328 0 0.7070862 0 -0.7071274 0.7070927 0 0.707121 0 -0.7070794 0.7071343 -0.7070451 0 0.7071685 -0.7070567 0 -0.707157 0 -0.7070978 -0.7071158 0.7071032 0 -0.7071104 0.7071093 0 0.7071042 0 -0.7070978 0.7071158 -0.7070746 0 0.707139 0.707112 0 0.7071017 -0.7070227 0 -0.7071908 0 -0.7070556 -0.7071579 0.707069 0 -0.7071445 0.7070742 0 0.7071394 0 -0.7070556 0.7071579 -0.7070245 0 0.7071891 -0.7070073 0 -0.7072063 -0.7070811 -0.7071325 0 0.7070622 0 0.7071514 -0.7070451 0 -0.7071685 0.7070965 0 -0.7071171 0.7070828 0 -0.7071308 0.7070897 0 -0.7071239 0.7070957 0 0.707118 0.707124 0 -0.7070897 0.7070803 0 0.7071334 0.707124 0 0.7070897 -0.7070794 0 0.7071343 -0.7070742 0 -0.7071394 -0.7070837 0 -0.70713 0 0.7071213 0.7070924 -0.7070413 0 0.7071722 0 -1 5.40832e-6 0 -1 8.11098e-7 0 -1 -3.06256e-6 0 -1 -6.12263e-6 0 -1 -6.72755e-5 0 -1 3.06112e-6 0 -1 -2.16138e-5 0 0.7071496 -0.707064 -0.707125 0 0.7070887 0.7070831 0 0.7071305 0 0.7069185 0.707295 -0.7071858 0.7070277 0 0.7071859 0.7070277 0 0 0.7070451 -0.7071686 -0.7070525 0.7071611 0 0.7073556 0.706858 0 0.7072261 0 0.7069875 0.7071704 0 -0.7070432 0.7071518 -0.7070618 -1.74166e-6 0.7071015 -0.7071121 -1.70618e-6 -0.7071834 0 0.7070302 -0.7070615 0 -0.7071521 -0.7071015 -0.7071121 -1.70618e-6 -0.7070674 -0.7071463 -1.66231e-6 -0.7072097 0 -0.7070039 0.707148 0 -0.7070657 0.7069215 0 0.707292 -0.7069421 0 0.7072715 -1.61619e-7 -6.63043e-7 1 0 -8.7941e-7 1 -0.7071186 0.707095 0 -0.7070682 0 -0.7071455 0 -0.7071722 -0.7070415 -0.7071543 0 -0.7070593 0 0.7070373 0.7071763 0 -0.7070589 0.7071547 0 -0.7071493 -0.7070643 0.7071049 0 -0.7071088 0.707067 0 0.7071467 0 -0.7071028 0.7071108 0 0.7071225 0.7070912 0 -0.7071622 0.7070515 -0.7071011 0 0.7071125 -0.707058 0 -0.7071556 0 0.7070655 -0.7071481 0 -0.7071343 -0.7070793 0.707121 0 -0.7070927 0.7071294 0 0.7070842 0.7071317 0.7070819 0 -0.7071451 0.7070685 0 0 0.7071191 0.7070946 -0.7071014 0 0.7071123 0.7070436 0 0.70717 -0.7071599 0 -0.7070537 0.7071599 0 -0.7070537</float_array>
          <technique_common>
            <accessor source="#Mesh12_Group10_Group3_Group1_Model-mesh-normals-array" count="2164" stride="3">
              <param name="X" type="float"/>
              <param name="Y" type="float"/>
              <param name="Z" type="float"/>
            </accessor>
          </technique_common>
        </source>
        <source id="Mesh12_Group10_Group3_Group1_Model-mesh-map-0">
          <float_array id="Mesh12_Group10_Group3_Group1_Model-mesh-map-0-array" count="18300">0.004935324 0.600482 0.008615314 0.600482 0.008678913 0.821282 0.774216 0.39585 0.553418 0.402474 0.774216 0.402474 0.837859 0.344692 0.844483 0.786273 0.844483 0.344692 0.238076 0.695101 0.01727795 0.688477 0.238076 0.688477 0.858807 0.354924 0.852184 0.796504 0.852184 0.354924 0.994262 0.280313 0.553418 0.281049 0.554152 0.280313 0.554154 0.280313 0.994262 0.06098699 0.994262 0.280313 0.554154 0.280313 0.553418 0.06025099 0.554154 0.06098699 0.554154 0.06098699 0.995 0.06025099 0.994264 0.06098699 0.994262 0.06098699 0.995 0.281049 0.994262 0.280313 0.150332 0.854363 0.1493099 0.490407 0.1493099 0.854363 0.106055 0.304289 0.105034 0.06403589 0.106056 0.06403589 0.158532 0.854363 0.15751 0.490407 0.15751 0.854363 0.114255 0.304289 0.113233 0.06403589 0.113233 0.304289 0.337968 0.05682277 0.430685 0.004999697 0.09771597 0.05682295 0.337968 0.42078 0.430685 0.004999697 0.337968 0.05682277 0.337968 0.42078 0.430685 0.472602 0.430685 0.004999697 0.430685 0.472602 0.337968 0.42078 0.004999995 0.472602 0.09771597 0.42078 0.004999995 0.472602 0.337968 0.42078 0.004999995 0.472602 0.09771597 0.42078 0.004999995 0.004999995 0.004999995 0.004999995 0.09771597 0.42078 0.09771597 0.05682295 0.004999995 0.004999995 0.09771597 0.05682295 0.430685 0.004999697 0.238076 0.695101 0.01727795 0.688477 0.238076 0.688477 0.858807 0.354924 0.852184 0.796504 0.852184 0.354924 0.774216 0.39585 0.553418 0.402474 0.774216 0.402474 0.837859 0.344692 0.844483 0.786273 0.844483 0.344692 0.554154 0.06098699 0.995 0.06025099 0.994264 0.06098699 0.554154 0.280313 0.994262 0.06098699 0.994262 0.280313 0.554152 0.280313 0.995 0.281049 0.553418 0.281049 0.994262 0.06098699 0.995 0.281049 0.994262 0.280313 0.554154 0.280313 0.553418 0.06025099 0.554154 0.06098699 0.45026 0.821265 0.008680164 0.824944 0.008679091 0.821265 0.008678913 0.821282 0.004935324 0.600482 0.004999935 0.824962 0.858807 0.796504 0.852184 0.354924 0.852184 0.796504 0.01727795 0.695101 0.238076 0.688477 0.01727795 0.688477 0.837859 0.786273 0.844483 0.344692 0.844483 0.786273 0.553418 0.39585 0.774216 0.402474 0.553418 0.402474 0.553418 0.281049 0.554154 0.06098699 0.553418 0.06025099 0.995 0.281049 0.554152 0.280313 0.553418 0.281049 0.995 0.06025099 0.994262 0.280313 0.995 0.281049 0.553418 0.06025099 0.994264 0.06098699 0.995 0.06025099 0.554154 0.06098699 0.994262 0.280313 0.994262 0.06098699 0.005021274 0.915053 0.298728 0.911219 0.302512 0.915 0.298728 0.911219 0.005021274 0.915053 0.008802711 0.91127 0.005021274 0.614952 0.008802711 0.91127 0.005021274 0.915053 0.008802711 0.618735 0.008802711 0.91127 0.005021274 0.614952 0.009299933 0.619201 0.008781969 0.911218 0.008781969 0.618684 0.298728 0.618684 0.009299933 0.619201 0.008781969 0.618684 0.298728 0.911218 0.29821 0.619201 0.298728 0.618684 0.298728 0.618684 0.302512 0.614899 0.298728 0.911219 0.008802711 0.618735 0.302512 0.614899 0.298728 0.618684 0.302512 0.614899 0.008802711 0.618735 0.005021274 0.614952 0.170244 0.05068498 0.169467 0.348197 0.169467 0.05068498 0.908147 0.743595 0.608046 0.742818 0.908147 0.742818 0.162614 0.05068498 0.1633909 0.348197 0.1633909 0.05068498 0.908147 0.767945 0.608046 0.768722 0.908147 0.768722 0.703251 0.632744 0.703769 0.332125 0.703769 0.633261 0.405222 0.633261 0.703251 0.632743 0.703769 0.633261 0.405222 0.332125 0.405739 0.632744 0.405222 0.633261 0.405213 0.332135 0.405222 0.633261 0.398402 0.325325 0.398402 0.325325 0.405222 0.633261 0.398412 0.640071 0.703769 0.633261 0.398412 0.640071 0.405222 0.633261 0.398412 0.640071 0.703769 0.633261 0.710579 0.640071 0.710569 0.325325 0.710579 0.640071 0.703769 0.633261 0.710579 0.325314 0.711097 0.640589 0.710579 0.640071 0.397894 0.324797 0.71058 0.325315 0.398412 0.325315 0.398412 0.325315 0.397894 0.640589 0.397894 0.324797 0.71058 0.640071 0.397894 0.640589 0.398412 0.640071 0.1882269 0.05068498 0.17632 0.363889 0.17632 0.05068498 0.923838 0.703986 0.608046 0.715892 0.923838 0.715892 0.14711 0.363889 0.135203 0.05068498 0.135203 0.363889 0.398411 0.320274 0.711097 0.320792 0.710579 0.320274 0.710579 0.320274 0.405222 0.313464 0.398412 0.320274 0.405222 0.313464 0.710579 0.320274 0.703769 0.313464 0.703769 0.313464 0.710579 0.320274 0.703778 0.01233828 0.710579 0.320274 0.710589 0.005528271 0.703778 0.01233828 0.710579 0.320275 0.711097 0.004999995 0.710579 0.005517959 0.711097 0.004999995 0.398411 0.005517959 0.710579 0.005517959 0.398412 0.320274 0.397894 0.004999995 0.397894 0.320792 0.398412 0.320274 0.405232 0.01233828 0.398422 0.005528271 0.405222 0.313464 0.405232 0.01233828 0.398412 0.320274 0.405222 0.313464 0.405739 0.01284527 0.405222 0.01232796 0.703769 0.313464 0.405739 0.312946 0.405222 0.313464 0.703251 0.01284527 0.703769 0.313464 0.703769 0.01232796 0.703769 0.01232796 0.405739 0.01284599 0.703251 0.01284599 0.703778 0.01233828 0.398422 0.005528271 0.405232 0.01233828 0.398422 0.005528271 0.703778 0.01233828 0.710589 0.005528271 0.34301 0.302512 0.339645 0.004999935 0.339645 0.302512 0.608046 0.75995 0.908147 0.763315 0.608046 0.763315 0.33165 0.302512 0.335015 0.004999995 0.335015 0.302512 0.608046 0.777021 0.908147 0.773656 0.608046 0.773656 0.306581 0.94472 0.310364 0.648401 0.306581 0.64462 0.310364 0.940935 0.310364 0.648401 0.306581 0.94472 0.310308 0.648376 0.310825 0.940394 0.310825 0.648894 0.599736 0.648894 0.310308 0.648376 0.310825 0.648894 0.599736 0.940394 0.600254 0.648376 0.599736 0.648894 0.608046 0.748529 0.899545 0.755259 0.608046 0.755259 0.157923 0.05068498 0.151193 0.339596 0.151193 0.05068498 0.899545 0.797641 0.608046 0.80437 0.899545 0.80437 0.01984798 0.06324899 0.02657788 0.352159 0.02657788 0.06324899 0.298728 0.911218 0.009299933 0.9107 0.298211 0.9107 0.599736 0.940393 0.310308 0.940911 0.600254 0.940911 0.310364 0.940935 0.604035 0.944695 0.600254 0.940911 0.604035 0.944695 0.310364 0.940935 0.306581 0.94472 0.600254 0.940911 0.604035 0.944695 0.600254 0.648377 0.604035 0.944695 0.604035 0.644595 0.600254 0.648377 0.306581 0.64462 0.600254 0.648377 0.604035 0.644595 0.600254 0.648377 0.306581 0.64462 0.310364 0.648401 0.923838 0.667923 0.608046 0.656016 0.923838 0.656016 0.710569 0.325325 0.405213 0.332135 0.398402 0.325325 0.405213 0.332135 0.710569 0.325325 0.703759 0.332135 0.703759 0.332135 0.710569 0.325325 0.703769 0.633261 0.405222 0.332125 0.703251 0.332643 0.405739 0.332643 0.302512 0.614899 0.302512 0.915 0.298728 0.911219 0.005021274 0.915053 0.298728 0.911219 0.302512 0.915 0.298728 0.911219 0.005021274 0.915053 0.008802711 0.91127 0.005021274 0.614952 0.008802711 0.91127 0.005021274 0.915053 0.008802711 0.618735 0.008802711 0.91127 0.005021274 0.614952 0.009299933 0.619201 0.008781969 0.911218 0.008781969 0.618684 0.298211 0.619201 0.008781969 0.618684 0.298728 0.618684 0.298728 0.911218 0.29821 0.619201 0.298728 0.618684 0.298728 0.618684 0.302512 0.614899 0.298728 0.911219 0.008802711 0.618735 0.302512 0.614899 0.298728 0.618684 0.302512 0.614899 0.008802711 0.618735 0.005021274 0.614952 0.170244 0.05068498 0.169467 0.348197 0.169467 0.05068498 0.908147 0.743595 0.608046 0.742818 0.908147 0.742818 0.162614 0.05068498 0.1633909 0.348197 0.1633909 0.05068498 0.908147 0.767945 0.608046 0.768722 0.908147 0.768722 0.703251 0.632744 0.703769 0.332125 0.703769 0.633261 0.405739 0.632743 0.703769 0.633261 0.405222 0.633261 0.405222 0.332125 0.405739 0.632744 0.405222 0.633261 0.405213 0.332135 0.405222 0.633261 0.398402 0.325325 0.398402 0.325325 0.405222 0.633261 0.398412 0.640071 0.703769 0.633261 0.398412 0.640071 0.405222 0.633261 0.398412 0.640071 0.703769 0.633261 0.710579 0.640071 0.710569 0.325325 0.710579 0.640071 0.703769 0.633261 0.710579 0.325314 0.711097 0.640589 0.710579 0.640071 0.397894 0.324797 0.71058 0.325315 0.398412 0.325315 0.398412 0.325315 0.397894 0.640589 0.397894 0.324797 0.71058 0.640071 0.397894 0.640589 0.398412 0.640071 0.1882269 0.05068498 0.17632 0.363889 0.17632 0.05068498 0.923838 0.703986 0.608046 0.715892 0.923838 0.715892 0.14711 0.363889 0.135203 0.05068498 0.135203 0.363889 0.398411 0.320274 0.711097 0.320792 0.710579 0.320274 0.710579 0.320274 0.405222 0.313464 0.398412 0.320274 0.405222 0.313464 0.710579 0.320274 0.703769 0.313464 0.703769 0.313464 0.710579 0.320274 0.703778 0.01233828 0.710579 0.320274 0.710589 0.005528271 0.703778 0.01233828 0.710579 0.320275 0.711097 0.004999995 0.710579 0.005517959 0.711097 0.004999995 0.398411 0.005517959 0.710579 0.005517959 0.398412 0.320274 0.397894 0.004999995 0.397894 0.320792 0.398412 0.320274 0.405232 0.01233828 0.398422 0.005528271 0.405222 0.313464 0.405232 0.01233828 0.398412 0.320274 0.405222 0.313464 0.405739 0.01284527 0.405222 0.01232796 0.703251 0.312946 0.405222 0.313464 0.703769 0.313464 0.703251 0.01284527 0.703769 0.313464 0.703769 0.01232796 0.405222 0.01232796 0.703251 0.01284599 0.703769 0.01232796 0.703778 0.01233828 0.398422 0.005528271 0.405232 0.01233828 0.398422 0.005528271 0.703778 0.01233828 0.710589 0.005528271 0.34301 0.302512 0.339645 0.004999935 0.339645 0.302512 0.608046 0.75995 0.908147 0.763315 0.608046 0.763315 0.33165 0.302512 0.335015 0.004999995 0.335015 0.302512 0.608046 0.777021 0.908147 0.773656 0.608046 0.773656 0.306581 0.94472 0.310364 0.648401 0.306581 0.64462 0.310364 0.940935 0.310364 0.648401 0.306581 0.94472 0.310308 0.648376 0.310825 0.940394 0.310825 0.648894 0.600254 0.648376 0.310825 0.648894 0.599736 0.648894 0.599736 0.940394 0.600254 0.648376 0.599736 0.648894 0.608046 0.748529 0.899545 0.755259 0.608046 0.755259 0.157923 0.05068498 0.151193 0.339596 0.151193 0.05068498 0.899545 0.797641 0.608046 0.80437 0.899545 0.80437 0.01984798 0.06324899 0.02657788 0.352159 0.02657788 0.06324899 0.008781969 0.911218 0.298211 0.9107 0.298728 0.911218 0.310825 0.940393 0.600254 0.940911 0.599736 0.940393 0.310364 0.940935 0.604035 0.944695 0.600254 0.940911 0.604035 0.944695 0.310364 0.940935 0.306581 0.94472 0.600254 0.940911 0.604035 0.944695 0.600254 0.648377 0.604035 0.944695 0.604035 0.644595 0.600254 0.648377 0.306581 0.64462 0.600254 0.648377 0.604035 0.644595 0.600254 0.648377 0.306581 0.64462 0.310364 0.648401 0.923838 0.667923 0.608046 0.656016 0.923838 0.656016 0.710569 0.325325 0.405213 0.332135 0.398402 0.325325 0.405213 0.332135 0.710569 0.325325 0.703759 0.332135 0.703759 0.332135 0.710569 0.325325 0.703769 0.633261 0.703769 0.332125 0.405739 0.332643 0.405222 0.332125 0.302512 0.614899 0.302512 0.915 0.298728 0.911219 0.004935324 0.600482 0.008615314 0.600482 0.008678913 0.821282 0.774216 0.39585 0.553418 0.402474 0.774216 0.402474 0.837859 0.344692 0.844483 0.786273 0.844483 0.344692 0.238076 0.695101 0.01727795 0.688477 0.238076 0.688477 0.858807 0.354924 0.852184 0.796504 0.852184 0.354924 0.554152 0.280313 0.995 0.281049 0.553418 0.281049 0.554154 0.280313 0.994262 0.06098699 0.994262 0.280313 0.554154 0.06098699 0.553418 0.281049 0.553418 0.06025099 0.554154 0.06098699 0.995 0.06025099 0.994264 0.06098699 0.994262 0.06098699 0.995 0.281049 0.994262 0.280313 0.004935324 0.600482 0.008615314 0.600482 0.008678913 0.821282 0.774216 0.39585 0.553418 0.402474 0.774216 0.402474 0.837859 0.344692 0.844483 0.786273 0.844483 0.344692 0.238076 0.695101 0.01727795 0.688477 0.238076 0.688477 0.858807 0.354924 0.852184 0.796504 0.852184 0.354924 0.994262 0.280313 0.553418 0.281049 0.554152 0.280313 0.554154 0.280313 0.994262 0.06098699 0.994262 0.280313 0.554154 0.280313 0.553418 0.06025099 0.554154 0.06098699 0.554154 0.06098699 0.995 0.06025099 0.994264 0.06098699 0.994262 0.06098699 0.995 0.281049 0.994262 0.280313 0.004999995 0.004999995 0.513296 0.508783 0.004999995 0.508783 0.004999995 0.988975 0.494977 0.505023 0.004999995 0.505023 0.01727795 0.695101 0.238076 0.688477 0.01727795 0.688477 0.837859 0.786273 0.844483 0.344692 0.844483 0.786273 0.553418 0.39585 0.774216 0.402474 0.553418 0.402474 0.858807 0.796504 0.852184 0.354924 0.852184 0.796504 0.995 0.281049 0.554152 0.280313 0.553418 0.281049 0.995 0.281049 0.994262 0.06098699 0.994262 0.280313 0.995 0.06025099 0.554154 0.06098699 0.994264 0.06098699 0.553418 0.281049 0.554154 0.06098699 0.553418 0.06025099 0.554154 0.06098699 0.994262 0.280313 0.994262 0.06098699 0.450261 0.824962 0.008678913 0.821282 0.008679986 0.824962 0.43793 0.004999995 0.865248 0.474234 0.865248 0.004999995 0.988916 0.830377 0.770129 0.771755 0.82875 0.990538 0.21963 0.154385 0.2245849 0.120549 0.2245849 0.154385 0.21963 0.188238 0.2245849 0.154385 0.2245849 0.188238 0.21963 0.219779 0.2245849 0.188238 0.2245849 0.219779 0.21963 0.246861 0.2245849 0.219779 0.2245849 0.246861 0.162852 0.396939 0.189951 0.391985 0.162852 0.391985 0.1313109 0.396939 0.162852 0.391985 0.1313109 0.391985 0.09747499 0.396939 0.1313109 0.391985 0.09747499 0.391985 0.06362301 0.396939 0.09747499 0.391985 0.06362301 0.391985 0.03208196 0.396939 0.06362301 0.391985 0.03208196 0.391985 0.004999995 0.396939 0.03208196 0.391985 0.004999995 0.391985 0.104261 0.097121 0.099307 0.07003998 0.099307 0.097121 0.104261 0.128662 0.099307 0.097121 0.099307 0.128662 0.104261 0.162515 0.099307 0.128662 0.099307 0.162515 0.104261 0.196351 0.099307 0.162515 0.099307 0.196351 0.104261 0.227892 0.099307 0.196351 0.099307 0.227892 0.104261 0.254991 0.099307 0.227892 0.099307 0.254991 0.162869 0.380603 0.189951 0.385557 0.162869 0.385557 0.131328 0.380603 0.162869 0.385557 0.131328 0.385557 0.097476 0.380603 0.131328 0.385557 0.097476 0.385557 0.06363898 0.380603 0.097476 0.385557 0.06363898 0.385557 0.03209888 0.380603 0.06363898 0.385557 0.03209888 0.385557 0.004999935 0.380603 0.03209888 0.385557 0.004999935 0.385557 0.21963 0.08900797 0.2245849 0.06190997 0.2245849 0.08900797 0.21963 0.120549 0.2245849 0.08900797 0.2245849 0.120549 0.474532 0.522405 0.442992 0.535467 0.443867 0.538687 0.443005 0.535486 0.409169 0.54328 0.44388 0.538706 0.409179 0.539965 0.374467 0.538726 0.409179 0.5433 0.375269 0.53551 0.34206 0.525339 0.37441 0.53873 0.31668 0.501631 0.342094 0.525295 0.343762 0.522405 0.31668 0.501631 0.314318 0.503976 0.342094 0.525295 0.29589 0.474532 0.314318 0.503976 0.31668 0.501631 0.29589 0.474532 0.293016 0.4762 0.314318 0.503976 0.29589 0.474532 0.279607 0.443866 0.293016 0.4762 0.29589 0.474532 0.282827 0.442991 0.279607 0.443866 0.282827 0.442991 0.275049 0.409155 0.279607 0.443866 0.282827 0.442991 0.278369 0.409155 0.275049 0.409155 0.278369 0.409155 0.279607 0.374444 0.275049 0.409155 0.278369 0.409155 0.282827 0.375303 0.279607 0.374444 0.29589 0.343762 0.279607 0.374444 0.282827 0.375303 0.29589 0.343762 0.293016 0.342094 0.279607 0.374444 0.31668 0.31668 0.293016 0.342094 0.29589 0.343762 0.31668 0.31668 0.314318 0.314318 0.293016 0.342094 0.31668 0.31668 0.342094 0.293015 0.314318 0.314318 0.31668 0.31668 0.343762 0.295889 0.342094 0.293015 0.343762 0.295889 0.374444 0.279607 0.342094 0.293015 0.343762 0.295889 0.375303 0.282827 0.374444 0.279607 0.409156 0.278369 0.374444 0.279607 0.375303 0.282827 0.409156 0.278369 0.409156 0.275049 0.374444 0.279607 0.442992 0.282827 0.409156 0.275049 0.409156 0.278369 0.442992 0.282827 0.443867 0.279607 0.409156 0.275049 0.474532 0.295889 0.443867 0.279607 0.442992 0.282827 0.474532 0.295889 0.4762 0.293015 0.443867 0.279607 0.474532 0.295889 0.503976 0.314318 0.4762 0.293015 0.474532 0.295889 0.501631 0.31668 0.503976 0.314318 0.501631 0.31668 0.525294 0.342094 0.503976 0.314318 0.501631 0.31668 0.522405 0.343762 0.525294 0.342094 0.535467 0.375303 0.525294 0.342094 0.522405 0.343762 0.535467 0.375303 0.538687 0.374444 0.525294 0.342094 0.539926 0.409155 0.538687 0.374444 0.535467 0.375303 0.539926 0.409155 0.543262 0.409155 0.538687 0.374444 0.535438 0.442974 0.543233 0.409138 0.539897 0.409138 0.522405 0.474532 0.538687 0.443866 0.535467 0.442991 0.522405 0.474532 0.525294 0.4762 0.538687 0.443866 0.522405 0.474532 0.503976 0.503976 0.525294 0.4762 0.522405 0.474532 0.501631 0.501631 0.503976 0.503976 0.474532 0.522405 0.503976 0.503976 0.501631 0.501631 0.474532 0.522405 0.4762 0.525295 0.503976 0.503976 0.474532 0.522405 0.443867 0.538687 0.4762 0.525295 0.443864 0.538676 0.523557 0.523549 0.476197 0.525283 0.443864 0.538676 0.490052 0.549259 0.523557 0.523549 0.409153 0.54325 0.490052 0.549259 0.443864 0.538676 0.328255 0.549262 0.490052 0.549259 0.409153 0.54325 0.367276 0.565428 0.490052 0.549259 0.328255 0.549262 0.367276 0.565428 0.451031 0.565427 0.490052 0.549259 0.451031 0.565427 0.367276 0.565428 0.409153 0.570942 0.366435 0.568703 0.409173 0.570998 0.367294 0.565482 0.326561 0.552198 0.36725 0.565474 0.328228 0.54931 0.292389 0.525922 0.326588 0.552162 0.328256 0.549272 0.43609 0.323747 0.422879 0.289548 0.422879 0.323747 0.43609 0.363578 0.422879 0.323747 0.422879 0.363578 0.43609 0.406315 0.422879 0.363578 0.422879 0.406315 0.43609 0.449051 0.422879 0.406315 0.422879 0.449051 0.43609 0.488882 0.422879 0.449051 0.422879 0.488882 0.43609 0.523082 0.422879 0.488882 0.422879 0.523082 0.729528 0.151542 0.763728 0.1383309 0.729528 0.1383309 0.689698 0.151542 0.729528 0.1383309 0.689698 0.1383309 0.646961 0.151542 0.689698 0.1383309 0.646961 0.1383309 0.604224 0.151542 0.646961 0.1383309 0.604224 0.1383309 0.564394 0.151542 0.604224 0.1383309 0.564394 0.1383309 0.530194 0.151542 0.564394 0.1383309 0.530194 0.1383309 0.383855 0.322121 0.397066 0.287922 0.397066 0.322121 0.383855 0.361952 0.397066 0.322121 0.397066 0.361952 0.383855 0.404689 0.397066 0.361952 0.397066 0.404689 0.383855 0.447426 0.397066 0.404689 0.397066 0.447426 0.383855 0.487256 0.397066 0.447426 0.397066 0.487256 0.383855 0.521456 0.397066 0.487256 0.397066 0.521456 0.727902 0.177355 0.762102 0.190566 0.727902 0.190566 0.688072 0.177355 0.727902 0.190566 0.688072 0.190566 0.645335 0.177355 0.688072 0.190566 0.645335 0.190566 0.602599 0.177355 0.645335 0.190566 0.602599 0.190566 0.562768 0.177355 0.602599 0.190566 0.562768 0.190566 0.528568 0.177355 0.562768 0.190566 0.528568 0.190566 0.266149 0.491723 0.292389 0.525922 0.294734 0.523561 0.292389 0.525922 0.328256 0.549272 0.294734 0.523561 0.328255 0.549262 0.374442 0.538677 0.294733 0.523552 0.374442 0.538677 0.328255 0.549262 0.409153 0.54325 0.294733 0.523552 0.374442 0.538677 0.342093 0.525285 0.294733 0.523552 0.342093 0.525285 0.314318 0.503968 0.294733 0.523552 0.314318 0.503968 0.269022 0.490048 0.269022 0.490048 0.314318 0.503968 0.293016 0.476193 0.269022 0.490048 0.293016 0.476193 0.252856 0.451028 0.252856 0.451028 0.293016 0.476193 0.279607 0.443861 0.252856 0.451028 0.279607 0.443861 0.247357 0.409151 0.247357 0.409151 0.279607 0.443861 0.27505 0.409151 0.247357 0.409151 0.27505 0.409151 0.279608 0.374441 0.247357 0.409151 0.279608 0.374441 0.252856 0.367275 0.252856 0.367275 0.279608 0.374441 0.293016 0.342092 0.252856 0.367275 0.293016 0.342092 0.269023 0.328254 0.269023 0.328254 0.293016 0.342092 0.314319 0.314317 0.269023 0.328254 0.314319 0.314317 0.294734 0.294733 0.294734 0.294733 0.314319 0.314317 0.342094 0.293015 0.294734 0.294733 0.342094 0.293015 0.328256 0.269022 0.328256 0.269022 0.342094 0.293015 0.374444 0.279606 0.328256 0.269022 0.374444 0.279606 0.409154 0.275048 0.328256 0.269022 0.409154 0.275048 0.490053 0.26902 0.443865 0.279605 0.490053 0.26902 0.409154 0.275048 0.476198 0.293013 0.490053 0.26902 0.443865 0.279605 0.476198 0.293013 0.523558 0.29473 0.490053 0.26902 0.503973 0.314314 0.523558 0.29473 0.476198 0.293013 0.503973 0.314314 0.549269 0.328251 0.523558 0.29473 0.525292 0.342089 0.549269 0.328251 0.503973 0.314314 0.525292 0.342089 0.565435 0.36727 0.549269 0.328251 0.538684 0.374437 0.565435 0.36727 0.525292 0.342089 0.543258 0.409147 0.565435 0.36727 0.538684 0.374437 0.543258 0.409147 0.570951 0.409147 0.565435 0.36727 0.538684 0.443857 0.570951 0.409147 0.543258 0.409147 0.538684 0.443857 0.565435 0.451024 0.570951 0.409147 0.525291 0.476189 0.565435 0.451024 0.538684 0.443857 0.525291 0.476189 0.549268 0.490044 0.565435 0.451024 0.503972 0.503965 0.549268 0.490044 0.525291 0.476189 0.503972 0.503965 0.523557 0.523549 0.549268 0.490044 0.476197 0.525283 0.523557 0.523549 0.503972 0.503965 0.525922 0.525922 0.549272 0.490055 0.523561 0.523561 0.525922 0.525922 0.552162 0.491723 0.549272 0.490055 0.552162 0.491723 0.565439 0.451033 0.549272 0.490055 0.552162 0.491723 0.568659 0.451892 0.565439 0.451033 0.568659 0.451892 0.570955 0.409155 0.565439 0.451033 0.568659 0.451892 0.57429 0.409155 0.570955 0.409155 0.568659 0.366418 0.570955 0.409155 0.57429 0.409155 0.568659 0.366418 0.565439 0.367277 0.570955 0.409155 0.552162 0.326588 0.565439 0.367277 0.568659 0.366418 0.552162 0.326588 0.549272 0.328256 0.565439 0.367277 0.525922 0.292389 0.549272 0.328256 0.552162 0.326588 0.525922 0.292389 0.523561 0.294733 0.549272 0.328256 0.491718 0.266172 0.523557 0.294757 0.525918 0.292413 0.451892 0.249651 0.490055 0.269022 0.491723 0.266148 0.451892 0.249651 0.451034 0.252855 0.490055 0.269022 0.451892 0.249651 0.409156 0.2473559 0.451034 0.252855 0.451892 0.249651 0.409156 0.24402 0.409156 0.2473559 0.366418 0.249651 0.409156 0.2473559 0.409156 0.24402 0.366418 0.249651 0.367277 0.252855 0.409156 0.2473559 0.366418 0.249651 0.328256 0.269022 0.367277 0.252855 0.366418 0.249651 0.326588 0.266148 0.328256 0.269022 0.326588 0.266148 0.294734 0.294733 0.328256 0.269022 0.326588 0.266148 0.292389 0.292389 0.294734 0.294733 0.266149 0.326588 0.294734 0.294733 0.292389 0.292389 0.266149 0.326588 0.269022 0.328256 0.294734 0.294733 0.249651 0.366418 0.269022 0.328256 0.266149 0.326588 0.249651 0.366418 0.252855 0.367277 0.269022 0.328256 0.249651 0.366418 0.2473559 0.409155 0.252855 0.367277 0.249651 0.366418 0.24402 0.409155 0.2473559 0.409155 0.249651 0.451892 0.2473559 0.409155 0.24402 0.409155 0.249651 0.451892 0.252855 0.451033 0.2473559 0.409155 0.249651 0.451892 0.269022 0.490055 0.252855 0.451033 0.249651 0.451892 0.266149 0.491723 0.269022 0.490055 0.266149 0.491723 0.294734 0.523561 0.269022 0.490055 0.328256 0.269022 0.451032 0.252854 0.367277 0.252855 0.328256 0.269022 0.490053 0.26902 0.451032 0.252854 0.367277 0.252855 0.451032 0.252854 0.409154 0.2473559 0.491723 0.552162 0.525922 0.525922 0.523561 0.523561 0.491723 0.552162 0.523561 0.523561 0.490055 0.549272 0.491723 0.552162 0.490055 0.549272 0.451034 0.565439 0.491723 0.552162 0.451034 0.565439 0.451892 0.56866 0.451892 0.56866 0.451034 0.565439 0.409156 0.570954 0.451892 0.56866 0.409156 0.570954 0.409156 0.57429 0.004935324 0.600482 0.008615314 0.600482 0.008678913 0.821282 0.774216 0.39585 0.553418 0.402474 0.774216 0.402474 0.837859 0.344692 0.844483 0.786273 0.844483 0.344692 0.238076 0.695101 0.01727795 0.688477 0.238076 0.688477 0.858807 0.354924 0.852184 0.796504 0.852184 0.354924 0.554152 0.280313 0.995 0.281049 0.553418 0.281049 0.554154 0.280313 0.994262 0.06098699 0.994262 0.280313 0.554154 0.280313 0.553418 0.06025099 0.554154 0.06098699 0.554154 0.06098699 0.995 0.06025099 0.994264 0.06098699 0.994262 0.06098699 0.995 0.281049 0.994262 0.280313 0.004935324 0.600482 0.008615314 0.600482 0.008678913 0.821282 0.774216 0.39585 0.553418 0.402474 0.774216 0.402474 0.837859 0.344692 0.844483 0.786273 0.844483 0.344692 0.238076 0.695101 0.01727795 0.688477 0.238076 0.688477 0.858807 0.354924 0.852184 0.796504 0.852184 0.354924 0.994262 0.280313 0.553418 0.281049 0.554152 0.280313 0.554154 0.280313 0.994262 0.06098699 0.994262 0.280313 0.554154 0.280313 0.553418 0.06025099 0.554154 0.06098699 0.994264 0.06098699 0.553418 0.06025099 0.995 0.06025099 0.994262 0.06098699 0.995 0.281049 0.994262 0.280313 0.105508 0.182817 0.113273 0.180889 0.105508 0.180889 0.392993 0.610699 0.201447 0.610699 0.391065 0.569941 0.03903388 0.06324827 0.03126895 0.254795 0.03126895 0.06324899 0.610699 0.95731 0.004999995 0.949544 0.004999995 0.95731 0.196546 0.004999995 0.004999995 0.004999995 0.194615 0.04575788 0.610699 0.962108 0.004999995 0.969873 0.004999995 0.962108 0.569941 0.995 0.00603497 0.994482 0.004999935 0.995 0.569941 0.987235 0.569423 0.994482 0.569941 0.995 0.569941 0.987235 0.00603497 0.987752 0.569423 0.987752 0.390547 0.568906 0.391064 0.569941 0.390029 0.569423 0.391064 0.569941 0.204414 0.569423 0.390029 0.569423 0.203378 0.569941 0.203896 0.568906 0.2044129 0.569423 0.004999995 0.982437 0.568906 0.981919 0.569941 0.982437 0.004999935 0.982437 0.005517959 0.975188 0.005517959 0.981919 0.07215589 0.186599 0.06439089 0.18853 0.07215589 0.18853 0.004999935 0.974671 0.568906 0.975189 0.005518019 0.975189 0.05969989 0.250418 0.06021696 0.250935 0.05969989 0.2499 0.06021696 0.06324899 0.05969995 0.2499 0.06021696 0.250935 0.06021696 0.06324899 0.05969989 0.063766 0.05969989 0.06428396 0.05296999 0.063766 0.05969995 0.06428396 0.05969995 0.063766 0.569423 0.987752 0.00603497 0.994482 0.569423 0.994482 0.05296999 0.2499 0.05969989 0.06428396 0.05296999 0.06428396 0.05969989 0.250418 0.05296999 0.2499 0.05296999 0.250418 0.568906 0.975189 0.005517959 0.981919 0.005517959 0.975189 0.008678913 0.821282 0.004935324 0.600482 0.004999935 0.824962 0.858807 0.796504 0.852184 0.354924 0.852184 0.796504 0.01727795 0.695101 0.238076 0.688477 0.01727795 0.688477 0.837859 0.786273 0.844483 0.344692 0.844483 0.786273 0.553418 0.39585 0.774216 0.402474 0.553418 0.402474 0.553418 0.281049 0.554154 0.06098699 0.553418 0.06025099 0.995 0.281049 0.554152 0.280313 0.553418 0.281049 0.995 0.281049 0.994262 0.06098699 0.994262 0.280313 0.553418 0.06025099 0.994264 0.06098699 0.995 0.06025099 0.554154 0.06098699 0.994262 0.280313 0.994262 0.06098699 0.01727795 0.695101 0.238076 0.688477 0.01727795 0.688477 0.837859 0.786273 0.844483 0.344692 0.844483 0.786273 0.553418 0.39585 0.774216 0.402474 0.553418 0.402474 0.858807 0.796504 0.852184 0.354924 0.852184 0.796504 0.995 0.281049 0.554152 0.280313 0.553418 0.281049 0.995 0.281049 0.994262 0.06098699 0.994262 0.280313 0.995 0.06025099 0.554154 0.06098699 0.994264 0.06098699 0.553418 0.281049 0.554154 0.06098699 0.553418 0.06025099 0.554154 0.06098699 0.994262 0.280313 0.994262 0.06098699 0.450261 0.824962 0.008678913 0.821282 0.008679986 0.824962 0.450261 0.824954 0.008679032 0.821274 0.008680045 0.824954 0.858807 0.796504 0.852184 0.354924 0.852184 0.796504 0.01727795 0.695101 0.238076 0.688477 0.01727795 0.688477 0.837859 0.786273 0.844483 0.344692 0.844483 0.786273 0.553418 0.39585 0.774216 0.402474 0.553418 0.402474 0.553418 0.281049 0.554154 0.06098699 0.553418 0.06025099 0.553418 0.281049 0.994262 0.280313 0.554152 0.280313 0.995 0.06025099 0.994262 0.280313 0.995 0.281049 0.553418 0.06025099 0.994264 0.06098699 0.995 0.06025099 0.554154 0.06098699 0.994262 0.280313 0.994262 0.06098699 0.980964 0.480919 0.735976 0.004999995 0.980964 0.004999935 0.980964 0.09134829 0.735976 0.005000054 0.980964 0.005000054 0.005021274 0.915053 0.298728 0.911219 0.302512 0.915 0.298728 0.911219 0.005021274 0.915053 0.008802711 0.91127 0.005021274 0.614952 0.008802711 0.91127 0.005021274 0.915053 0.008802711 0.618735 0.008802711 0.91127 0.005021274 0.614952 0.009299933 0.619201 0.008781969 0.911218 0.008781969 0.618684 0.298728 0.618684 0.009299933 0.619201 0.008781969 0.618684 0.298728 0.911218 0.29821 0.619201 0.298728 0.618684 0.298728 0.618684 0.302512 0.614899 0.298728 0.911219 0.008802711 0.618735 0.302512 0.614899 0.298728 0.618684 0.302512 0.614899 0.008802711 0.618735 0.005021274 0.614952 0.170244 0.05068498 0.169467 0.348197 0.169467 0.05068498 0.908147 0.743595 0.608046 0.742818 0.908147 0.742818 0.162614 0.05068498 0.1633909 0.348197 0.1633909 0.05068498 0.908147 0.767945 0.608046 0.768722 0.908147 0.768722 0.703251 0.632744 0.703769 0.332125 0.703769 0.633261 0.405222 0.633261 0.703251 0.632743 0.703769 0.633261 0.405222 0.332125 0.405739 0.632744 0.405222 0.633261 0.405213 0.332135 0.405222 0.633261 0.398402 0.325325 0.398402 0.325325 0.405222 0.633261 0.398412 0.640071 0.703769 0.633261 0.398412 0.640071 0.405222 0.633261 0.398412 0.640071 0.703769 0.633261 0.710579 0.640071 0.710569 0.325325 0.710579 0.640071 0.703769 0.633261 0.710579 0.325314 0.711097 0.640589 0.710579 0.640071 0.397894 0.324797 0.71058 0.325315 0.398412 0.325315 0.398412 0.325315 0.397894 0.640589 0.397894 0.324797 0.71058 0.640071 0.397894 0.640589 0.398412 0.640071 0.1882269 0.05068498 0.17632 0.363889 0.17632 0.05068498 0.923838 0.703986 0.608046 0.715892 0.923838 0.715892 0.14711 0.363889 0.135203 0.05068498 0.135203 0.363889 0.398411 0.320274 0.711097 0.320792 0.710579 0.320274 0.710579 0.320274 0.405222 0.313464 0.398412 0.320274 0.405222 0.313464 0.710579 0.320274 0.703769 0.313464 0.703769 0.313464 0.710579 0.320274 0.703778 0.01233828 0.710579 0.320274 0.710589 0.005528271 0.703778 0.01233828 0.710579 0.320275 0.711097 0.004999995 0.710579 0.005517959 0.711097 0.004999995 0.398411 0.005517959 0.710579 0.005517959 0.398412 0.320274 0.397894 0.004999995 0.397894 0.320792 0.398412 0.320274 0.405232 0.01233828 0.398422 0.005528271 0.405222 0.313464 0.405232 0.01233828 0.398412 0.320274 0.405222 0.313464 0.405739 0.01284527 0.405222 0.01232796 0.703769 0.313464 0.405739 0.312946 0.405222 0.313464 0.703251 0.01284527 0.703769 0.313464 0.703769 0.01232796 0.703769 0.01232796 0.405739 0.01284599 0.703251 0.01284599 0.703778 0.01233828 0.398422 0.005528271 0.405232 0.01233828 0.398422 0.005528271 0.703778 0.01233828 0.710589 0.005528271 0.34301 0.302512 0.339645 0.004999935 0.339645 0.302512 0.608046 0.75995 0.908147 0.763315 0.608046 0.763315 0.33165 0.302512 0.335015 0.004999995 0.335015 0.302512 0.608046 0.777021 0.908147 0.773656 0.608046 0.773656 0.306581 0.94472 0.310364 0.648401 0.306581 0.64462 0.310364 0.940935 0.310364 0.648401 0.306581 0.94472 0.310308 0.648376 0.310825 0.940394 0.310825 0.648894 0.599736 0.648894 0.310308 0.648376 0.310825 0.648894 0.599736 0.940394 0.600254 0.648376 0.599736 0.648894 0.608046 0.748529 0.899545 0.755259 0.608046 0.755259 0.157923 0.05068498 0.151193 0.339596 0.151193 0.05068498 0.899545 0.797641 0.608046 0.80437 0.899545 0.80437 0.01984798 0.06324899 0.02657788 0.352159 0.02657788 0.06324899 0.298728 0.911218 0.009299933 0.9107 0.298211 0.9107 0.599736 0.940393 0.310308 0.940911 0.600254 0.940911 0.310364 0.940935 0.604035 0.944695 0.600254 0.940911 0.604035 0.944695 0.310364 0.940935 0.306581 0.94472 0.600254 0.940911 0.604035 0.944695 0.600254 0.648377 0.604035 0.944695 0.604035 0.644595 0.600254 0.648377 0.306581 0.64462 0.600254 0.648377 0.604035 0.644595 0.600254 0.648377 0.306581 0.64462 0.310364 0.648401 0.923838 0.667923 0.608046 0.656016 0.923838 0.656016 0.710569 0.325325 0.405213 0.332135 0.398402 0.325325 0.405213 0.332135 0.710569 0.325325 0.703759 0.332135 0.703759 0.332135 0.710569 0.325325 0.703769 0.633261 0.405222 0.332125 0.703251 0.332643 0.405739 0.332643 0.302512 0.614899 0.302512 0.915 0.298728 0.911219 0.228245 0.446556 0.009458959 0.572869 0.101935 0.665345 0.34158 0.154385 0.346534 0.120533 0.346534 0.154385 0.34158 0.188222 0.346534 0.154385 0.346534 0.188222 0.34158 0.219762 0.346534 0.188222 0.346534 0.219762 0.34158 0.246861 0.346534 0.219762 0.346534 0.246861 0.424638 0.585554 0.451719 0.5806 0.424638 0.5806 0.393096 0.585554 0.424638 0.5806 0.393096 0.5806 0.359244 0.585554 0.393096 0.5806 0.359244 0.5806 0.325408 0.585554 0.359244 0.5806 0.325408 0.5806 0.293867 0.585554 0.325408 0.5806 0.293867 0.5806 0.266784 0.585554 0.293867 0.5806 0.266784 0.5806 0.235966 0.09388595 0.231012 0.06678795 0.231012 0.09388595 0.235966 0.125427 0.231012 0.09388595 0.231012 0.125427 0.235966 0.159263 0.231012 0.125427 0.231012 0.159263 0.235966 0.193116 0.231012 0.159263 0.231012 0.193116 0.235966 0.224656 0.231012 0.193116 0.231012 0.224656 0.235966 0.251739 0.231012 0.224656 0.231012 0.251739 0.457156 0.05052798 0.484238 0.05548197 0.457156 0.05548197 0.425615 0.05052798 0.457156 0.05548197 0.425615 0.05548197 0.391779 0.05052798 0.425615 0.05548197 0.391779 0.05548197 0.357926 0.05052798 0.391779 0.05548197 0.357926 0.05548197 0.326385 0.05052798 0.357926 0.05548197 0.326385 0.05548197 0.299304 0.05052798 0.326385 0.05548197 0.299304 0.05548197 0.34158 0.08899199 0.346534 0.06190997 0.346534 0.08899199 0.34158 0.120533 0.346534 0.08899199 0.346534 0.120533 0.683654 0.296462 0.716863 0.28629 0.715195 0.2834 0.683654 0.296462 0.684513 0.299683 0.716863 0.28629 0.649802 0.30092 0.684513 0.299683 0.683654 0.296462 0.649802 0.30092 0.649802 0.304256 0.684513 0.299683 0.615957 0.29648 0.649794 0.304274 0.649794 0.300938 0.584381 0.283468 0.615047 0.299751 0.615921 0.296532 0.584424 0.2834 0.554981 0.264971 0.582757 0.28629 0.584424 0.2834 0.557326 0.262609 0.554981 0.264971 0.557326 0.262609 0.533662 0.237196 0.554981 0.264971 0.557326 0.262609 0.536552 0.235528 0.533662 0.237196 0.52349 0.203987 0.533662 0.237196 0.536552 0.235528 0.52349 0.203987 0.52027 0.204845 0.533662 0.237196 0.519031 0.170134 0.52027 0.204845 0.52349 0.203987 0.519031 0.170134 0.515695 0.170134 0.52027 0.204845 0.519031 0.170134 0.52027 0.13544 0.515695 0.170134 0.519031 0.170134 0.52349 0.136298 0.52027 0.13544 0.52349 0.136298 0.533662 0.103089 0.52027 0.13544 0.52349 0.136298 0.536552 0.104757 0.533662 0.103089 0.557326 0.07767498 0.533662 0.103089 0.536552 0.104757 0.557326 0.07767498 0.554981 0.07531398 0.533662 0.103089 0.584424 0.056885 0.554981 0.07531398 0.557326 0.07767498 0.584424 0.056885 0.582757 0.05399489 0.554981 0.07531398 0.584424 0.056885 0.61509 0.04060298 0.582757 0.05399495 0.584424 0.056885 0.615965 0.043823 0.61509 0.04060298 0.615951 0.04380285 0.649788 0.036008 0.615076 0.04058289 0.649779 0.03932416 0.68449 0.04056465 0.649779 0.03598916 0.683687 0.04378187 0.716896 0.05395299 0.684546 0.04056185 0.715253 0.0567705 0.744696 0.07519888 0.716921 0.05388039 0.742277 0.07767498 0.765941 0.103089 0.744638 0.07531398 0.742277 0.07767498 0.763068 0.104757 0.765941 0.103089 0.763068 0.104757 0.77935 0.13544 0.765941 0.103089 0.763068 0.104757 0.77613 0.136298 0.77935 0.13544 0.780588 0.170134 0.77935 0.13544 0.77613 0.136298 0.780588 0.170134 0.783908 0.170134 0.77935 0.13544 0.780588 0.170134 0.77935 0.204845 0.783908 0.170134 0.780588 0.170134 0.77613 0.203987 0.77935 0.204845 0.763068 0.235528 0.77935 0.204845 0.77613 0.203987 0.763068 0.235528 0.765941 0.237196 0.77935 0.204845 0.742277 0.262609 0.765941 0.237196 0.763068 0.235528 0.742277 0.262609 0.744638 0.264971 0.765941 0.237196 0.715195 0.2834 0.744638 0.264971 0.742277 0.262609 0.715195 0.2834 0.716863 0.28629 0.744638 0.264971 0.716863 0.286292 0.764223 0.284558 0.744638 0.264973 0.684513 0.299685 0.764223 0.284558 0.716863 0.286292 0.684513 0.299685 0.730701 0.31027 0.764223 0.284558 0.649801 0.304259 0.730701 0.31027 0.684513 0.299685 0.568901 0.310271 0.730701 0.31027 0.649801 0.304259 0.607923 0.326438 0.730701 0.31027 0.568901 0.310271 0.607923 0.326438 0.691679 0.326437 0.730701 0.31027 0.691679 0.326437 0.607923 0.326438 0.649801 0.331969 0.607065 0.329655 0.649802 0.331967 0.607923 0.326435 0.607065 0.329655 0.649802 0.335269 0.649802 0.331967 0.01821088 0.728261 0.004999935 0.685524 0.004999935 0.728261 0.01821088 0.770998 0.004999935 0.728261 0.004999935 0.770998 0.01821088 0.810828 0.004999935 0.770998 0.004999935 0.810828 0.01821088 0.845028 0.004999995 0.810828 0.004999995 0.845028 0.727903 0.629582 0.762103 0.616372 0.727903 0.616372 0.688089 0.629582 0.727903 0.616372 0.688089 0.616372 0.645335 0.629582 0.688089 0.616372 0.645335 0.616372 0.602599 0.629582 0.645335 0.616372 0.602599 0.616372 0.562768 0.629582 0.602599 0.616372 0.562768 0.616372 0.528568 0.629582 0.562768 0.616372 0.528568 0.616372 0.02451199 0.671709 0.037723 0.637509 0.037723 0.671709 0.02451199 0.71154 0.037723 0.671709 0.037723 0.71154 0.02451199 0.754276 0.037723 0.71154 0.037723 0.754276 0.02451199 0.797013 0.037723 0.754276 0.037723 0.797013 0.02451199 0.836844 0.037723 0.797013 0.037723 0.836844 0.02451199 0.871043 0.037723 0.836844 0.037723 0.871043 0.726277 0.655395 0.760477 0.668606 0.726277 0.668606 0.686446 0.655395 0.726277 0.668606 0.686446 0.668606 0.643709 0.655395 0.686446 0.668606 0.643709 0.668606 0.600955 0.655395 0.643709 0.668606 0.600955 0.668606 0.561142 0.655395 0.600955 0.668606 0.561142 0.668606 0.526942 0.655395 0.561142 0.668606 0.526942 0.668606 0.01821088 0.645693 0.004999935 0.611494 0.004999935 0.645693 0.01821088 0.685524 0.004999935 0.645693 0.004999935 0.685524 0.567258 0.313177 0.607947 0.326454 0.568924 0.310289 0.567234 0.313157 0.568902 0.310267 0.535396 0.284556 0.568901 0.310271 0.61509 0.299685 0.535396 0.284559 0.61509 0.299685 0.568901 0.310271 0.649801 0.304259 0.535396 0.284559 0.61509 0.299685 0.582756 0.286293 0.535396 0.284559 0.582756 0.286293 0.554981 0.264974 0.535396 0.284559 0.554981 0.264974 0.509684 0.251053 0.509684 0.251053 0.554981 0.264974 0.533662 0.2371979 0.509684 0.251053 0.533662 0.2371979 0.493517 0.212015 0.493517 0.212015 0.533662 0.2371979 0.520269 0.204847 0.493517 0.212015 0.520269 0.204847 0.488002 0.170136 0.488002 0.170136 0.520269 0.204847 0.515695 0.170136 0.488002 0.170136 0.515695 0.170136 0.520269 0.135441 0.488002 0.170136 0.520269 0.135441 0.493518 0.128257 0.493518 0.128257 0.520269 0.135441 0.533662 0.10309 0.493518 0.128257 0.533662 0.10309 0.509684 0.08923459 0.509684 0.08923459 0.533662 0.10309 0.554981 0.07531398 0.509684 0.08923459 0.554981 0.07531398 0.535396 0.05572897 0.535396 0.05572897 0.554981 0.07531398 0.582757 0.05399495 0.535396 0.05572897 0.582757 0.05399495 0.568902 0.030016 0.568902 0.030016 0.582757 0.05399495 0.61509 0.04060208 0.568902 0.030016 0.61509 0.04060208 0.649802 0.03602695 0.568902 0.030016 0.649802 0.03602695 0.730702 0.03001528 0.684513 0.04060178 0.730702 0.03001528 0.649802 0.03602695 0.716863 0.05399435 0.730702 0.03001528 0.684513 0.04060178 0.716863 0.05399435 0.764224 0.05572795 0.730702 0.03001528 0.744639 0.07531321 0.764224 0.05572795 0.716863 0.05399435 0.744639 0.07531321 0.789935 0.08923339 0.764224 0.05572795 0.765941 0.103089 0.789935 0.08923339 0.744639 0.07531321 0.765941 0.103089 0.806102 0.128255 0.789935 0.08923339 0.77935 0.13544 0.806102 0.128255 0.765941 0.103089 0.783908 0.170135 0.806102 0.128255 0.77935 0.13544 0.783908 0.170135 0.811601 0.170134 0.806102 0.128255 0.77935 0.204846 0.811601 0.170134 0.783908 0.170135 0.77935 0.204846 0.806102 0.212013 0.811601 0.170134 0.765941 0.237197 0.806102 0.212013 0.77935 0.204846 0.765941 0.237197 0.789935 0.251052 0.806102 0.212013 0.744638 0.264973 0.789935 0.251052 0.765941 0.237197 0.744638 0.264973 0.764223 0.284558 0.789935 0.251052 0.766568 0.286901 0.789935 0.25105 0.764224 0.284556 0.766568 0.286901 0.792808 0.252702 0.789935 0.25105 0.809305 0.212888 0.789935 0.25105 0.792808 0.252702 0.809305 0.212888 0.806102 0.2120119 0.789935 0.25105 0.814936 0.170134 0.806102 0.2120119 0.809305 0.212888 0.814936 0.170134 0.8116 0.170134 0.806102 0.2120119 0.809305 0.127397 0.8116 0.170134 0.814936 0.170134 0.809305 0.127397 0.806102 0.128256 0.8116 0.170134 0.809305 0.127397 0.789935 0.08923399 0.806102 0.128256 0.809305 0.127397 0.792808 0.08756595 0.789935 0.08923399 0.792808 0.08756589 0.764224 0.05572897 0.789935 0.08923399 0.792808 0.08756595 0.766568 0.05336695 0.764224 0.05572897 0.766568 0.05336695 0.730701 0.030016 0.764224 0.05572897 0.766568 0.05336695 0.732369 0.02712696 0.730701 0.030016 0.732397 0.02708989 0.691707 0.01381498 0.730731 0.02997845 0.692519 0.01058244 0.649783 0.008287966 0.69166 0.01380425 0.607065 0.01062995 0.649802 0.008335947 0.649802 0.004999995 0.607065 0.01062995 0.607923 0.01385098 0.649802 0.008335947 0.567234 0.02712696 0.607923 0.01385098 0.607065 0.01062995 0.567234 0.02712696 0.568902 0.030016 0.607923 0.01385098 0.533035 0.05336689 0.568902 0.030016 0.567234 0.02712696 0.533035 0.05336695 0.535396 0.05572897 0.568902 0.030016 0.506795 0.08756595 0.535396 0.05572897 0.533035 0.05336695 0.506795 0.08756595 0.509685 0.08923399 0.535396 0.05572897 0.506795 0.08756589 0.493518 0.128256 0.509685 0.08923399 0.506795 0.08756595 0.490298 0.127397 0.493518 0.128256 0.490298 0.127397 0.488003 0.170134 0.493518 0.128256 0.490298 0.127397 0.484667 0.170134 0.488003 0.170134 0.484699 0.17012 0.493551 0.211998 0.488035 0.170119 0.506795 0.252702 0.493518 0.2120119 0.490298 0.212888 0.506795 0.252702 0.509685 0.25105 0.493518 0.2120119 0.53312 0.286886 0.509771 0.251035 0.506881 0.252687 0.567234 0.313157 0.535396 0.284556 0.533035 0.286901 0.568902 0.030016 0.69168 0.01384937 0.607923 0.01384967 0.568902 0.030016 0.730702 0.03001528 0.69168 0.01384937 0.607923 0.01384967 0.69168 0.01384937 0.649802 0.008334457 0.766568 0.286901 0.764224 0.284556 0.730701 0.310267 0.766568 0.286901 0.730701 0.310267 0.732369 0.313157 0.732369 0.313157 0.730701 0.310267 0.69168 0.326435 0.732369 0.313157 0.69168 0.326435 0.692538 0.329655 0.692538 0.329655 0.69168 0.326435 0.649802 0.331967 0.692538 0.329655 0.649802 0.331967 0.649802 0.335269 0.774216 0.359016 0.553418 0.36564 0.774216 0.36564 0.152336 0.019324 0.1589609 0.1849229 0.1589609 0.019324 0.774216 0.351316 0.553418 0.344692 0.774216 0.344692 0.144636 0.019324 0.138012 0.1849229 0.138012 0.019324 0.02619987 0.634329 0.191061 0.635065 0.02546298 0.635065 0.02619898 0.634329 0.190326 0.415003 0.190326 0.634329 0.02619898 0.415003 0.02546298 0.635065 0.02546298 0.414267 0.02619898 0.415003 0.191061 0.414267 0.190325 0.415003 0.190326 0.415003 0.191061 0.635065 0.190326 0.634329 0.825426 0.825375 0.829106 0.604577 0.829106 0.829055 0.743987 0.750012 0.505023 0.505024 0.505023 0.995 0.008678913 0.821282 0.004935324 0.600482 0.004999935 0.824962 0.858807 0.796504 0.852184 0.354924 0.852184 0.796504 0.01727795 0.695101 0.238076 0.688477 0.01727795 0.688477 0.837859 0.786273 0.844483 0.344692 0.844483 0.786273 0.553418 0.402474 0.774216 0.39585 0.774216 0.402474 0.553418 0.281049 0.554154 0.06098699 0.553418 0.06025099 0.995 0.281049 0.554152 0.280313 0.553418 0.281049 0.995 0.281049 0.994262 0.06098699 0.994262 0.280313 0.553418 0.06025099 0.994264 0.06098699 0.995 0.06025099 0.554154 0.06098699 0.994262 0.280313 0.994262 0.06098699 0.004935324 0.600482 0.008615314 0.600482 0.008678913 0.821282 0.774216 0.39585 0.553418 0.402474 0.774216 0.402474 0.837859 0.344692 0.844483 0.786273 0.844483 0.344692 0.238076 0.695101 0.01727795 0.688477 0.238076 0.688477 0.858807 0.354924 0.852184 0.796504 0.852184 0.354924 0.554152 0.280313 0.995 0.281049 0.553418 0.281049 0.554154 0.280313 0.994262 0.06098699 0.994262 0.280313 0.554154 0.06098699 0.553418 0.281049 0.553418 0.06025099 0.554154 0.06098699 0.995 0.06025099 0.994264 0.06098699 0.994262 0.06098699 0.995 0.281049 0.994262 0.280313 0.008678913 0.821282 0.004935324 0.600482 0.004999935 0.824962 0.858807 0.796504 0.852184 0.354924 0.852184 0.796504 0.01727795 0.695101 0.238076 0.688477 0.01727795 0.688477 0.837859 0.786273 0.844483 0.344692 0.844483 0.786273 0.553418 0.39585 0.774216 0.402474 0.553418 0.402474 0.553418 0.281049 0.554154 0.06098699 0.553418 0.06025099 0.553418 0.281049 0.994262 0.280313 0.554152 0.280313 0.995 0.06025099 0.994262 0.280313 0.995 0.281049 0.553418 0.06025099 0.994264 0.06098699 0.995 0.06025099 0.554154 0.06098699 0.994262 0.280313 0.994262 0.06098699 0.004999995 0.004999995 0.513296 0.508783 0.004999995 0.508783 0.004999995 0.004999995 0.513296 0.508783 0.004999995 0.508783 0.008678913 0.821282 0.004935324 0.600482 0.004999935 0.824962 0.858807 0.796504 0.852184 0.354924 0.852184 0.796504 0.01727795 0.695101 0.238076 0.688477 0.01727795 0.688477 0.837859 0.786273 0.844483 0.344692 0.844483 0.786273 0.553418 0.39585 0.774216 0.402474 0.553418 0.402474 0.553418 0.281049 0.554154 0.06098699 0.553418 0.06025099 0.553418 0.281049 0.994262 0.280313 0.554152 0.280313 0.995 0.281049 0.994262 0.06098699 0.994262 0.280313 0.553418 0.06025099 0.994264 0.06098699 0.995 0.06025099 0.554154 0.06098699 0.994262 0.280313 0.994262 0.06098699 0.004935324 0.600482 0.008615314 0.600482 0.008678913 0.821282 0.774216 0.39585 0.553418 0.402474 0.774216 0.402474 0.837859 0.344692 0.844483 0.786273 0.844483 0.344692 0.238076 0.695101 0.01727795 0.688477 0.238076 0.688477 0.858807 0.354924 0.852184 0.796504 0.852184 0.354924 0.994262 0.280313 0.553418 0.281049 0.554152 0.280313 0.554154 0.280313 0.994262 0.06098699 0.994262 0.280313 0.554154 0.06098699 0.553418 0.281049 0.553418 0.06025099 0.554154 0.06098699 0.995 0.06025099 0.994264 0.06098699 0.994262 0.06098699 0.995 0.281049 0.994262 0.280313 0.995 0.515678 0.486704 0.707199 0.995 0.707199 0.49299 0.724689 0.274205 0.666067 0.332819 0.884849 0.1383309 0.143003 0.143285 0.109167 0.143285 0.143003 0.1383309 0.176856 0.143285 0.143003 0.143285 0.176856 0.1383309 0.208397 0.143285 0.176856 0.143285 0.208397 0.1383309 0.2354789 0.143285 0.208397 0.143285 0.2354789 0.431141 0.032718 0.458222 0.02776396 0.431141 0.02776396 0.3996 0.032718 0.431141 0.02776396 0.3996 0.02776396 0.365747 0.032718 0.3996 0.02776396 0.365747 0.02776396 0.331912 0.032718 0.365747 0.02776396 0.331912 0.02776396 0.30037 0.032718 0.331912 0.02776396 0.30037 0.02776396 0.273288 0.032718 0.30037 0.02776396 0.273288 0.02776396 0.130277 0.082488 0.1253229 0.05540597 0.1253229 0.082488 0.130277 0.114029 0.1253229 0.082488 0.1253229 0.114029 0.130277 0.147881 0.1253229 0.114029 0.1253229 0.147881 0.130277 0.181717 0.1253229 0.147881 0.1253229 0.181717 0.130277 0.213258 0.1253229 0.181717 0.1253229 0.213258 0.130277 0.240357 0.1253229 0.213258 0.1253229 0.240357 0.445774 0.03914588 0.472856 0.04409998 0.445774 0.04409998 0.414232 0.03914588 0.445774 0.04409998 0.414232 0.04409998 0.380397 0.03914588 0.414232 0.04409998 0.380397 0.04409998 0.346544 0.03914588 0.380397 0.04409998 0.346544 0.04409998 0.315003 0.03914588 0.346544 0.04409998 0.315003 0.04409998 0.287922 0.03914588 0.315003 0.04409998 0.287922 0.04409998 0.1383309 0.077627 0.143285 0.05052798 0.143285 0.077627 0.1383309 0.109167 0.143285 0.077627 0.143285 0.109167 0.713596 0.761509 0.68293 0.777791 0.715264 0.764399 0.713553 0.761441 0.715221 0.764331 0.742996 0.743012 0.71522 0.764332 0.762581 0.762597 0.742996 0.743012 0.682886 0.777725 0.762581 0.762597 0.71522 0.764332 0.682886 0.777725 0.729075 0.78831 0.762581 0.762597 0.648174 0.7823 0.729075 0.78831 0.682886 0.777725 0.567274 0.788313 0.729075 0.78831 0.648174 0.7823 0.606296 0.804479 0.729075 0.78831 0.567274 0.788313 0.606296 0.804479 0.690053 0.804477 0.729075 0.78831 0.690053 0.804477 0.606296 0.804479 0.648174 0.81001 0.605439 0.807696 0.648176 0.810008 0.606297 0.804475 0.605439 0.807696 0.648176 0.81331 0.648176 0.810008 0.182435 0.1640419 0.169225 0.121305 0.169225 0.1640419 0.182435 0.206779 0.169225 0.1640419 0.169225 0.206779 0.182435 0.24661 0.169225 0.206779 0.169225 0.24661 0.182435 0.280809 0.169225 0.24661 0.169225 0.280809 0.726277 0.171054 0.760476 0.1578429 0.726277 0.1578429 0.686463 0.171054 0.726277 0.1578429 0.686463 0.1578429 0.64371 0.171054 0.686463 0.1578429 0.64371 0.1578429 0.600973 0.171054 0.64371 0.1578429 0.600973 0.1578429 0.561142 0.171054 0.600973 0.1578429 0.561142 0.1578429 0.526942 0.171054 0.561142 0.1578429 0.526942 0.1578429 0.149713 0.08310097 0.162924 0.04890197 0.162924 0.08310097 0.149713 0.122932 0.162924 0.08310097 0.162924 0.122932 0.149713 0.165668 0.162924 0.122932 0.162924 0.165668 0.149713 0.208406 0.162924 0.165668 0.162924 0.208406 0.149713 0.248236 0.162924 0.208406 0.162924 0.248236 0.149713 0.282435 0.162924 0.248236 0.162924 0.282435 0.724651 0.635884 0.75885 0.649094 0.724651 0.649094 0.68482 0.635884 0.724651 0.649094 0.68482 0.649094 0.642084 0.635884 0.68482 0.649094 0.642084 0.649094 0.599329 0.635884 0.642084 0.649094 0.599329 0.649094 0.559516 0.635884 0.599329 0.649094 0.559516 0.649094 0.525316 0.635884 0.559516 0.649094 0.525316 0.649094 0.182435 0.08147495 0.169225 0.04727596 0.169225 0.08147495 0.182435 0.121305 0.169225 0.08147495 0.169225 0.121305 0.565609 0.791198 0.605439 0.807696 0.606297 0.804475 0.565609 0.791198 0.606297 0.804475 0.567276 0.788308 0.531409 0.764942 0.565609 0.791198 0.567276 0.788308 0.531409 0.764942 0.567276 0.788308 0.533754 0.762597 0.567274 0.788313 0.613463 0.777726 0.533752 0.762601 0.613463 0.777726 0.567274 0.788313 0.648174 0.7823 0.648176 0.778961 0.613464 0.777723 0.648176 0.782296 0.648176 0.778961 0.614323 0.774503 0.613464 0.777723 0.614323 0.774503 0.581115 0.764331 0.613464 0.777723 0.614323 0.774503 0.582782 0.761441 0.581115 0.764331 0.582782 0.761441 0.553338 0.743012 0.581115 0.764331 0.582782 0.761441 0.5557 0.74065 0.553338 0.743012 0.5557 0.74065 0.532037 0.715236 0.553338 0.743012 0.5557 0.74065 0.53491 0.713569 0.532037 0.715236 0.53491 0.713569 0.518628 0.682886 0.532037 0.715236 0.53491 0.713569 0.521848 0.682027 0.518628 0.682886 0.517389 0.648175 0.518628 0.682886 0.521848 0.682027 0.517389 0.648175 0.514069 0.648175 0.518628 0.682886 0.517389 0.648175 0.518628 0.613481 0.514069 0.648175 0.517389 0.648175 0.521848 0.614339 0.518628 0.613481 0.53491 0.582798 0.518628 0.613481 0.521848 0.614339 0.53491 0.582798 0.532037 0.58113 0.518628 0.613481 0.5557 0.555715 0.532037 0.58113 0.53491 0.582798 0.5557 0.555715 0.553338 0.553354 0.532037 0.58113 0.582724 0.534812 0.55328 0.553239 0.555639 0.555599 0.61429 0.521823 0.581082 0.531994 0.582749 0.534882 0.648199 0.517365 0.613487 0.518605 0.614346 0.521827 0.682026 0.521844 0.64819 0.514048 0.64819 0.517384 0.713553 0.534926 0.682887 0.518643 0.682012 0.521864 0.713553 0.534926 0.715221 0.532036 0.682887 0.518643 0.713553 0.534926 0.742996 0.553354 0.715221 0.532036 0.713553 0.534926 0.740651 0.555715 0.742996 0.553354 0.740651 0.555715 0.764315 0.58113 0.742996 0.553354 0.740651 0.555715 0.761425 0.582798 0.764315 0.58113 0.774487 0.614339 0.764315 0.58113 0.761425 0.582798 0.774487 0.614339 0.777708 0.613481 0.764315 0.58113 0.778946 0.648175 0.777708 0.613481 0.774487 0.614339 0.778946 0.648175 0.782282 0.648175 0.777708 0.613481 0.778946 0.648175 0.777708 0.682886 0.782282 0.648175 0.778946 0.648175 0.774487 0.682027 0.777708 0.682886 0.774487 0.682027 0.764315 0.715236 0.777708 0.682886 0.774487 0.682027 0.761425 0.713569 0.764315 0.715236 0.740651 0.74065 0.764315 0.715236 0.761425 0.713569 0.740651 0.74065 0.742996 0.743012 0.764315 0.715236 0.713553 0.761441 0.742996 0.743012 0.740651 0.74065 0.742996 0.743012 0.788293 0.72909 0.764315 0.715235 0.742996 0.743012 0.762581 0.762597 0.788293 0.72909 0.764857 0.764927 0.788207 0.729075 0.762497 0.762582 0.730743 0.791198 0.764942 0.764942 0.762581 0.762597 0.730743 0.791198 0.762581 0.762597 0.729075 0.788308 0.730719 0.791218 0.69003 0.804494 0.690888 0.807715 0.690912 0.807696 0.690054 0.804475 0.648176 0.810008 0.690912 0.807696 0.648176 0.810008 0.648176 0.81331 0.791183 0.730742 0.804459 0.690053 0.788293 0.72909 0.791183 0.730742 0.80768 0.690929 0.804459 0.690053 0.813278 0.648161 0.804426 0.690039 0.807647 0.690915 0.80768 0.605438 0.809975 0.648175 0.81331 0.648175 0.80768 0.605438 0.804459 0.606296 0.809975 0.648175 0.791183 0.565607 0.804459 0.606296 0.80768 0.605438 0.791183 0.565607 0.788293 0.567275 0.804459 0.606296 0.791183 0.565607 0.762581 0.53377 0.788293 0.567275 0.791183 0.565607 0.764942 0.531407 0.762581 0.53377 0.764942 0.531407 0.729075 0.508057 0.762581 0.53377 0.764942 0.531407 0.730743 0.505167 0.729075 0.508057 0.730743 0.505167 0.690054 0.491891 0.729075 0.508057 0.730743 0.505167 0.690912 0.488671 0.690054 0.491891 0.690912 0.488671 0.648176 0.486376 0.690054 0.491891 0.690912 0.488671 0.648176 0.483041 0.648176 0.486376 0.605458 0.488624 0.648195 0.486328 0.648195 0.482993 0.565581 0.50513 0.60627 0.491855 0.605412 0.488635 0.531409 0.531407 0.567276 0.508057 0.565609 0.505167 0.531409 0.531407 0.533754 0.53377 0.567276 0.508057 0.505169 0.565607 0.533754 0.53377 0.531409 0.531407 0.505169 0.565607 0.508042 0.567275 0.533754 0.53377 0.488672 0.605438 0.508042 0.567275 0.505169 0.565607 0.488672 0.605438 0.491875 0.606296 0.508042 0.567275 0.488672 0.605438 0.486377 0.648175 0.491875 0.606296 0.488672 0.605438 0.483041 0.648175 0.486377 0.648175 0.483041 0.648175 0.491875 0.690053 0.486377 0.648175 0.483041 0.648175 0.488672 0.690929 0.491875 0.690053 0.488672 0.690929 0.508042 0.72909 0.491875 0.690053 0.488672 0.690929 0.505169 0.730742 0.508042 0.72909 0.531409 0.764942 0.508042 0.72909 0.505169 0.730742 0.531409 0.764942 0.533754 0.762597 0.508042 0.72909 0.533752 0.762601 0.553337 0.743016 0.50804 0.729095 0.533752 0.762601 0.581113 0.764334 0.553337 0.743016 0.533752 0.762601 0.613463 0.777726 0.581113 0.764334 0.50804 0.729095 0.553337 0.743016 0.532035 0.71524 0.50804 0.729095 0.532035 0.71524 0.491874 0.690057 0.491874 0.690057 0.532035 0.71524 0.518626 0.68289 0.491874 0.690057 0.518626 0.68289 0.486375 0.648178 0.486375 0.648178 0.518626 0.68289 0.514068 0.648178 0.486375 0.648178 0.514068 0.648178 0.518626 0.613483 0.486375 0.648178 0.518626 0.613483 0.491874 0.606299 0.491874 0.606299 0.518626 0.613483 0.532036 0.581131 0.491874 0.606299 0.532036 0.581131 0.508042 0.567276 0.508042 0.567276 0.532036 0.581131 0.553339 0.553355 0.508042 0.567276 0.553339 0.553355 0.533754 0.53377 0.533754 0.53377 0.553339 0.553355 0.581115 0.532035 0.533754 0.53377 0.581115 0.532035 0.567276 0.508056 0.567276 0.508056 0.581115 0.532035 0.613465 0.518642 0.567276 0.508056 0.613465 0.518642 0.648177 0.514066 0.567276 0.508056 0.648177 0.514066 0.729077 0.508053 0.682888 0.51864 0.729077 0.508053 0.648177 0.514066 0.715222 0.532033 0.729077 0.508053 0.682888 0.51864 0.715222 0.532033 0.762583 0.533766 0.729077 0.508053 0.742998 0.553351 0.762583 0.533766 0.715222 0.532033 0.742998 0.553351 0.788294 0.567271 0.762583 0.533766 0.764316 0.581127 0.788294 0.567271 0.742998 0.553351 0.764316 0.581127 0.804461 0.606293 0.788294 0.567271 0.777709 0.613478 0.804461 0.606293 0.764316 0.581127 0.782283 0.648172 0.804461 0.606293 0.777709 0.613478 0.782283 0.648172 0.809976 0.648172 0.804461 0.606293 0.777708 0.682885 0.809976 0.648172 0.782283 0.648172 0.777708 0.682885 0.80446 0.690051 0.809976 0.648172 0.764315 0.715235 0.80446 0.690051 0.777708 0.682885 0.764315 0.715235 0.788293 0.72909 0.80446 0.690051 0.567276 0.508056 0.729077 0.508053 0.690055 0.491888 0.567276 0.508056 0.690055 0.491888 0.606298 0.491889 0.606298 0.491889 0.690055 0.491888 0.648177 0.486373 0.68202 0.774521 0.648184 0.782314 0.682895 0.777741 0.008678913 0.821282 0.004935324 0.600482 0.004999935 0.824962 0.858807 0.796504 0.852184 0.354924 0.852184 0.796504 0.01727795 0.695101 0.238076 0.688477 0.01727795 0.688477 0.837859 0.786273 0.844483 0.344692 0.844483 0.786273 0.553418 0.39585 0.774216 0.402474 0.553418 0.402474 0.553418 0.281049 0.554154 0.06098699 0.553418 0.06025099 0.995 0.281049 0.554152 0.280313 0.553418 0.281049 0.995 0.281049 0.994262 0.06098699 0.994262 0.280313 0.553418 0.06025099 0.994264 0.06098699 0.995 0.06025099 0.554154 0.06098699 0.994262 0.280313 0.994262 0.06098699 0.01727795 0.695101 0.238076 0.688477 0.01727795 0.688477 0.837859 0.786273 0.844483 0.344692 0.844483 0.786273 0.553418 0.39585 0.774216 0.402474 0.553418 0.402474 0.858807 0.796504 0.852184 0.354924 0.852184 0.796504 0.995 0.281049 0.554152 0.280313 0.553418 0.281049 0.995 0.06025099 0.994262 0.280313 0.995 0.281049 0.995 0.06025099 0.554154 0.06098699 0.994264 0.06098699 0.553418 0.281049 0.554154 0.06098699 0.553418 0.06025099 0.554154 0.06098699 0.994262 0.280313 0.994262 0.06098699 0.450261 0.824945 0.008679091 0.821265 0.008680164 0.824944 0.199402 0.414267 0.202346 0.67963 0.202346 0.414267 0.608618 0.376285 0.553418 0.373341 0.608618 0.373341 0.243273 0.04797297 0.240329 0.313336 0.240329 0.04797297 0.1093119 0.05615788 0.05411189 0.05910199 0.1093119 0.05910199 0.004999995 0.833767 0.005736947 0.88823 0.004999995 0.888966 0.270363 0.833767 0.005736947 0.834503 0.004999995 0.833767 0.270363 0.833767 0.269626 0.88823 0.269626 0.834503 0.004999935 0.888966 0.269626 0.88823 0.270363 0.888966 0.269626 0.834503 0.005736947 0.88823 0.005736947 0.834503 0.238076 0.688477 0.01727795 0.695101 0.01727795 0.688477 0.858807 0.354924 0.852184 0.796504 0.852184 0.354924 0.774216 0.39585 0.553418 0.402474 0.774216 0.402474 0.837859 0.344692 0.844483 0.786273 0.844483 0.344692 0.554154 0.06098699 0.995 0.06025099 0.994264 0.06098699 0.554154 0.280313 0.994262 0.06098699 0.994262 0.280313 0.554152 0.280313 0.995 0.281049 0.553418 0.281049 0.994262 0.06098699 0.995 0.281049 0.994262 0.280313 0.554154 0.06098699 0.553418 0.281049 0.553418 0.06025099 0.45026 0.821282 0.008679986 0.824962 0.008678913 0.821282 0.908147 0.781651 0.608046 0.785016 0.908147 0.785016 0.08374589 0.06324899 0.08038097 0.176351 0.08038097 0.06324899 0.908147 0.793011 0.608046 0.789646 0.908147 0.789646 0.04383295 0.06324899 0.04719698 0.176351 0.04719698 0.06324899 0.1279399 0.358631 0.01431995 0.359149 0.01483827 0.358631 0.128457 0.359149 0.1279399 0.05853027 0.128457 0.05801296 0.1279399 0.05853098 0.01431995 0.05801296 0.128457 0.05801296 0.01483696 0.05853027 0.01431995 0.359149 0.01431989 0.05801296 0.01240909 0.365949 0.01431989 0.05801296 0.01435726 0.359139 0.01236999 0.05120295 0.01431989 0.05801296 0.01240909 0.365949 0.01431989 0.05801296 0.01236999 0.05120295 0.128458 0.05801296 0.1304039 0.05120295 0.128458 0.05801296 0.01236999 0.05120295 0.128458 0.05801296 0.1304039 0.05120295 0.130443 0.365949 0.1304039 0.36596 0.130922 0.05068498 0.130922 0.366477 0.130922 0.05068498 0.01237034 0.05120295 0.01185297 0.05068498 0.01236999 0.365959 0.01185297 0.05068498 0.01236999 0.05120235 0.01237034 0.365959 0.130922 0.366477 0.01185297 0.366477 0.01240909 0.365949 0.01435726 0.359139 0.130443 0.365949 0.128496 0.359139 0.130443 0.365949 0.01435726 0.359139 0.128458 0.05801296 0.130443 0.365949 0.128496 0.359139 0.101425 0.06324899 0.08951801 0.182318 0.08951801 0.06324899 0.923838 0.687996 0.608046 0.699903 0.923838 0.699903 0.07629799 0.182318 0.06439089 0.06324899 0.06439089 0.182318 0.2082999 0.320792 0.326852 0.320274 0.208818 0.320274 0.327369 0.320792 0.326851 0.005517423 0.326851 0.320274 0.326852 0.005517959 0.2082999 0.004999995 0.208818 0.005517959 0.2082999 0.320792 0.208818 0.005517959 0.2082999 0.004999995 0.608046 0.672006 0.923838 0.683913 0.608046 0.683913 0.208824 0.320288 0.21077 0.313477 0.208824 0.005531489 0.21077 0.313477 0.208824 0.320288 0.324902 0.313464 0.326851 0.320274 0.324902 0.313464 0.208824 0.320288 0.324902 0.313464 0.326851 0.320274 0.326851 0.005517959 0.324902 0.313464 0.326851 0.005517959 0.324902 0.01232838 0.324902 0.01232838 0.326851 0.005517959 0.21077 0.01234149 0.208824 0.005531489 0.21077 0.01234149 0.326851 0.005517959 0.208824 0.005531489 0.21077 0.313477 0.21077 0.01234149 0.211281 0.312947 0.210763 0.01232796 0.210763 0.313464 0.608046 0.737884 0.908147 0.737107 0.608046 0.737107 0.117706 0.176351 0.116929 0.06324899 0.116929 0.176351 0.608046 0.719975 0.908147 0.720752 0.608046 0.720752 0.216295 0.244879 0.217072 0.131777 0.217072 0.244879 0.211281 0.312946 0.324902 0.313464 0.324385 0.312946 0.324902 0.01232796 0.324384 0.312947 0.324902 0.313464 0.211281 0.01284599 0.324902 0.01232796 0.210763 0.01232796 0.828499 0.610025 0.827383 0.606243 0.715397 0.610025 0.827383 0.606243 0.828499 0.610025 0.828509 0.30995 0.827383 0.606243 0.828509 0.30995 0.827393 0.313734 0.827393 0.313734 0.828509 0.30995 0.716525 0.313734 0.715407 0.30995 0.716525 0.313734 0.828509 0.30995 0.715407 0.30995 0.716515 0.606243 0.716525 0.313734 0.715397 0.610025 0.716515 0.606243 0.715407 0.30995 0.716515 0.606243 0.715397 0.610025 0.827383 0.606243 0.717043 0.605751 0.827394 0.606268 0.826877 0.605751 0.216295 0.127397 0.223025 0.01756298 0.223025 0.127397 0.899545 0.725686 0.608046 0.732416 0.899545 0.732416 0.827392 0.008781969 0.826874 0.300798 0.826874 0.00929898 0.827392 0.008781075 0.828509 0.305101 0.827392 0.301316 0.827392 0.008781075 0.828509 0.004999995 0.828509 0.305101 0.828509 0.004999995 0.827392 0.008781075 0.715521 0.004932165 0.716636 0.008714616 0.715521 0.004932165 0.827392 0.008781075 0.715521 0.004932165 0.716636 0.008714616 0.715521 0.305033 0.715521 0.305033 0.716636 0.008714616 0.716636 0.30125 0.71704 0.300798 0.716523 0.008781969 0.71704 0.00929898 0.716523 0.301316 0.826874 0.300799 0.827392 0.301316 0.827392 0.301316 0.828509 0.305101 0.716636 0.30125 0.715521 0.305033 0.716636 0.30125 0.828509 0.305101 0.105508 0.06324899 0.112238 0.1730819 0.112238 0.06324899 0.608046 0.644595 0.899545 0.651325 0.608046 0.651325 0.826876 0.314252 0.827394 0.606268 0.827394 0.313734 0.717043 0.314252 0.827394 0.313734 0.716525 0.313734 0.716525 0.606268 0.717043 0.314252 0.716525 0.313734 0.716523 0.008781969 0.826874 0.00929898 0.71704 0.00929898 0.005021274 0.915053 0.298728 0.911219 0.302512 0.915 0.298728 0.911219 0.005021274 0.915053 0.008802711 0.91127 0.005021274 0.614952 0.008802711 0.91127 0.005021274 0.915053 0.008802711 0.618735 0.008802711 0.91127 0.005021274 0.614952 0.009299933 0.619201 0.008781969 0.911218 0.008781969 0.618684 0.298728 0.618684 0.009299933 0.619201 0.008781969 0.618684 0.298728 0.911218 0.29821 0.619201 0.298728 0.618684 0.298728 0.618684 0.302512 0.614899 0.298728 0.911219 0.008802711 0.618735 0.302512 0.614899 0.298728 0.618684 0.302512 0.614899 0.008802711 0.618735 0.005021274 0.614952 0.170244 0.05068498 0.169467 0.348197 0.169467 0.05068498 0.908147 0.743595 0.608046 0.742818 0.908147 0.742818 0.162614 0.05068498 0.1633909 0.348197 0.1633909 0.05068498 0.908147 0.767945 0.608046 0.768722 0.908147 0.768722 0.703251 0.632744 0.703769 0.332125 0.703769 0.633261 0.405739 0.632743 0.703769 0.633261 0.405222 0.633261 0.405222 0.332125 0.405739 0.632744 0.405222 0.633261 0.405213 0.332135 0.405222 0.633261 0.398402 0.325325 0.398402 0.325325 0.405222 0.633261 0.398412 0.640071 0.703769 0.633261 0.398412 0.640071 0.405222 0.633261 0.398412 0.640071 0.703769 0.633261 0.710579 0.640071 0.710569 0.325325 0.710579 0.640071 0.703769 0.633261 0.710579 0.325314 0.711097 0.640589 0.710579 0.640071 0.397894 0.324797 0.71058 0.325315 0.398412 0.325315 0.398412 0.325315 0.397894 0.640589 0.397894 0.324797 0.71058 0.640071 0.397894 0.640589 0.398412 0.640071 0.1882269 0.05068498 0.17632 0.363889 0.17632 0.05068498 0.923838 0.703986 0.608046 0.715892 0.923838 0.715892 0.14711 0.363889 0.135203 0.05068498 0.135203 0.363889 0.398411 0.320274 0.711097 0.320792 0.710579 0.320274 0.710579 0.320274 0.405222 0.313464 0.398412 0.320274 0.405222 0.313464 0.710579 0.320274 0.703769 0.313464 0.703769 0.313464 0.710579 0.320274 0.703778 0.01233828 0.710579 0.320274 0.710589 0.005528271 0.703778 0.01233828 0.710579 0.320275 0.711097 0.004999995 0.710579 0.005517959 0.711097 0.004999995 0.398411 0.005517959 0.710579 0.005517959 0.398412 0.320274 0.397894 0.004999995 0.397894 0.320792 0.398412 0.320274 0.405232 0.01233828 0.398422 0.005528271 0.405222 0.313464 0.405232 0.01233828 0.398412 0.320274 0.405222 0.313464 0.405739 0.01284527 0.405222 0.01232796 0.703251 0.312946 0.405222 0.313464 0.703769 0.313464 0.703251 0.01284527 0.703769 0.313464 0.703769 0.01232796 0.405222 0.01232796 0.703251 0.01284599 0.703769 0.01232796 0.703778 0.01233828 0.398422 0.005528271 0.405232 0.01233828 0.398422 0.005528271 0.703778 0.01233828 0.710589 0.005528271 0.34301 0.302512 0.339645 0.004999935 0.339645 0.302512 0.608046 0.75995 0.908147 0.763315 0.608046 0.763315 0.33165 0.302512 0.335015 0.004999995 0.335015 0.302512 0.608046 0.777021 0.908147 0.773656 0.608046 0.773656 0.306581 0.94472 0.310364 0.648401 0.306581 0.64462 0.310364 0.940935 0.310364 0.648401 0.306581 0.94472 0.310308 0.648376 0.310825 0.940394 0.310825 0.648894 0.599736 0.648894 0.310308 0.648376 0.310825 0.648894 0.599736 0.940394 0.600254 0.648376 0.599736 0.648894 0.608046 0.748529 0.899545 0.755259 0.608046 0.755259 0.157923 0.05068498 0.151193 0.339596 0.151193 0.05068498 0.899545 0.797641 0.608046 0.80437 0.899545 0.80437 0.01984798 0.06324899 0.02657788 0.352159 0.02657788 0.06324899 0.298728 0.911218 0.009299933 0.9107 0.298211 0.9107 0.599736 0.940393 0.310308 0.940911 0.600254 0.940911 0.310364 0.940935 0.604035 0.944695 0.600254 0.940911 0.604035 0.944695 0.310364 0.940935 0.306581 0.94472 0.600254 0.940911 0.604035 0.944695 0.600254 0.648377 0.604035 0.944695 0.604035 0.644595 0.600254 0.648377 0.306581 0.64462 0.600254 0.648377 0.604035 0.644595 0.600254 0.648377 0.306581 0.64462 0.310364 0.648401 0.923838 0.667923 0.608046 0.656016 0.923838 0.656016 0.710569 0.325325 0.405213 0.332135 0.398402 0.325325 0.405213 0.332135 0.710569 0.325325 0.703759 0.332135 0.703759 0.332135 0.710569 0.325325 0.703769 0.633261 0.703769 0.332125 0.405739 0.332643 0.405222 0.332125 0.302512 0.614899 0.302512 0.915 0.298728 0.911219 0.004999995 0.004999995 0.513296 0.508783 0.004999995 0.508783 0.774216 0.359016 0.553418 0.36564 0.774216 0.36564 0.152336 0.019324 0.1589609 0.1849229 0.1589609 0.019324 0.774216 0.351316 0.553418 0.344692 0.774216 0.344692 0.144636 0.019324 0.138012 0.1849229 0.138012 0.019324 0.02619987 0.634329 0.191061 0.635065 0.02546298 0.635065 0.02619898 0.634329 0.190326 0.415003 0.190326 0.634329 0.02619898 0.634329 0.02546298 0.414267 0.02619898 0.415003 0.02619898 0.415003 0.191061 0.414267 0.190325 0.415003 0.190326 0.415003 0.191061 0.635065 0.190326 0.634329 0.825426 0.825375 0.829106 0.604577 0.829106 0.829055 0.595361 0.420262 0.586996 0.436991 0.595361 0.436991 0.240945 0.129613 0.241293 0.137628 0.241293 0.129612 0.241293 0.1292639 0.240945 0.129613 0.241293 0.129613 0.565974 0.374995 0.549245 0.374646 0.549245 0.374995 0.565974 0.994651 0.549245 0.374995 0.549245 0.994651 0.609866 0.484528 0.609518 0.4678 0.609866 0.4678 0.609866 0.484528 0.609518 0.484877 0.609518 0.484528 0.241293 0.1292639 0.86095 0.129613 0.86095 0.1292639 0.86095 0.137628 0.241293 0.129613 0.241293 0.137628 0.258022 0.781077 0.25837 0.161072 0.258022 0.160723 0.241293 0.160723 0.258022 0.781077 0.258022 0.160723 0.241293 0.781077 0.240945 0.161072 0.240945 0.780729 0.54785 0.09617835 0.54785 0.09548127 0.548343 0.09582978 0.595361 0.585772 0.587344 0.585424 0.59536 0.585424 0.595709 0.585772 0.595361 0.585772 0.595361 0.585424 0.595709 0.602501 0.595361 0.585772 0.595709 0.585772 0.321166 0.994651 0.337894 0.374995 0.321166 0.374995 0.264888 0.314874 0.884544 0.315222 0.884544 0.314874 0.264888 0.314874 0.264539 0.315222 0.264888 0.315222 0.337894 0.374995 0.321166 0.374646 0.321166 0.374995 0.884544 0.216277 0.884196 0.216625 0.884196 0.216277 0.264539 0.216625 0.884196 0.216277 0.884196 0.216625 0.884196 0.208261 0.264539 0.216277 0.264539 0.208261 0.884544 0.216277 0.884196 0.208261 0.884544 0.207912 0.595361 0.396668 0.586996 0.413397 0.595361 0.413397 0.264539 0.315222 0.264888 0.323238 0.264888 0.315222 1.24503 0.386496 1.24503 0.385799 1.24453 0.386148 0.286335 0.949384 0.286684 0.329379 0.286335 0.32903 0.286335 0.949384 0.269606 0.32903 0.269606 0.949384 0.269606 0.949384 0.269258 0.329379 0.269258 0.949036 0.54785 0.13103 0.54785 0.130333 0.548343 0.130682 0.596934 0.444205 0.588917 0.443857 0.596933 0.443857 0.597282 0.444205 0.596934 0.444205 0.596934 0.443857 0.597282 0.460934 0.596934 0.444205 0.597282 0.444205 0.297571 0.374995 0.3143 0.994651 0.3143 0.374995 0.3143 0.374995 0.297571 0.374646 0.297571 0.374995 0.912509 0.353473 0.912509 0.353124 0.912857 0.353124 0.292852 0.353473 0.912509 0.353124 0.912509 0.353473 0.912509 0.345109 0.292852 0.353124 0.292852 0.345109 0.912509 0.345109 0.912857 0.353124 0.912509 0.353125 1.24503 0.369071 1.24503 0.368374 1.24453 0.368723 0.595361 0.467451 0.586996 0.48418 0.595361 0.48418 0.240945 0.09815299 0.241293 0.106169 0.241293 0.09815245 0.241293 0.09780496 0.240945 0.09815299 0.241293 0.09815299 0.241293 0.09780496 0.86095 0.09815299 0.86095 0.09780496 0.86095 0.106169 0.241293 0.09815299 0.241293 0.106169 0.163644 0.686699 0.163992 0.06669396 0.163644 0.06634598 0.163644 0.686699 0.146915 0.06634598 0.146915 0.686699 0.146915 0.686699 0.146567 0.06669396 0.146567 0.68635 0.54785 0.165883 0.54785 0.165185 0.548343 0.165534 0.611091 0.570042 0.603074 0.569694 0.61109 0.569694 0.611439 0.570042 0.611091 0.570042 0.611091 0.569694 0.611439 0.586771 0.611091 0.570042 0.611439 0.570042 0.251466 0.374995 0.268194 0.994651 0.268194 0.374995 0.518785 0.374995 0.502056 0.374646 0.502056 0.374995 0.884544 0.169088 0.884196 0.169436 0.884196 0.169088 0.264539 0.169436 0.884196 0.169088 0.884196 0.169436 0.884196 0.161072 0.264539 0.169088 0.264539 0.161072 0.884544 0.169088 0.884196 0.161072 0.884544 0.160723 0.581204 0.492619 0.57284 0.509347 0.581204 0.509347 0.264539 0.176802 0.264887 0.184817 0.264887 0.176801 0.264887 0.1764529 0.264539 0.176802 0.264887 0.176802 0.264887 0.1764529 0.884544 0.176802 0.884544 0.1764529 0.884544 0.184817 0.264887 0.176802 0.264887 0.184817 0.187238 0.686699 0.187587 0.06669396 0.187238 0.06634598 0.187238 0.686699 0.1705099 0.06634598 0.1705099 0.686699 0.1705099 0.686699 0.170161 0.06669396 0.170161 0.68635 0.54785 0.200735 0.54785 0.200038 0.548343 0.200386 0.581204 0.445778 0.573188 0.44543 0.581204 0.44543 0.581553 0.445778 0.581204 0.445778 0.581204 0.44543 0.581553 0.462507 0.581204 0.445778 0.581553 0.445778 0.210484 0.686351 0.193756 0.06669396 0.193756 0.686351 0.264539 0.248084 0.884196 0.247736 0.884196 0.248084 0.884196 0.247736 0.264539 0.23972 0.884196 0.23972 0.884544 0.247736 0.884196 0.23972 0.884544 0.239372 0.581204 0.469024 0.57284 0.485753 0.581204 0.485753 0.264539 0.25545 0.264887 0.263466 0.264887 0.25545 0.264887 0.255101 0.264539 0.25545 0.264887 0.25545 0.210484 0.06669396 0.193756 0.06634598 0.193756 0.06669396 0.884544 0.247736 0.884196 0.248084 0.884196 0.247736 0.264887 0.255101 0.884544 0.25545 0.884544 0.255101 0.884544 0.25545 0.264887 0.263466 0.884544 0.263466 0.573188 0.462855 0.581204 0.462507 0.581204 0.462855 0.54785 0.218161 0.54785 0.217464 0.548343 0.217812 0.02207696 0.625354 0.02242588 0.00534898 0.02207696 0.004999995 0.02207696 0.625354 0.00534898 0.004999995 0.00534898 0.625354 0.00534898 0.625354 0.004999995 0.00534898 0.004999995 0.625006 0.54785 0.235587 0.54785 0.23489 0.548343 0.235238 0.581204 0.374995 0.573189 0.374646 0.581205 0.374646 0.581552 0.374995 0.581204 0.374995 0.581204 0.374646 0.581552 0.391724 0.581204 0.374995 0.581552 0.374995 0.04532295 0.625005 0.02859395 0.00534898 0.02859395 0.625005 0.292852 0.337743 0.912509 0.337395 0.912509 0.337743 0.292852 0.329379 0.912509 0.337395 0.292852 0.337395 0.912509 0.329379 0.912857 0.337395 0.912509 0.337395 0.06453555 -0.30644 0.06523257 -0.30644 0.06488406 -0.305947 0.581204 0.421835 0.57284 0.438564 0.581204 0.438564 0.292852 0.360838 0.293201 0.368854 0.293201 0.360838 0.293201 0.36049 0.292852 0.360838 0.293201 0.360838 0.04532289 0.00534898 0.02859395 0.004999995 0.02859395 0.00534898 0.912509 0.337743 0.912509 0.337395 0.912857 0.337395 0.293201 0.36049 0.912857 0.360838 0.912857 0.36049 0.912857 0.360838 0.293201 0.368854 0.912857 0.368854 0.581204 0.391724 0.573189 0.392072 0.57284 0.391724 0.57284 0.374995 0.581204 0.391724 0.57284 0.391724 0.581204 0.391724 0.581552 0.391724 0.581204 0.392072 0.54785 0.253013 0.54785 0.252316 0.548343 0.252664 0.06926596 0.625354 0.069615 0.00534898 0.06926596 0.004999995 0.05253797 0.004999995 0.06926596 0.625354 0.06926596 0.004999995 0.05253797 0.625354 0.05218899 0.00534898 0.05218899 0.625006 0.54785 0.270439 0.54785 0.269742 0.548343 0.27009 0.581204 0.563751 0.573189 0.563402 0.581205 0.563402 0.581552 0.563751 0.581204 0.563751 0.581204 0.563402 0.581552 0.580479 0.581204 0.563751 0.581552 0.563751 0.21735 0.686351 0.234079 0.06669396 0.21735 0.06669396 0.241293 0.113534 0.860949 0.113883 0.860949 0.113534 0.241293 0.113534 0.240945 0.113883 0.241293 0.113883 0.234079 0.06669396 0.21735 0.06634598 0.21735 0.06669396 0.860949 0.153358 0.860601 0.153707 0.860601 0.153358 0.240945 0.153707 0.860601 0.153358 0.860601 0.153707 0.860601 0.145342 0.240945 0.153358 0.240945 0.145342 0.860949 0.153358 0.860601 0.145342 0.860949 0.144994 0.581204 0.398241 0.57284 0.414969 0.581204 0.414969 0.240945 0.113883 0.241293 0.121899 0.241293 0.113883 1.21664 0.398241 1.21664 0.397544 1.21614 0.397892 0.09285998 0.686699 0.09320896 0.06669396 0.09285998 0.06634598 0.07613199 0.06634598 0.09285998 0.686699 0.09285998 0.06634598 0.07613199 0.686699 0.07578295 0.06669396 0.07578295 0.68635 0.54785 0.305291 0.54785 0.304594 0.548343 0.304942 0.581204 0.540156 0.573189 0.539808 0.581205 0.539808 0.581552 0.540156 0.581204 0.540156 0.581204 0.539808 0.581552 0.556885 0.581204 0.540156 0.581552 0.540156 0.09937798 0.06669396 0.116107 0.686351 0.116107 0.06669396 0.116107 0.06669396 0.09937798 0.06634598 0.09937798 0.06669396 0.884544 0.200547 0.884196 0.200895 0.884196 0.200547 0.264539 0.200895 0.884196 0.200547 0.884196 0.200895 0.264539 0.192531 0.884196 0.200547 0.264539 0.200547 0.884544 0.200547 0.884196 0.192531 0.884544 0.192183 0.581204 0.516213 0.57284 0.532942 0.581204 0.532942 0.264539 0.22399 0.264888 0.232006 0.264888 0.22399 0.264888 0.223642 0.264539 0.22399 0.264888 0.22399 0.264888 0.223642 0.884544 0.22399 0.884544 0.223642 0.884544 0.22399 0.264888 0.232006 0.884544 0.232006 0.573189 0.557233 0.581204 0.556885 0.581205 0.557233 0.54785 0.322717 0.54785 0.32202 0.548343 0.322368 0.140049 0.686699 0.140398 0.06669396 0.140049 0.06634598 0.140049 0.686699 0.1233209 0.06634598 0.1233209 0.686699 0.1233209 0.686699 0.122972 0.06669396 0.122972 0.68635 0.54785 0.340143 0.54785 0.339446 0.548343 0.339794 0.611091 0.521281 0.603074 0.520932 0.61109 0.520932 0.611439 0.521281 0.611091 0.521281 0.611091 0.520932 0.611439 0.538009 0.611091 0.521281 0.611439 0.521281 0.361489 0.374995 0.34476 0.994651 0.361489 0.994651 0.240945 0.090788 0.860601 0.09043997 0.860601 0.090788 0.240945 0.09043997 0.860601 0.08242398 0.860601 0.09043997 0.860601 0.08242398 0.860949 0.09043997 0.860601 0.09044039 1.23087 0.508471 1.23087 0.507774 1.23038 0.508123 0.595361 0.491046 0.586996 0.507774 0.595361 0.507774 0.264539 0.271179 0.264887 0.279195 0.264887 0.271179 0.264887 0.270831 0.264539 0.271179 0.264887 0.271179 0.361489 0.374995 0.34476 0.374646 0.34476 0.374995 0.860601 0.090788 0.860601 0.09043997 0.860949 0.09043997 0.264887 0.270831 0.884544 0.271179 0.884544 0.270831 0.264887 0.279195 0.884544 0.271179 0.264887 0.271179 0.43262 0.995 0.432968 0.374995 0.43262 0.374646 0.43262 0.995 0.415891 0.374646 0.415891 0.995 0.415891 0.995 0.415543 0.374995 0.415543 0.994652 0.54785 0.374995 0.54785 0.374298 0.548343 0.374647 0.609518 0.374995 0.601501 0.374646 0.609517 0.374646 0.609866 0.374995 0.609518 0.374995 0.609518 0.374646 0.609866 0.391724 0.609518 0.374995 0.609866 0.374995 0.409026 0.374995 0.392297 0.994651 0.409026 0.994651 0.409026 0.994651 0.409374 0.374995 0.409026 0.374995 0.264539 0.294925 0.884196 0.286909 0.884196 0.294925 0.884544 0.294925 0.884196 0.286909 0.884544 0.28656 0.596934 0.538235 0.588569 0.554963 0.596934 0.554963 0.264539 0.300717 0.264887 0.308733 0.264887 0.300717 0.392297 0.374995 0.392297 0.374646 0.391949 0.374995 0.409026 0.374995 0.392297 0.374646 0.392297 0.374995 0.409026 0.374646 0.409026 0.374995 0.409374 0.374995 0.392297 0.374995 0.391949 0.994651 0.392297 0.994651 0.264887 0.308733 0.884544 0.300717 0.264887 0.300717 0.494691 0.995 0.495039 0.374995 0.494691 0.374646 0.494691 0.995 0.486327 0.374646 0.486327 0.995 0.54785 0.392421 0.54785 0.391724 0.548343 0.392073 0.601501 0.392072 0.609518 0.391724 0.609517 0.392072 0.601153 0.374995 0.609518 0.391724 0.601153 0.391724 0.609866 0.391724 0.609518 0.392072 0.609518 0.391724 1.23244 0.538235 1.23244 0.537538 1.23195 0.537887 1.23244 0.55566 1.23244 0.554963 1.23195 0.555312 0.54785 0.357569 0.54785 0.356872 0.548343 0.35722 0.611091 0.538009 0.603074 0.538358 0.602726 0.538009 0.602726 0.521281 0.611091 0.538009 0.602726 0.538009 0.611091 0.538009 0.611439 0.538009 0.611091 0.538358 1.23087 0.491046 1.23087 0.490349 1.23038 0.490698 1.21664 0.516213 1.21664 0.515516 1.21614 0.515864 0.57284 0.540156 0.581204 0.556885 0.57284 0.556885 0.581552 0.556885 0.581204 0.557233 0.581204 0.556885 1.21664 0.533639 1.21664 0.532942 1.21614 0.533291 0.54785 0.287865 0.54785 0.287168 0.548343 0.287516 0.573189 0.580828 0.581204 0.580479 0.581205 0.580828 0.860949 0.113883 0.241293 0.121899 0.860949 0.121899 0.57284 0.563751 0.581204 0.580479 0.57284 0.580479 0.581552 0.580479 0.581204 0.580828 0.581204 0.580479 0.04748028 -0.490477 0.0481773 -0.490477 0.04782879 -0.489984 1.21664 0.421835 1.21664 0.421138 1.21614 0.421486 1.21664 0.469024 1.21664 0.468327 1.21614 0.468675 0.57284 0.445778 0.581204 0.462507 0.57284 0.462507 0.581553 0.462507 0.581204 0.462855 0.581204 0.462507 1.24503 0.299371 1.24503 0.298674 1.24453 0.299023 0.54785 0.183309 0.54785 0.182612 0.548343 0.18296 0.603074 0.58712 0.611091 0.586771 0.61109 0.58712 0.602726 0.570042 0.611091 0.586771 0.602726 0.586771 0.611439 0.586771 0.611091 0.58712 0.611091 0.586771 1.24503 0.316796 1.24503 0.316099 1.24453 0.316448 1.24503 0.334221 1.24503 0.333524 1.24453 0.333873 0.54785 0.148456 0.54785 0.147759 0.548343 0.148108 0.596934 0.460934 0.588917 0.461282 0.588569 0.460934 0.588569 0.444205 0.596934 0.460934 0.588569 0.460934 0.596934 0.460934 0.597282 0.460934 0.596934 0.461282 1.24503 0.351646 1.24503 0.350949 1.24453 0.351298 0.54785 0.113604 0.54785 0.112907 0.548343 0.113256 0.587344 0.602849 0.595361 0.602501 0.59536 0.602849 0.884544 0.323238 0.264888 0.315222 0.264888 0.323238 0.586996 0.585772 0.595361 0.602501 0.586996 0.602501 0.595709 0.602501 0.595361 0.602849 0.595361 0.602501 1.24503 0.403921 1.24503 0.403224 1.24453 0.403573 0.54785 0.07875227 0.54785 0.07805526 0.548343 0.07840377 0.601501 0.484877 0.609518 0.484528 0.609517 0.484877 0.601153 0.4678 0.609518 0.484528 0.601153 0.484528 0.609518 0.4678 0.601501 0.467451 0.609517 0.467451 0.609866 0.4678 0.609518 0.4678 0.609518 0.467451 0.240945 0.07505798 0.860601 0.07470995 0.860601 0.07505798 0.860601 0.06669396 0.240945 0.07470995 0.240945 0.06669396 0.368703 0.995 0.368355 0.374995 0.368355 0.994652 0.54785 0.06132626 0.54785 0.06062918 0.548343 0.06097769 0.368703 0.374646 0.385431 0.995 0.385431 0.374646 0.385431 0.995 0.385779 0.374995 0.385431 0.374646 0.54785 0.04390019 0.54785 0.04320317 0.548343 0.04355168 0.587344 0.532066 0.595361 0.531717 0.59536 0.532066 0.695788 0.00534898 0.07613098 0.01336389 0.695788 0.01336389 0.07613098 0.004999935 0.695788 0.00534898 0.695788 0.004999935 0.455867 0.994651 0.439138 0.374995 0.439138 0.994651 0.595709 0.531717 0.595361 0.514989 0.595709 0.514989 0.595709 0.531717 0.595361 0.532066 0.595361 0.531717 0.586996 0.514989 0.595361 0.531717 0.586996 0.531717 0.595361 0.514989 0.587344 0.51464 0.59536 0.51464 0.595709 0.514989 0.595361 0.514989 0.595361 0.51464 0.07578289 0.02944189 0.69544 0.02909398 0.69544 0.02944189 0.07578289 0.02909398 0.69544 0.02107799 0.69544 0.02909398 0.46308 0.995 0.462732 0.374995 0.462732 0.994652 0.54785 0.02647417 0.54785 0.0257771 0.548343 0.02612566 0.46308 0.374646 0.479809 0.995 0.479809 0.374646 0.479809 0.995 0.480157 0.374995 0.479809 0.374646 0.54785 0.009048104 0.54785 0.008351087 0.548343 0.008699595 0.601501 0.415318 0.609518 0.414969 0.609517 0.415318 0.695788 0.04447489 0.07613098 0.03645896 0.07613098 0.04447489 0.525999 0.374995 0.525651 0.994651 0.525999 0.994651 0.525999 0.994651 0.542728 0.374995 0.525999 0.374995 0.609866 0.414969 0.609518 0.398241 0.609866 0.398241 0.609866 0.414969 0.609518 0.415318 0.609518 0.414969 0.601153 0.398241 0.609518 0.414969 0.601153 0.414969 0.07578295 0.05061596 0.07613098 0.05897998 0.07578295 0.05897998 0.543983 0.462862 0.544331 0.462862 0.544331 0.463211 0.695788 0.05061596 0.07613098 0.05897998 0.07613098 0.05061596 0.696136 0.05897998 0.695788 0.05061596 0.696136 0.05061596 0.609518 0.491046 0.601153 0.507774 0.609518 0.507774 0.07578289 0.03645896 0.07613098 0.04447495 0.07613098 0.03645837 0.525999 0.374995 0.525999 0.374646 0.525651 0.374995 0.542728 0.374995 0.525999 0.374646 0.525999 0.374995 0.696136 0.05897998 0.695788 0.05932897 0.695788 0.05897998 0.07613098 0.05932897 0.695788 0.05897998 0.695788 0.05932897 0.07613098 0.05932897 0.07578295 0.05897998 0.07613098 0.05897998 1.24503 0.491046 1.24503 0.490349 1.24453 0.490698 -0.747115 -0.006241083 -0.747464 -0.006241083 -0.747464 -0.006589591 1.24503 0.473621 1.24503 0.472924 1.24453 0.473273 0.695788 0.02909398 0.69544 0.02107799 0.695788 0.02072995 0.596934 0.561829 0.588569 0.578558 0.596934 0.578558 0.07578289 0.00534898 0.07613098 0.01336389 0.07613098 0.005348384 0.07613098 0.004999995 0.07578295 0.00534898 0.07613098 0.00534898 0.455867 0.374995 0.439138 0.374646 0.439138 0.374995 0.695788 0.02909398 0.69544 0.02944189 0.69544 0.02909398 1.24503 0.456196 1.24503 0.455499 1.24453 0.455848 1.24503 0.438771 1.24503 0.438074 1.24453 0.438423 0.860949 0.07470989 0.860601 0.06669396 0.860949 0.06634598 0.860949 0.07470989 0.860601 0.07505798 0.860601 0.07470989 1.24503 0.421346 1.24503 0.420649 1.24453 0.420998 0.004935324 0.600482 0.008615314 0.600482 0.008678913 0.821282 0.774216 0.39585 0.553418 0.402474 0.774216 0.402474 0.837859 0.344692 0.844483 0.786273 0.844483 0.344692 0.238076 0.695101 0.01727795 0.688477 0.238076 0.688477 0.858807 0.354924 0.852184 0.796504 0.852184 0.354924 0.554152 0.280313 0.995 0.281049 0.553418 0.281049 0.554154 0.280313 0.994262 0.06098699 0.994262 0.280313 0.554154 0.280313 0.553418 0.06025099 0.554154 0.06098699 0.554154 0.06098699 0.995 0.06025099 0.994264 0.06098699 0.994262 0.06098699 0.995 0.281049 0.994262 0.280313 0.164504 0.361091 0.204334 0.374302 0.164504 0.374302 0.121767 0.361091 0.164504 0.374302 0.121767 0.374302 0.07902997 0.361091 0.121767 0.374302 0.07902997 0.374302 0.03919899 0.361091 0.07902997 0.374302 0.03919899 0.374302 0.004999995 0.361091 0.03919899 0.374302 0.004999995 0.374302 0.201947 0.086353 0.188737 0.052154 0.188737 0.086353 0.201947 0.126184 0.188737 0.086353 0.188737 0.126184 0.201947 0.1689209 0.188737 0.126184 0.188737 0.1689209 0.201947 0.211657 0.188737 0.1689209 0.188737 0.211657 0.201947 0.251488 0.188737 0.211657 0.188737 0.251488 0.201947 0.285688 0.188737 0.251488 0.188737 0.285688 0.204334 0.35479 0.238533 0.34158 0.204334 0.34158 0.164503 0.35479 0.204334 0.34158 0.164503 0.34158 0.121767 0.35479 0.164503 0.34158 0.121767 0.34158 0.07902896 0.35479 0.121767 0.34158 0.07902896 0.34158 0.03919899 0.35479 0.07902896 0.34158 0.03919899 0.34158 0.004999935 0.35479 0.03919899 0.34158 0.004999935 0.34158 0.403367 0.320495 0.416578 0.286296 0.416578 0.320495 0.403367 0.360326 0.416578 0.320495 0.416578 0.360326 0.403367 0.403063 0.416578 0.360326 0.416578 0.403063 0.403367 0.4458 0.416578 0.403063 0.416578 0.4458 0.403367 0.485631 0.416578 0.4458 0.416578 0.485631 0.403367 0.51983 0.416578 0.485631 0.416578 0.51983 0.204334 0.361091 0.238533 0.374302 0.204334 0.374302 0.05336797 0.05336797 0.02712798 0.08756798 0.03001797 0.08923596 0.02712798 0.08756798 0.013852 0.128256 0.03001797 0.08923596 0.02712798 0.08756798 0.01063197 0.127398 0.013852 0.128256 0.01063197 0.127398 0.008335947 0.170135 0.013852 0.128256 0.01063197 0.127398 0.004999995 0.170135 0.008335947 0.170135 0.01063197 0.212871 0.008335947 0.170135 0.004999935 0.170135 0.01063197 0.212871 0.013852 0.212013 0.008335947 0.170135 0.02712798 0.252703 0.013852 0.212013 0.01063197 0.212871 0.02712798 0.252703 0.03001797 0.251035 0.013852 0.212013 0.05336797 0.286902 0.03001797 0.251035 0.02712798 0.252703 0.05336797 0.286902 0.05572998 0.28454 0.03001797 0.251035 0.08756697 0.313141 0.05572998 0.28454 0.05336797 0.286902 0.08756697 0.313141 0.089235 0.310251 0.05572998 0.28454 0.08756697 0.313141 0.128256 0.326419 0.089235 0.310251 0.08756697 0.313141 0.127398 0.329639 0.128256 0.326419 0.127398 0.329639 0.170135 0.331934 0.128256 0.326419 0.127398 0.329639 0.170135 0.335269 0.170135 0.331934 0.212855 0.329682 0.170118 0.331978 0.170118 0.335313 0.252729 0.313177 0.21204 0.326454 0.212899 0.329674 0.286902 0.286902 0.251034 0.310251 0.252702 0.313141 0.286902 0.286902 0.284557 0.28454 0.251034 0.310251 0.313141 0.252703 0.284557 0.28454 0.286902 0.286902 0.313141 0.252703 0.310268 0.251035 0.284557 0.28454 0.329639 0.212871 0.310268 0.251035 0.313141 0.252703 0.329639 0.212871 0.326435 0.212013 0.310268 0.251035 0.329639 0.212871 0.331934 0.170135 0.326435 0.212013 0.329639 0.212871 0.33527 0.170135 0.331934 0.170135 0.329639 0.127398 0.331934 0.170135 0.33527 0.170135 0.329639 0.127398 0.326435 0.128256 0.331934 0.170135 0.329639 0.127398 0.310268 0.08923596 0.326435 0.128256 0.329639 0.127398 0.313141 0.08756798 0.310268 0.08923596 0.313141 0.08756798 0.284557 0.05571198 0.310268 0.08923596 0.313141 0.08756798 0.286902 0.05336797 0.284557 0.05571198 0.252702 0.02712798 0.284557 0.05571198 0.286902 0.05336797 0.252702 0.02712798 0.251034 0.03000199 0.284557 0.05571198 0.212872 0.01063096 0.251034 0.03000199 0.252702 0.02712798 0.212872 0.01063096 0.212013 0.01383495 0.251034 0.03000199 0.212872 0.01063096 0.170135 0.008335947 0.212013 0.01383495 0.212872 0.01063096 0.170135 0.004999935 0.170135 0.008335947 0.127398 0.01063096 0.170135 0.008335947 0.170135 0.004999995 0.127398 0.01063096 0.128256 0.01383495 0.170135 0.008335947 0.127398 0.01063096 0.089235 0.03000199 0.128256 0.01383495 0.127398 0.01063096 0.08756697 0.02712798 0.089235 0.03000199 0.08757185 0.02715218 0.05573439 0.05573564 0.0892412 0.03002589 0.05336797 0.05336797 0.03001797 0.08923596 0.05572998 0.05571198 0.03001767 0.0892359 0.0753147 0.07529836 0.05572855 0.05571329 0.03001767 0.0892359 0.05399626 0.103074 0.0753147 0.07529836 0.013852 0.128257 0.05399626 0.103074 0.03001767 0.0892359 0.013852 0.128257 0.04060477 0.135424 0.05399626 0.103074 0.008337855 0.170136 0.04060477 0.135424 0.013852 0.128257 0.008337855 0.170136 0.03603166 0.170136 0.04060477 0.135424 0.008337855 0.170136 0.04060727 0.204847 0.03603166 0.170136 0.01385509 0.212014 0.04060727 0.204847 0.008337855 0.170136 0.01385509 0.212014 0.05400115 0.237181 0.04060727 0.204847 0.03002357 0.251036 0.05400115 0.237181 0.01385509 0.212014 0.03002357 0.251036 0.07532167 0.264957 0.05400115 0.237181 0.05573689 0.284542 0.07532167 0.264957 0.03002357 0.251036 0.05573689 0.284542 0.103099 0.286276 0.07532167 0.264957 0.05573689 0.284542 0.135433 0.299669 0.103099 0.286276 0.08924448 0.310253 0.135433 0.299669 0.05573689 0.284542 0.135433 0.299669 0.08924448 0.310253 0.170146 0.304243 0.08924448 0.310253 0.251048 0.310253 0.170146 0.304243 0.128267 0.326421 0.251048 0.310253 0.08924448 0.310253 0.128267 0.326421 0.212026 0.326421 0.251048 0.310253 0.212026 0.326421 0.128267 0.326421 0.170147 0.331936 0.170146 0.304243 0.251048 0.310253 0.204858 0.299669 0.204858 0.299669 0.251048 0.310253 0.28457 0.284542 0.204858 0.299669 0.28457 0.284542 0.237208 0.286276 0.237208 0.286276 0.28457 0.284542 0.264984 0.264957 0.264984 0.264957 0.28457 0.284542 0.310281 0.251036 0.264984 0.264957 0.310281 0.251036 0.286285 0.237181 0.286285 0.237181 0.310281 0.251036 0.326446 0.212015 0.286285 0.237181 0.326446 0.212015 0.299694 0.204847 0.299694 0.204847 0.326446 0.212015 0.331944 0.170136 0.299694 0.204847 0.331944 0.170136 0.30425 0.170136 0.30425 0.170136 0.331944 0.170136 0.326443 0.128258 0.30425 0.170136 0.326443 0.128258 0.299691 0.135424 0.299691 0.135424 0.326443 0.128258 0.286281 0.103074 0.286281 0.103074 0.326443 0.128258 0.310275 0.08923596 0.286281 0.103074 0.310275 0.08923596 0.264977 0.07529848 0.264977 0.07529848 0.310275 0.08923596 0.284561 0.05571335 0.264977 0.07529848 0.284561 0.05571335 0.2372 0.05399596 0.2372 0.05399596 0.284561 0.05571335 0.251037 0.03000175 0.2372 0.05399596 0.251037 0.03000175 0.204848 0.04058694 0.204848 0.04058694 0.251037 0.03000175 0.170136 0.03602916 0.08923429 0.03000169 0.170136 0.03602916 0.251037 0.03000175 0.08923429 0.03000169 0.135424 0.04058688 0.170136 0.03602916 0.08923429 0.03000169 0.10309 0.05399584 0.135424 0.04058688 0.05572855 0.05571329 0.10309 0.05399584 0.08923429 0.03000169 0.05572855 0.05571329 0.0753147 0.07529836 0.10309 0.05399584 0.104758 0.05686795 0.103091 0.05399495 0.07531398 0.07529795 0.104758 0.05686789 0.135424 0.04058688 0.103091 0.05399489 0.104758 0.05686789 0.136298 0.04380697 0.135424 0.04058688 0.115643 0.120549 0.110689 0.08900797 0.110689 0.120549 0.115643 0.154385 0.110689 0.120549 0.110689 0.154385 0.115643 0.188238 0.110689 0.154385 0.110689 0.188238 0.115643 0.219778 0.110689 0.188238 0.110689 0.219778 0.115643 0.246861 0.110689 0.219778 0.110689 0.246861 0.390508 0.004999935 0.417589 0.009953916 0.390508 0.009953916 0.358966 0.004999995 0.390508 0.009953975 0.358966 0.009953975 0.325115 0.004999995 0.358966 0.009953975 0.325115 0.009953975 0.291278 0.004999935 0.325115 0.009953916 0.291278 0.009953916 0.259738 0.004999995 0.291278 0.009953975 0.259738 0.009953975 0.232638 0.004999935 0.259738 0.009953916 0.232638 0.009953916 0.208249 0.082488 0.213203 0.05540597 0.213203 0.082488 0.208249 0.114029 0.213203 0.082488 0.213203 0.114029 0.208249 0.147881 0.213203 0.114029 0.213203 0.147881 0.208249 0.181718 0.213203 0.147881 0.213203 0.181718 0.208249 0.213258 0.213203 0.181718 0.213203 0.213258 0.208249 0.240357 0.213203 0.213258 0.213203 0.240357 0.416506 0.02133589 0.443605 0.01638197 0.416506 0.01638197 0.384966 0.02133589 0.416506 0.01638197 0.384966 0.01638197 0.35113 0.02133595 0.384966 0.01638197 0.35113 0.01638197 0.317277 0.02133589 0.35113 0.01638197 0.317277 0.01638197 0.285737 0.02133589 0.317277 0.01638197 0.285737 0.01638197 0.258654 0.02133595 0.285737 0.01638197 0.258654 0.01638197 0.115643 0.08900797 0.110689 0.06190997 0.110689 0.08900797 0.104758 0.05686795 0.07531398 0.07529789 0.07765996 0.07765996 0.07765996 0.07765996 0.07531398 0.07529795 0.05399596 0.103074 0.07765996 0.07765996 0.05399596 0.103074 0.05688595 0.104741 0.043823 0.136283 0.05688589 0.104741 0.05399596 0.103074 0.043823 0.136283 0.05399596 0.103074 0.04060298 0.135423 0.03936499 0.170135 0.043823 0.136283 0.04060298 0.135423 0.03936499 0.170135 0.04060298 0.135423 0.03602796 0.170135 0.04385238 0.203954 0.03605729 0.170118 0.04063236 0.204829 0.05688595 0.235511 0.043823 0.203971 0.04060298 0.204846 0.05688589 0.235511 0.04060298 0.204846 0.05399596 0.237179 0.05688589 0.235511 0.05399596 0.237179 0.07531398 0.264956 0.05688595 0.235511 0.07531398 0.264956 0.07765996 0.262611 0.104758 0.283384 0.07765996 0.262611 0.07531398 0.264956 0.104758 0.283384 0.07531398 0.264956 0.103091 0.286274 0.104758 0.283384 0.103091 0.286274 0.135424 0.299667 0.104758 0.283384 0.135424 0.299667 0.136298 0.296446 0.136285 0.296465 0.170122 0.30426 0.170121 0.300924 0.170112 0.300944 0.204823 0.299706 0.2039639 0.296484 0.204022 0.296489 0.23723 0.286318 0.2355639 0.283429 0.262611 0.262611 0.235528 0.283384 0.237196 0.286274 0.262611 0.262611 0.237196 0.286274 0.264972 0.264956 0.283401 0.235511 0.262611 0.262611 0.264972 0.264956 0.283401 0.235511 0.264972 0.264956 0.286275 0.237179 0.283401 0.235511 0.286275 0.237179 0.299683 0.204846 0.283401 0.235511 0.299683 0.204846 0.296463 0.203971 0.296463 0.203971 0.299683 0.204846 0.304241 0.170135 0.296463 0.203971 0.304241 0.170135 0.300921 0.170135 0.300921 0.170135 0.304241 0.170135 0.299683 0.135423 0.300921 0.170135 0.299683 0.135423 0.296463 0.136283 0.283401 0.104741 0.296463 0.136283 0.299683 0.135423 0.283401 0.104741 0.299683 0.135423 0.286275 0.103074 0.262611 0.07765996 0.283401 0.104741 0.286275 0.103074 0.262611 0.07765996 0.286275 0.103074 0.264972 0.07529789 0.262611 0.07765996 0.264972 0.07529795 0.237196 0.05399495 0.262611 0.07765996 0.237196 0.05399495 0.235528 0.05686795 0.235528 0.05686789 0.237196 0.05399489 0.204846 0.04058688 0.235528 0.05686795 0.204846 0.04058688 0.203988 0.04380697 0.170135 0.03934788 0.203988 0.04380697 0.204846 0.04058688 0.170135 0.03934788 0.204846 0.04058688 0.170135 0.03602796 0.136298 0.04380697 0.170135 0.03934788 0.170135 0.03602796 0.136298 0.04380697 0.170135 0.03602796 0.135424 0.04058688 0.93555 0.309973 0.716764 0.436286 0.80924 0.528762 0.08923429 0.03000169 0.251037 0.03000175 0.212014 0.01383495 0.08923429 0.03000169 0.212014 0.01383495 0.128256 0.01383495 0.128256 0.01383495 0.212014 0.01383495 0.170135 0.008335947 0.450261 0.824966 0.008678913 0.821286 0.008665323 0.824966 0.858807 0.796504 0.852184 0.354924 0.852184 0.796504 0.01727795 0.695101 0.238076 0.688477 0.01727795 0.688477 0.837859 0.786273 0.844483 0.344692 0.844483 0.786273 0.553418 0.39585 0.774216 0.402474 0.553418 0.402474 0.553418 0.281049 0.554154 0.06098699 0.553418 0.06025099 0.553418 0.281049 0.994262 0.280313 0.554152 0.280313 0.995 0.281049 0.994262 0.06098699 0.994262 0.280313 0.553418 0.06025099 0.994264 0.06098699 0.995 0.06025099 0.554154 0.06098699 0.994262 0.280313 0.994262 0.06098699 0.917361 0.487127 0.905298 0.955952 0.917361 0.955952 0.143335 0.917725 0.131271 0.91752 0.131271 0.917725 0.143335 0.91752 0.131271 0.490611 0.131271 0.91752 0.131271 0.490407 0.143335 0.490611 0.143335 0.490407 0.899323 0.487127 0.887259 0.955952 0.899323 0.955952 0.1252959 0.91752 0.113233 0.917725 0.113233 0.91752 0.113233 0.490611 0.1252959 0.91752 0.113233 0.91752 0.1252959 0.490407 0.113233 0.490611 0.113233 0.490407 0.008590996 0.484363 0.008385956 0.483954 0.008794903 0.484158 0.008385956 0.483954 0.008590996 0.953188 0.008385956 0.953597 0.005203902 0.956778 0.008385896 0.483954 0.008385896 0.953596 0.005203902 0.480772 0.008385896 0.483954 0.005203902 0.956778 0.008385896 0.483954 0.005203902 0.480772 0.436103 0.483959 0.439284 0.480777 0.436103 0.483959 0.005203902 0.480772 0.436103 0.483959 0.439284 0.480777 0.439284 0.956783 0.439295 0.480772 0.439499 0.956778 0.439295 0.956778 0.439295 0.480772 0.439295 0.480567 0.439499 0.480772 0.005203902 0.480771 0.439295 0.480566 0.439295 0.480771 0.005203902 0.480567 0.005203902 0.480772 0.004999995 0.480772 0.005203902 0.956778 0.004999935 0.480772 0.005203902 0.480772 0.106386 0.490407 0.10659 0.490611 0.106386 0.490611 0.1065829 0.924702 0.106379 0.490611 0.1065829 0.490611 0.005203902 0.956778 0.008385896 0.953596 0.439284 0.956783 0.436103 0.953601 0.439284 0.956783 0.008385896 0.953596 0.436103 0.483959 0.439284 0.956783 0.436103 0.953601 0.436113 0.953597 0.435909 0.484363 0.436113 0.483954 0.435909 0.953188 0.436113 0.953597 0.435704 0.953392 0.008385956 0.953602 0.435704 0.953397 0.436113 0.953602 0.008385956 0.953597 0.008590996 0.953188 0.008794903 0.953392 0.435704 0.484158 0.436113 0.483954 0.435909 0.484363 0.008385956 0.483956 0.435704 0.48416 0.008794724 0.48416 0.106386 0.924702 0.10659 0.924702 0.106386 0.924906 0.106386 0.924702 0.07407999 0.924906 0.07407999 0.924702 0.07407999 0.490611 0.106386 0.924702 0.07407999 0.924702 0.106386 0.490407 0.07407999 0.490611 0.07407999 0.490407 0.478927 0.962694 0.954934 0.995 0.954934 0.962694 0.880424 0.956574 0.880629 0.480567 0.880424 0.480567 0.876426 0.952576 0.880424 0.956574 0.880424 0.480567 0.880424 0.956574 0.876426 0.952576 0.446357 0.956598 0.450355 0.952599 0.446357 0.956598 0.876426 0.952576 0.446357 0.956598 0.450355 0.952599 0.446357 0.480591 0.446357 0.480591 0.450355 0.952599 0.450355 0.484588 0.450332 0.484565 0.450537 0.952167 0.450537 0.484974 0.450537 0.952167 0.450332 0.952576 0.450742 0.952371 0.876426 0.952576 0.450742 0.952371 0.450332 0.952576 0.876426 0.952576 0.876222 0.952167 0.876017 0.952371 0.876426 0.484565 0.876222 0.952167 0.876426 0.952576 0.876426 0.952576 0.880424 0.480567 0.876426 0.484565 0.876426 0.484565 0.880424 0.480567 0.450355 0.484588 0.446357 0.480591 0.450355 0.484588 0.880424 0.480567 0.07387745 0.490611 0.07408249 0.924702 0.07387745 0.924702 0.07387501 0.490611 0.07407999 0.490407 0.07407999 0.490611 0.07387501 0.924702 0.07407999 0.924702 0.07407999 0.924906 0.446334 0.480567 0.44613 0.956574 0.446334 0.956574 0.887259 0.481006 0.919565 0.004999995 0.887259 0.004999995 0.06682389 0.490611 0.034518 0.490407 0.034518 0.490611 0.034518 0.490611 0.06682389 0.924702 0.06682389 0.490611 0.955138 0.962694 0.954934 0.995 0.955138 0.995 0.880424 0.956574 0.880424 0.956778 0.880629 0.956574 0.446334 0.956573 0.880424 0.956777 0.880424 0.956573 0.446334 0.956778 0.446334 0.956574 0.44613 0.956574 0.450332 0.484568 0.876017 0.484772 0.876426 0.484568 0.450332 0.484565 0.450537 0.484974 0.450742 0.484769 0.005203902 0.962694 0.004999935 0.963512 0.005203902 0.963512 0.005203902 0.962694 0.472397 0.963512 0.472397 0.962694 0.472397 0.963512 0.472602 0.962694 0.472397 0.962694 0.025496 0.915683 0.024679 0.490407 0.02549695 0.490407 0.005203902 0.971711 0.004999995 0.970894 0.005203902 0.970894 0.005203902 0.971711 0.472397 0.970894 0.472397 0.971711 0.472397 0.970894 0.472602 0.971711 0.472397 0.971711 0.876222 0.484974 0.876426 0.484565 0.876017 0.484769 0.01483899 0.490407 0.01565688 0.915683 0.01565688 0.490407 0.488952 0.249988 0.004999935 0.004999995 0.727916 0.004999995 0.01727795 0.695101 0.238076 0.688477 0.01727795 0.688477 0.837859 0.786273 0.844483 0.344692 0.844483 0.786273 0.553418 0.39585 0.774216 0.402474 0.553418 0.402474 0.858807 0.796504 0.852184 0.354924 0.852184 0.796504 0.995 0.281049 0.554152 0.280313 0.553418 0.281049 0.995 0.06025099 0.994262 0.280313 0.995 0.281049 0.995 0.06025099 0.554154 0.06098699 0.994264 0.06098699 0.553418 0.281049 0.554154 0.06098699 0.553418 0.06025099 0.554154 0.06098699 0.994262 0.280313 0.994262 0.06098699 0.450261 0.824953 0.008679032 0.821273 0.008680045 0.824953 0.008678913 0.821282 0.004935324 0.600482 0.004999935 0.824962 0.858807 0.796504 0.852184 0.354924 0.852184 0.796504 0.01727795 0.695101 0.238076 0.688477 0.01727795 0.688477 0.837859 0.786273 0.844483 0.344692 0.844483 0.786273 0.553418 0.39585 0.774216 0.402474 0.553418 0.402474 0.553418 0.281049 0.554154 0.06098699 0.553418 0.06025099 0.995 0.281049 0.554152 0.280313 0.553418 0.281049 0.995 0.06025099 0.994262 0.280313 0.995 0.281049 0.553418 0.06025099 0.994264 0.06098699 0.995 0.06025099 0.554154 0.06098699 0.994262 0.280313 0.994262 0.06098699 0.302512 0.915 0.298728 0.911219 0.005021274 0.915053 0.298728 0.911219 0.302512 0.915 0.302512 0.614899 0.608046 0.767945 0.908147 0.768722 0.608046 0.768722 0.162614 0.348197 0.1633909 0.05068498 0.1633909 0.348197 0.608046 0.743595 0.908147 0.742818 0.608046 0.742818 0.170244 0.348197 0.169467 0.05068498 0.169467 0.348197 0.703251 0.332643 0.405222 0.332125 0.405739 0.332643 0.703769 0.332125 0.703251 0.632744 0.703769 0.633261 0.703251 0.632743 0.405222 0.633261 0.703769 0.633261 0.405739 0.632744 0.405222 0.332125 0.405222 0.633261 0.398402 0.325325 0.405222 0.633261 0.405213 0.332135 0.398412 0.640071 0.405222 0.633261 0.398402 0.325325 0.405222 0.633261 0.398412 0.640071 0.703769 0.633261 0.710579 0.640071 0.703769 0.633261 0.398412 0.640071 0.703769 0.633261 0.710579 0.640071 0.710569 0.325325 0.711097 0.640589 0.710579 0.325314 0.710579 0.640071 0.608046 0.667923 0.923838 0.656016 0.608046 0.656016 0.14711 0.05068498 0.135203 0.363889 0.135203 0.05068498 0.397894 0.320792 0.710579 0.320274 0.711097 0.320792 0.397894 0.004999995 0.398412 0.320274 0.397894 0.320792 0.397894 0.004999995 0.710579 0.005517959 0.398411 0.005517959 0.1882269 0.363889 0.17632 0.05068498 0.17632 0.363889 0.711097 0.640589 0.398412 0.640071 0.397894 0.640589 0.397894 0.640589 0.398412 0.325315 0.397894 0.324797 0.608046 0.703986 0.923838 0.715892 0.608046 0.715892 0.711097 0.004999995 0.710579 0.320275 0.710579 0.005517959 0.703778 0.01233828 0.710589 0.005528271 0.710579 0.320274 0.710589 0.005528271 0.703778 0.01233828 0.398422 0.005528271 0.405232 0.01233828 0.398422 0.005528271 0.703778 0.01233828 0.398422 0.005528271 0.405232 0.01233828 0.398412 0.320274 0.398412 0.320274 0.405232 0.01233828 0.405222 0.313464 0.405739 0.01284527 0.405222 0.313464 0.405222 0.01232796 0.908147 0.777021 0.608046 0.773656 0.908147 0.773656 0.33165 0.004999995 0.335015 0.302512 0.335015 0.004999995 0.908147 0.75995 0.608046 0.763315 0.908147 0.763315 0.34301 0.004999935 0.339645 0.302512 0.339645 0.004999935 0.405739 0.01284599 0.703769 0.01232796 0.703251 0.01284599 0.703769 0.313464 0.703251 0.01284527 0.703769 0.01232796 0.405739 0.312946 0.703769 0.313464 0.405222 0.313464 0.703769 0.313464 0.710579 0.320274 0.405222 0.313464 0.703778 0.01233828 0.710579 0.320274 0.703769 0.313464 0.398412 0.320274 0.405222 0.313464 0.710579 0.320274 0.604035 0.644595 0.600254 0.648377 0.306581 0.64462 0.600254 0.648377 0.604035 0.644595 0.604035 0.944695 0.600254 0.648377 0.604035 0.944695 0.600254 0.940911 0.600254 0.940911 0.604035 0.944695 0.310364 0.940935 0.306581 0.94472 0.310364 0.940935 0.604035 0.944695 0.306581 0.94472 0.310364 0.648401 0.310364 0.940935 0.306581 0.64462 0.310364 0.648401 0.306581 0.94472 0.310364 0.648401 0.306581 0.64462 0.600254 0.648377 0.310308 0.648376 0.599736 0.648894 0.310825 0.648894 0.310825 0.940394 0.310308 0.648376 0.310825 0.648894 0.310308 0.940911 0.599736 0.940393 0.600254 0.940911 0.157923 0.339596 0.151193 0.05068498 0.151193 0.339596 0.608046 0.797641 0.899545 0.80437 0.608046 0.80437 0.01984798 0.352159 0.02657788 0.06324899 0.02657788 0.352159 0.899545 0.748529 0.608046 0.755259 0.899545 0.755259 0.600254 0.648376 0.599736 0.940394 0.599736 0.648894 0.008781969 0.911218 0.009299933 0.619201 0.008781969 0.618684 0.009299933 0.9107 0.298728 0.911218 0.298211 0.9107 0.008802711 0.91127 0.005021274 0.915053 0.298728 0.911219 0.005021274 0.915053 0.008802711 0.91127 0.005021274 0.614952 0.005021274 0.614952 0.008802711 0.91127 0.008802711 0.618735 0.005021274 0.614952 0.008802711 0.618735 0.302512 0.614899 0.298728 0.618684 0.302512 0.614899 0.008802711 0.618735 0.298728 0.911219 0.302512 0.614899 0.298728 0.618684 0.29821 0.619201 0.298728 0.911218 0.298728 0.618684 0.009299933 0.619201 0.298728 0.618684 0.008781969 0.618684 0.711097 0.324797 0.398412 0.325315 0.71058 0.325315 0.398402 0.325325 0.405213 0.332135 0.710569 0.325325 0.703759 0.332135 0.710569 0.325325 0.405213 0.332135 0.703769 0.633261 0.710569 0.325325 0.703759 0.332135 0.513296 0.004999995 0.004999995 0.508783 0.513296 0.508783 0.004935324 0.600482 0.008615314 0.600482 0.008678913 0.821282 0.774216 0.39585 0.553418 0.402474 0.774216 0.402474 0.837859 0.344692 0.844483 0.786273 0.844483 0.344692 0.238076 0.695101 0.01727795 0.688477 0.238076 0.688477 0.858807 0.354924 0.852184 0.796504 0.852184 0.354924 0.994262 0.280313 0.553418 0.281049 0.554152 0.280313 0.554154 0.280313 0.994262 0.06098699 0.994262 0.280313 0.554154 0.06098699 0.553418 0.281049 0.553418 0.06025099 0.554154 0.06098699 0.995 0.06025099 0.994264 0.06098699 0.994262 0.06098699 0.995 0.281049 0.994262 0.280313 0.697646 0.217118 0.670469 0.42122 0.697646 0.42122 0.697646 0.461957 0.670469 0.462511 0.670469 0.461957 0.697646 0.450032 0.670469 0.461957 0.670469 0.450032 0.6982 0.461957 0.697646 0.450032 0.6982 0.450032 0.670469 0.005554914 0.682393 0.209656 0.670469 0.209656 0.659456 0.1247979 0.659456 0.3289 0.004999995 0.004999935 0.670469 0.005554914 0.682393 0.004999995 0.682393 0.005554914 0.697646 0.429791 0.670469 0.441716 0.697646 0.441716 0.697646 0.429791 0.670469 0.429237 0.670469 0.429791 0.682393 0.005554914 0.682393 0.004999935 0.682948 0.005554914 0.682393 0.005554914 0.682948 0.209656 0.682393 0.209656 0.697646 0.461957 0.6982 0.461957 0.697646 0.462511 0.004935324 0.600482 0.008615314 0.600482 0.008678913 0.821282 0.774216 0.39585 0.553418 0.402474 0.774216 0.402474 0.837859 0.344692 0.844483 0.786273 0.844483 0.344692 0.238076 0.695101 0.01727795 0.688477 0.238076 0.688477 0.858807 0.354924 0.852184 0.796504 0.852184 0.354924 0.994262 0.280313 0.553418 0.281049 0.554152 0.280313 0.554154 0.280313 0.994262 0.06098699 0.994262 0.280313 0.554154 0.06098699 0.553418 0.281049 0.553418 0.06025099 0.994264 0.06098699 0.553418 0.06025099 0.995 0.06025099 0.994262 0.06098699 0.995 0.281049 0.994262 0.280313 0.008678913 0.821282 0.004935324 0.600482 0.004999935 0.824962 0.858807 0.796504 0.852184 0.354924 0.852184 0.796504 0.01727795 0.695101 0.238076 0.688477 0.01727795 0.688477 0.837859 0.786273 0.844483 0.344692 0.844483 0.786273 0.553418 0.39585 0.774216 0.402474 0.553418 0.402474 0.553418 0.281049 0.554154 0.06098699 0.553418 0.06025099 0.995 0.281049 0.554152 0.280313 0.553418 0.281049 0.995 0.06025099 0.994262 0.280313 0.995 0.281049 0.553418 0.06025099 0.994264 0.06098699 0.995 0.06025099 0.554154 0.06098699 0.994262 0.280313 0.994262 0.06098699 0.45026 0.821282 0.450261 0.824962 0.008678913 0.821282 0.004999935 0.824962 0.004935324 0.600482 0.008678913 0.821282 0.008678913 0.821282 0.450261 0.824962 0.004999935 0.824962 0.774216 0.39585 0.553418 0.39585 0.553418 0.402474 0.837859 0.344692 0.837859 0.786273 0.844483 0.786273 0.238076 0.695101 0.01727795 0.695101 0.01727795 0.688477 0.858807 0.354924 0.858807 0.796504 0.852184 0.796504 0.994262 0.280313 0.995 0.281049 0.553418 0.281049 0.554154 0.280313 0.554154 0.06098699 0.994262 0.06098699 0.554154 0.280313 0.553418 0.281049 0.553418 0.06025099 0.554154 0.06098699 0.553418 0.06025099 0.995 0.06025099 0.994262 0.06098699 0.995 0.06025099 0.995 0.281049 0.150332 0.854363 0.150332 0.490407 0.1493099 0.490407 0.106055 0.304289 0.105033 0.304289 0.105034 0.06403589 0.158532 0.854363 0.158532 0.490407 0.15751 0.490407 0.114255 0.304289 0.114255 0.06403589 0.113233 0.06403589 0.238076 0.695101 0.01727795 0.695101 0.01727795 0.688477 0.858807 0.354924 0.858807 0.796504 0.852184 0.796504 0.774216 0.39585 0.553418 0.39585 0.553418 0.402474 0.837859 0.344692 0.837859 0.786273 0.844483 0.786273 0.554154 0.06098699 0.553418 0.06025099 0.995 0.06025099 0.554154 0.280313 0.554154 0.06098699 0.994262 0.06098699 0.554152 0.280313 0.994262 0.280313 0.995 0.281049 0.994262 0.06098699 0.995 0.06025099 0.995 0.281049 0.554154 0.280313 0.553418 0.281049 0.553418 0.06025099 0.45026 0.821265 0.450261 0.824945 0.008680164 0.824944 0.450261 0.824962 0.45026 0.821282 0.008678913 0.821282 0.008678913 0.821282 0.008615314 0.600482 0.004935324 0.600482 0.004999935 0.824962 0.450261 0.824962 0.008678913 0.821282 0.858807 0.796504 0.858807 0.354924 0.852184 0.354924 0.01727795 0.695101 0.238076 0.695101 0.238076 0.688477 0.837859 0.786273 0.837859 0.344692 0.844483 0.344692 0.553418 0.39585 0.774216 0.39585 0.774216 0.402474 0.553418 0.281049 0.554154 0.280313 0.554154 0.06098699 0.995 0.281049 0.994262 0.280313 0.554152 0.280313 0.995 0.06025099 0.994262 0.06098699 0.994262 0.280313 0.553418 0.06025099 0.554154 0.06098699 0.994264 0.06098699 0.554154 0.06098699 0.554154 0.280313 0.994262 0.280313 0.009299933 0.619201 0.009299933 0.9107 0.008781969 0.911218 0.298728 0.618684 0.298211 0.619201 0.009299933 0.619201 0.298728 0.911218 0.29821 0.9107 0.29821 0.619201 0.170244 0.05068498 0.170244 0.348197 0.169467 0.348197 0.908147 0.743595 0.608046 0.743595 0.608046 0.742818 0.162614 0.05068498 0.162614 0.348197 0.1633909 0.348197 0.908147 0.767945 0.608046 0.767945 0.608046 0.768722 0.703251 0.632744 0.703251 0.332643 0.703769 0.332125 0.405222 0.633261 0.405739 0.632743 0.703251 0.632743 0.405222 0.332125 0.405739 0.332643 0.405739 0.632744 0.710579 0.325314 0.711097 0.324797 0.711097 0.640589 0.397894 0.324797 0.711097 0.324797 0.71058 0.325315 0.398412 0.325315 0.398412 0.640072 0.397894 0.640589 0.71058 0.640071 0.711097 0.640589 0.397894 0.640589 0.1882269 0.05068498 0.1882269 0.363889 0.17632 0.363889 0.923838 0.703986 0.608046 0.703986 0.608046 0.715892 0.14711 0.363889 0.14711 0.05068498 0.135203 0.05068498 0.398411 0.320274 0.397894 0.320792 0.711097 0.320792 0.710579 0.320275 0.711097 0.320792 0.711097 0.004999995 0.711097 0.004999995 0.397894 0.004999995 0.398411 0.005517959 0.398412 0.320274 0.398412 0.005517423 0.397894 0.004999995 0.405222 0.313464 0.405739 0.312946 0.405739 0.01284527 0.703769 0.313464 0.703251 0.312946 0.405739 0.312946 0.703251 0.01284527 0.703251 0.312946 0.703769 0.313464 0.703769 0.01232796 0.405222 0.01232796 0.405739 0.01284599 0.34301 0.302512 0.34301 0.004999935 0.339645 0.004999935 0.608046 0.75995 0.908147 0.75995 0.908147 0.763315 0.33165 0.302512 0.33165 0.004999995 0.335015 0.004999995 0.608046 0.777021 0.908147 0.777021 0.908147 0.773656 0.310308 0.648376 0.310308 0.940911 0.310825 0.940394 0.599736 0.648894 0.600254 0.648376 0.310308 0.648376 0.599736 0.940394 0.600254 0.940911 0.600254 0.648376 0.608046 0.748529 0.899545 0.748529 0.899545 0.755259 0.157923 0.05068498 0.157923 0.339596 0.151193 0.339596 0.899545 0.797641 0.608046 0.797641 0.608046 0.80437 0.01984798 0.06324899 0.01984798 0.352159 0.02657788 0.352159 0.298728 0.911218 0.008781969 0.911218 0.009299933 0.9107 0.599736 0.940393 0.310825 0.940393 0.310308 0.940911 0.923838 0.667923 0.608046 0.667923 0.608046 0.656016 0.405222 0.332125 0.703769 0.332125 0.703251 0.332643 0.009299933 0.619201 0.009299933 0.9107 0.008781969 0.911218 0.298211 0.619201 0.009299933 0.619201 0.008781969 0.618684 0.298728 0.911218 0.29821 0.9107 0.29821 0.619201 0.170244 0.05068498 0.170244 0.348197 0.169467 0.348197 0.908147 0.743595 0.608046 0.743595 0.608046 0.742818 0.162614 0.05068498 0.162614 0.348197 0.1633909 0.348197 0.908147 0.767945 0.608046 0.767945 0.608046 0.768722 0.703251 0.632744 0.703251 0.332643 0.703769 0.332125 0.405739 0.632743 0.703251 0.632743 0.703769 0.633261 0.405222 0.332125 0.405739 0.332643 0.405739 0.632744 0.710579 0.325314 0.711097 0.324797 0.711097 0.640589 0.397894 0.324797 0.711097 0.324797 0.71058 0.325315 0.398412 0.325315 0.398412 0.640072 0.397894 0.640589 0.71058 0.640071 0.711097 0.640589 0.397894 0.640589 0.1882269 0.05068498 0.1882269 0.363889 0.17632 0.363889 0.923838 0.703986 0.608046 0.703986 0.608046 0.715892 0.14711 0.363889 0.14711 0.05068498 0.135203 0.05068498 0.398411 0.320274 0.397894 0.320792 0.711097 0.320792 0.710579 0.320275 0.711097 0.320792 0.711097 0.004999995 0.711097 0.004999995 0.397894 0.004999995 0.398411 0.005517959 0.398412 0.320274 0.398412 0.005517423 0.397894 0.004999995 0.405222 0.313464 0.405739 0.312946 0.405739 0.01284527 0.703251 0.312946 0.405739 0.312946 0.405222 0.313464 0.703251 0.01284527 0.703251 0.312946 0.703769 0.313464 0.405222 0.01232796 0.405739 0.01284599 0.703251 0.01284599 0.34301 0.302512 0.34301 0.004999935 0.339645 0.004999935 0.608046 0.75995 0.908147 0.75995 0.908147 0.763315 0.33165 0.302512 0.33165 0.004999995 0.335015 0.004999995 0.608046 0.777021 0.908147 0.777021 0.908147 0.773656 0.310308 0.648376 0.310308 0.940911 0.310825 0.940394 0.600254 0.648376 0.310308 0.648376 0.310825 0.648894 0.599736 0.940394 0.600254 0.940911 0.600254 0.648376 0.608046 0.748529 0.899545 0.748529 0.899545 0.755259 0.157923 0.05068498 0.157923 0.339596 0.151193 0.339596 0.899545 0.797641 0.608046 0.797641 0.608046 0.80437 0.01984798 0.06324899 0.01984798 0.352159 0.02657788 0.352159 0.008781969 0.911218 0.009299933 0.9107 0.298211 0.9107 0.310825 0.940393 0.310308 0.940911 0.600254 0.940911 0.923838 0.667923 0.608046 0.667923 0.608046 0.656016 0.703769 0.332125 0.703251 0.332643 0.405739 0.332643 0.45026 0.821282 0.450261 0.824962 0.008678913 0.821282 0.004999935 0.824962 0.004935324 0.600482 0.008678913 0.821282 0.008678913 0.821282 0.450261 0.824962 0.004999935 0.824962 0.774216 0.39585 0.553418 0.39585 0.553418 0.402474 0.837859 0.344692 0.837859 0.786273 0.844483 0.786273 0.238076 0.695101 0.01727795 0.695101 0.01727795 0.688477 0.858807 0.354924 0.858807 0.796504 0.852184 0.796504 0.554152 0.280313 0.994262 0.280313 0.995 0.281049 0.554154 0.280313 0.554154 0.06098699 0.994262 0.06098699 0.554154 0.06098699 0.554154 0.280313 0.553418 0.281049 0.554154 0.06098699 0.553418 0.06025099 0.995 0.06025099 0.994262 0.06098699 0.995 0.06025099 0.995 0.281049 0.45026 0.821282 0.450261 0.824962 0.008678913 0.821282 0.004999935 0.824962 0.004935324 0.600482 0.008678913 0.821282 0.008678913 0.821282 0.450261 0.824962 0.004999935 0.824962 0.774216 0.39585 0.553418 0.39585 0.553418 0.402474 0.837859 0.344692 0.837859 0.786273 0.844483 0.786273 0.238076 0.695101 0.01727795 0.695101 0.01727795 0.688477 0.858807 0.354924 0.858807 0.796504 0.852184 0.796504 0.994262 0.280313 0.995 0.281049 0.553418 0.281049 0.554154 0.280313 0.554154 0.06098699 0.994262 0.06098699 0.554154 0.280313 0.553418 0.281049 0.553418 0.06025099 0.554154 0.06098699 0.553418 0.06025099 0.995 0.06025099 0.994262 0.06098699 0.995 0.06025099 0.995 0.281049 0.004999995 0.004999995 0.513296 0.004999995 0.513296 0.508783 0.004999995 0.988975 0.494977 0.988975 0.494977 0.505023 0.01727795 0.695101 0.238076 0.695101 0.238076 0.688477 0.837859 0.786273 0.837859 0.344692 0.844483 0.344692 0.553418 0.39585 0.774216 0.39585 0.774216 0.402474 0.858807 0.796504 0.858807 0.354924 0.852184 0.354924 0.995 0.281049 0.994262 0.280313 0.554152 0.280313 0.995 0.281049 0.995 0.06025099 0.994262 0.06098699 0.995 0.06025099 0.553418 0.06025099 0.554154 0.06098699 0.553418 0.281049 0.554154 0.280313 0.554154 0.06098699 0.554154 0.06098699 0.554154 0.280313 0.994262 0.280313 0.450261 0.824962 0.45026 0.821282 0.008678913 0.821282 0.43793 0.004999995 0.43793 0.474234 0.865248 0.474234 0.82875 0.990538 0.862602 0.994997 0.896439 0.990538 0.896439 0.990538 0.927979 0.977476 0.988915 0.898065 0.955078 0.956703 0.975853 0.929604 0.927979 0.977476 0.988915 0.898065 0.993374 0.864229 0.988916 0.830377 0.988916 0.830377 0.975854 0.798837 0.95508 0.771755 0.95508 0.771755 0.927982 0.750965 0.988916 0.830377 0.896441 0.737903 0.862605 0.733445 0.828752 0.737903 0.828752 0.737903 0.797212 0.750965 0.770129 0.771755 0.770129 0.771755 0.749338 0.798837 0.736276 0.830377 0.736276 0.830377 0.731817 0.864229 0.736275 0.898065 0.736275 0.898065 0.749337 0.929604 0.770127 0.956703 0.770127 0.956703 0.797209 0.977476 0.736275 0.898065 0.82875 0.990538 0.896439 0.990538 0.988915 0.898065 0.975853 0.929604 0.988915 0.898065 0.927979 0.977476 0.988916 0.830377 0.927982 0.750965 0.896441 0.737903 0.896441 0.737903 0.828752 0.737903 0.770129 0.771755 0.770129 0.771755 0.736276 0.830377 0.736275 0.898065 0.736275 0.898065 0.797209 0.977476 0.82875 0.990538 0.82875 0.990538 0.988915 0.898065 0.988916 0.830377 0.988916 0.830377 0.896441 0.737903 0.770129 0.771755 0.770129 0.771755 0.736275 0.898065 0.82875 0.990538 0.21963 0.154385 0.21963 0.120549 0.2245849 0.120549 0.21963 0.188238 0.21963 0.154385 0.2245849 0.154385 0.21963 0.219779 0.21963 0.188238 0.2245849 0.188238 0.21963 0.246861 0.21963 0.219779 0.2245849 0.219779 0.162852 0.396939 0.189951 0.396939 0.189951 0.391985 0.1313109 0.396939 0.162852 0.396939 0.162852 0.391985 0.09747499 0.396939 0.1313109 0.396939 0.1313109 0.391985 0.06362301 0.396939 0.09747499 0.396939 0.09747499 0.391985 0.03208196 0.396939 0.06362301 0.396939 0.06362301 0.391985 0.004999995 0.396939 0.03208196 0.396939 0.03208196 0.391985 0.104261 0.097121 0.104261 0.07003998 0.099307 0.07003998 0.104261 0.128662 0.104261 0.097121 0.099307 0.097121 0.104261 0.162515 0.104261 0.128662 0.099307 0.128662 0.104261 0.196351 0.104261 0.162515 0.099307 0.162515 0.104261 0.227892 0.104261 0.196351 0.099307 0.196351 0.104261 0.254991 0.104261 0.227892 0.099307 0.227892 0.162869 0.380603 0.189951 0.380603 0.189951 0.385557 0.131328 0.380603 0.162869 0.380603 0.162869 0.385557 0.097476 0.380603 0.131328 0.380603 0.131328 0.385557 0.06363898 0.380603 0.097476 0.380603 0.097476 0.385557 0.03209888 0.380603 0.06363898 0.380603 0.06363898 0.385557 0.004999935 0.380603 0.03209888 0.380603 0.03209888 0.385557 0.21963 0.08900797 0.21963 0.06190997 0.2245849 0.06190997 0.21963 0.120549 0.21963 0.08900797 0.2245849 0.08900797 0.443005 0.535486 0.409169 0.539945 0.409169 0.54328 0.409179 0.539965 0.375326 0.535505 0.374467 0.538726 0.375269 0.53551 0.343727 0.522451 0.34206 0.525339 0.535438 0.442974 0.538658 0.443849 0.543233 0.409138 0.366435 0.568703 0.409173 0.574334 0.409173 0.570998 0.326561 0.552198 0.366391 0.568695 0.36725 0.565474 0.43609 0.323747 0.43609 0.289548 0.422879 0.289548 0.43609 0.363578 0.43609 0.323747 0.422879 0.323747 0.43609 0.406315 0.43609 0.363578 0.422879 0.363578 0.43609 0.449051 0.43609 0.406315 0.422879 0.406315 0.43609 0.488882 0.43609 0.449051 0.422879 0.449051 0.43609 0.523082 0.43609 0.488882 0.422879 0.488882 0.729528 0.151542 0.763728 0.151542 0.763728 0.1383309 0.689698 0.151542 0.729528 0.151542 0.729528 0.1383309 0.646961 0.151542 0.689698 0.151542 0.689698 0.1383309 0.604224 0.151542 0.646961 0.151542 0.646961 0.1383309 0.564394 0.151542 0.604224 0.151542 0.604224 0.1383309 0.530194 0.151542 0.564394 0.151542 0.564394 0.1383309 0.383855 0.322121 0.383855 0.287922 0.397066 0.287922 0.383855 0.361952 0.383855 0.322121 0.397066 0.322121 0.383855 0.404689 0.383855 0.361952 0.397066 0.361952 0.383855 0.447426 0.383855 0.404689 0.397066 0.404689 0.383855 0.487256 0.383855 0.447426 0.397066 0.447426 0.383855 0.521456 0.383855 0.487256 0.397066 0.487256 0.727902 0.177355 0.762102 0.177355 0.762102 0.190566 0.688072 0.177355 0.727902 0.177355 0.727902 0.190566 0.645335 0.177355 0.688072 0.177355 0.688072 0.190566 0.602599 0.177355 0.645335 0.177355 0.645335 0.190566 0.562768 0.177355 0.602599 0.177355 0.602599 0.190566 0.528568 0.177355 0.562768 0.177355 0.562768 0.190566 0.491718 0.266172 0.49005 0.269046 0.523557 0.294757 0.45026 0.821282 0.450261 0.824962 0.008678913 0.821282 0.004999935 0.824962 0.004935324 0.600482 0.008678913 0.821282 0.008678913 0.821282 0.450261 0.824962 0.004999935 0.824962 0.774216 0.39585 0.553418 0.39585 0.553418 0.402474 0.837859 0.344692 0.837859 0.786273 0.844483 0.786273 0.238076 0.695101 0.01727795 0.695101 0.01727795 0.688477 0.858807 0.354924 0.858807 0.796504 0.852184 0.796504 0.554152 0.280313 0.994262 0.280313 0.995 0.281049 0.554154 0.280313 0.554154 0.06098699 0.994262 0.06098699 0.554154 0.280313 0.553418 0.281049 0.553418 0.06025099 0.554154 0.06098699 0.553418 0.06025099 0.995 0.06025099 0.994262 0.06098699 0.995 0.06025099 0.995 0.281049 0.45026 0.821282 0.450261 0.824962 0.008678913 0.821282 0.004999935 0.824962 0.004935324 0.600482 0.008678913 0.821282 0.008678913 0.821282 0.450261 0.824962 0.004999935 0.824962 0.774216 0.39585 0.553418 0.39585 0.553418 0.402474 0.837859 0.344692 0.837859 0.786273 0.844483 0.786273 0.238076 0.695101 0.01727795 0.695101 0.01727795 0.688477 0.858807 0.354924 0.858807 0.796504 0.852184 0.796504 0.994262 0.280313 0.995 0.281049 0.553418 0.281049 0.554154 0.280313 0.554154 0.06098699 0.994262 0.06098699 0.554154 0.280313 0.553418 0.281049 0.553418 0.06025099 0.994264 0.06098699 0.554154 0.06098699 0.553418 0.06025099 0.994262 0.06098699 0.995 0.06025099 0.995 0.281049 0.105508 0.182817 0.113273 0.182817 0.113273 0.180889 0.201447 0.610699 0.201447 0.004998266 0.203378 0.569941 0.201447 0.004998266 0.203378 0.004998266 0.203378 0.569941 0.391065 0.004998266 0.392993 0.004998266 0.391065 0.569941 0.201447 0.610699 0.203378 0.569941 0.391065 0.569941 0.391065 0.569941 0.392993 0.004998266 0.392993 0.610699 0.03903388 0.06324827 0.03903388 0.254794 0.03126895 0.254795 0.610699 0.95731 0.610699 0.949544 0.004999995 0.949544 0.194616 0.6107 0.196547 0.6107 0.194615 0.04575788 0.004999995 0.004999995 0.005000591 0.6107 0.006928443 0.04575788 0.005000591 0.6107 0.006929039 0.6107 0.006928443 0.04575788 0.194615 0.04575788 0.196547 0.6107 0.196546 0.004999995 0.004999995 0.004999995 0.006928443 0.04575788 0.194615 0.04575788 0.610699 0.962108 0.610699 0.969873 0.004999995 0.969873 0.569941 0.995 0.569423 0.994482 0.00603497 0.994482 0.569941 0.987235 0.569423 0.987752 0.569423 0.994482 0.569941 0.987235 0.004999935 0.987235 0.00603497 0.987752 0.391064 0.569941 0.203378 0.569941 0.204414 0.569423 0.004999995 0.982437 0.005518019 0.981919 0.568906 0.981919 0.004999935 0.982437 0.004999935 0.974671 0.005517959 0.975188 0.07215589 0.186599 0.06439089 0.186599 0.06439089 0.18853 0.004999935 0.974671 0.569941 0.974671 0.568906 0.975189 0.06021696 0.06324899 0.05969995 0.0642848 0.05969995 0.2499 0.05296999 0.063766 0.05296999 0.06428396 0.05969995 0.06428396 0.569423 0.987752 0.00603497 0.987752 0.00603497 0.994482 0.05296999 0.2499 0.05969989 0.2499 0.05969989 0.06428396 0.05969989 0.250418 0.05969989 0.2499 0.05296999 0.2499 0.568906 0.975189 0.568906 0.981919 0.005517959 0.981919 0.450261 0.824962 0.45026 0.821282 0.008678913 0.821282 0.008678913 0.821282 0.008615314 0.600482 0.004935324 0.600482 0.004999935 0.824962 0.450261 0.824962 0.008678913 0.821282 0.858807 0.796504 0.858807 0.354924 0.852184 0.354924 0.01727795 0.695101 0.238076 0.695101 0.238076 0.688477 0.837859 0.786273 0.837859 0.344692 0.844483 0.344692 0.553418 0.39585 0.774216 0.39585 0.774216 0.402474 0.553418 0.281049 0.554154 0.280313 0.554154 0.06098699 0.995 0.281049 0.994262 0.280313 0.554152 0.280313 0.995 0.281049 0.995 0.06025099 0.994262 0.06098699 0.553418 0.06025099 0.554154 0.06098699 0.994264 0.06098699 0.554154 0.06098699 0.554154 0.280313 0.994262 0.280313 0.01727795 0.695101 0.238076 0.695101 0.238076 0.688477 0.837859 0.786273 0.837859 0.344692 0.844483 0.344692 0.553418 0.39585 0.774216 0.39585 0.774216 0.402474 0.858807 0.796504 0.858807 0.354924 0.852184 0.354924 0.995 0.281049 0.994262 0.280313 0.554152 0.280313 0.995 0.281049 0.995 0.06025099 0.994262 0.06098699 0.995 0.06025099 0.553418 0.06025099 0.554154 0.06098699 0.553418 0.281049 0.554154 0.280313 0.554154 0.06098699 0.554154 0.06098699 0.554154 0.280313 0.994262 0.280313 0.450261 0.824962 0.45026 0.821282 0.008678913 0.821282 0.450261 0.824954 0.45026 0.821274 0.008679032 0.821274 0.858807 0.796504 0.858807 0.354924 0.852184 0.354924 0.01727795 0.695101 0.238076 0.695101 0.238076 0.688477 0.837859 0.786273 0.837859 0.344692 0.844483 0.344692 0.553418 0.39585 0.774216 0.39585 0.774216 0.402474 0.553418 0.281049 0.554154 0.280313 0.554154 0.06098699 0.553418 0.281049 0.995 0.281049 0.994262 0.280313 0.995 0.06025099 0.994262 0.06098699 0.994262 0.280313 0.553418 0.06025099 0.554154 0.06098699 0.994264 0.06098699 0.554154 0.06098699 0.554154 0.280313 0.994262 0.280313 0.980964 0.480919 0.735976 0.480919 0.735976 0.004999995 0.980964 0.09134829 0.735976 0.09134829 0.735976 0.005000054 0.009299933 0.619201 0.009299933 0.9107 0.008781969 0.911218 0.298728 0.618684 0.298211 0.619201 0.009299933 0.619201 0.298728 0.911218 0.29821 0.9107 0.29821 0.619201 0.170244 0.05068498 0.170244 0.348197 0.169467 0.348197 0.908147 0.743595 0.608046 0.743595 0.608046 0.742818 0.162614 0.05068498 0.162614 0.348197 0.1633909 0.348197 0.908147 0.767945 0.608046 0.767945 0.608046 0.768722 0.703251 0.632744 0.703251 0.332643 0.703769 0.332125 0.405222 0.633261 0.405739 0.632743 0.703251 0.632743 0.405222 0.332125 0.405739 0.332643 0.405739 0.632744 0.710579 0.325314 0.711097 0.324797 0.711097 0.640589 0.397894 0.324797 0.711097 0.324797 0.71058 0.325315 0.398412 0.325315 0.398412 0.640072 0.397894 0.640589 0.71058 0.640071 0.711097 0.640589 0.397894 0.640589 0.1882269 0.05068498 0.1882269 0.363889 0.17632 0.363889 0.923838 0.703986 0.608046 0.703986 0.608046 0.715892 0.14711 0.363889 0.14711 0.05068498 0.135203 0.05068498 0.398411 0.320274 0.397894 0.320792 0.711097 0.320792 0.710579 0.320275 0.711097 0.320792 0.711097 0.004999995 0.711097 0.004999995 0.397894 0.004999995 0.398411 0.005517959 0.398412 0.320274 0.398412 0.005517423 0.397894 0.004999995 0.405222 0.313464 0.405739 0.312946 0.405739 0.01284527 0.703769 0.313464 0.703251 0.312946 0.405739 0.312946 0.703251 0.01284527 0.703251 0.312946 0.703769 0.313464 0.703769 0.01232796 0.405222 0.01232796 0.405739 0.01284599 0.34301 0.302512 0.34301 0.004999935 0.339645 0.004999935 0.608046 0.75995 0.908147 0.75995 0.908147 0.763315 0.33165 0.302512 0.33165 0.004999995 0.335015 0.004999995 0.608046 0.777021 0.908147 0.777021 0.908147 0.773656 0.310308 0.648376 0.310308 0.940911 0.310825 0.940394 0.599736 0.648894 0.600254 0.648376 0.310308 0.648376 0.599736 0.940394 0.600254 0.940911 0.600254 0.648376 0.608046 0.748529 0.899545 0.748529 0.899545 0.755259 0.157923 0.05068498 0.157923 0.339596 0.151193 0.339596 0.899545 0.797641 0.608046 0.797641 0.608046 0.80437 0.01984798 0.06324899 0.01984798 0.352159 0.02657788 0.352159 0.298728 0.911218 0.008781969 0.911218 0.009299933 0.9107 0.599736 0.940393 0.310825 0.940393 0.310308 0.940911 0.923838 0.667923 0.608046 0.667923 0.608046 0.656016 0.405222 0.332125 0.703769 0.332125 0.703251 0.332643 0.101935 0.665345 0.135772 0.669804 0.169624 0.665345 0.169624 0.665345 0.201165 0.652283 0.228247 0.631492 0.228247 0.631492 0.249037 0.60441 0.262099 0.572869 0.262099 0.572869 0.266557 0.539016 0.262098 0.50518 0.262098 0.50518 0.249036 0.473639 0.228245 0.446556 0.228245 0.446556 0.201162 0.425766 0.169622 0.412704 0.169622 0.412704 0.135769 0.408244 0.101933 0.412704 0.101933 0.412704 0.07039219 0.425766 0.169622 0.412704 0.04329377 0.446556 0.02252006 0.473639 0.009458959 0.572869 0.009458243 0.50518 0.004999935 0.539016 0.009458959 0.572869 0.009458959 0.572869 0.02252149 0.60441 0.04329568 0.631492 0.04329568 0.631492 0.07039457 0.652283 0.009458959 0.572869 0.101935 0.665345 0.169624 0.665345 0.228247 0.631492 0.228247 0.631492 0.262099 0.572869 0.262098 0.50518 0.262098 0.50518 0.228245 0.446556 0.228247 0.631492 0.169622 0.412704 0.07039219 0.425766 0.04329377 0.446556 0.02252006 0.473639 0.009458243 0.50518 0.009458959 0.572869 0.009458959 0.572869 0.07039457 0.652283 0.101935 0.665345 0.101935 0.665345 0.228247 0.631492 0.228245 0.446556 0.228245 0.446556 0.169622 0.412704 0.04329377 0.446556 0.04329377 0.446556 0.009458959 0.572869 0.228245 0.446556 0.34158 0.154385 0.34158 0.120533 0.346534 0.120533 0.34158 0.188222 0.34158 0.154385 0.346534 0.154385 0.34158 0.219762 0.34158 0.188222 0.346534 0.188222 0.34158 0.246861 0.34158 0.219762 0.346534 0.219762 0.424638 0.585554 0.451719 0.585554 0.451719 0.5806 0.393096 0.585554 0.424638 0.585554 0.424638 0.5806 0.359244 0.585554 0.393096 0.585554 0.393096 0.5806 0.325408 0.585554 0.359244 0.585554 0.359244 0.5806 0.293867 0.585554 0.325408 0.585554 0.325408 0.5806 0.266784 0.585554 0.293867 0.585554 0.293867 0.5806 0.235966 0.09388595 0.235966 0.06678795 0.231012 0.06678795 0.235966 0.125427 0.235966 0.09388595 0.231012 0.09388595 0.235966 0.159263 0.235966 0.125427 0.231012 0.125427 0.235966 0.193116 0.235966 0.159263 0.231012 0.159263 0.235966 0.224656 0.235966 0.193116 0.231012 0.193116 0.235966 0.251739 0.235966 0.224656 0.231012 0.224656 0.457156 0.05052798 0.484238 0.05052798 0.484238 0.05548197 0.425615 0.05052798 0.457156 0.05052798 0.457156 0.05548197 0.391779 0.05052798 0.425615 0.05052798 0.425615 0.05548197 0.357926 0.05052798 0.391779 0.05052798 0.391779 0.05548197 0.326385 0.05052798 0.357926 0.05052798 0.357926 0.05548197 0.299304 0.05052798 0.326385 0.05052798 0.326385 0.05548197 0.34158 0.08899199 0.34158 0.06190997 0.346534 0.06190997 0.34158 0.120533 0.34158 0.08899199 0.346534 0.08899199 0.615957 0.29648 0.615082 0.299701 0.649794 0.304274 0.584381 0.283468 0.582714 0.286358 0.615047 0.299751 0.615951 0.04380285 0.649788 0.03934317 0.649788 0.036008 0.649779 0.03932416 0.683631 0.04378557 0.68449 0.04056465 0.683687 0.04378187 0.715229 0.05684036 0.716896 0.05395299 0.715253 0.0567705 0.742336 0.07755899 0.744696 0.07519888 0.01821088 0.728261 0.01821088 0.685524 0.004999935 0.685524 0.01821088 0.770998 0.01821088 0.728261 0.004999935 0.728261 0.01821088 0.810828 0.01821088 0.770998 0.004999935 0.770998 0.01821088 0.845028 0.01821088 0.810828 0.004999995 0.810828 0.727903 0.629582 0.762103 0.629582 0.762103 0.616372 0.688089 0.629582 0.727903 0.629582 0.727903 0.616372 0.645335 0.629582 0.688089 0.629582 0.688089 0.616372 0.602599 0.629582 0.645335 0.629582 0.645335 0.616372 0.562768 0.629582 0.602599 0.629582 0.602599 0.616372 0.528568 0.629582 0.562768 0.629582 0.562768 0.616372 0.02451199 0.671709 0.02451199 0.637509 0.037723 0.637509 0.02451199 0.71154 0.02451199 0.671709 0.037723 0.671709 0.02451199 0.754276 0.02451199 0.71154 0.037723 0.71154 0.02451199 0.797013 0.02451199 0.754276 0.037723 0.754276 0.02451199 0.836844 0.02451199 0.797013 0.037723 0.797013 0.02451199 0.871043 0.02451199 0.836844 0.037723 0.836844 0.726277 0.655395 0.760477 0.655395 0.760477 0.668606 0.686446 0.655395 0.726277 0.655395 0.726277 0.668606 0.643709 0.655395 0.686446 0.655395 0.686446 0.668606 0.600955 0.655395 0.643709 0.655395 0.643709 0.668606 0.561142 0.655395 0.600955 0.655395 0.600955 0.668606 0.526942 0.655395 0.561142 0.655395 0.561142 0.668606 0.01821088 0.645693 0.01821088 0.611494 0.004999935 0.611494 0.01821088 0.685524 0.01821088 0.645693 0.004999935 0.645693 0.567258 0.313177 0.607089 0.329674 0.607947 0.326454 0.732397 0.02708989 0.692565 0.01059389 0.691707 0.01381498 0.692519 0.01058244 0.649783 0.004952013 0.649783 0.008287966 0.484699 0.17012 0.490331 0.2128739 0.493551 0.211998 0.53312 0.286886 0.53548 0.284541 0.509771 0.251035 0.774216 0.359016 0.553418 0.359016 0.553418 0.36564 0.152336 0.019324 0.152336 0.1849229 0.1589609 0.1849229 0.774216 0.351316 0.553418 0.351316 0.553418 0.344692 0.144636 0.019324 0.144636 0.1849229 0.138012 0.1849229 0.02619987 0.634329 0.190326 0.634329 0.191061 0.635065 0.02619898 0.634329 0.02619898 0.415003 0.190326 0.415003 0.02619898 0.415003 0.02619898 0.634329 0.02546298 0.635065 0.02619898 0.415003 0.02546298 0.414267 0.191061 0.414267 0.190326 0.415003 0.191061 0.414267 0.191061 0.635065 0.659829 0.829053 0.659829 0.825373 0.825426 0.825375 0.825426 0.825375 0.825426 0.604577 0.829106 0.604577 0.829106 0.829055 0.659829 0.829053 0.825426 0.825375 0.986967 0.995 0.986967 0.750012 0.743987 0.750012 0.743987 0.750012 0.743987 0.505024 0.505023 0.505024 0.505023 0.995 0.986967 0.995 0.743987 0.750012 0.450261 0.824962 0.45026 0.821282 0.008678913 0.821282 0.008678913 0.821282 0.008615314 0.600482 0.004935324 0.600482 0.004999935 0.824962 0.450261 0.824962 0.008678913 0.821282 0.858807 0.796504 0.858807 0.354924 0.852184 0.354924 0.01727795 0.695101 0.238076 0.695101 0.238076 0.688477 0.837859 0.786273 0.837859 0.344692 0.844483 0.344692 0.553418 0.402474 0.553418 0.39585 0.774216 0.39585 0.553418 0.281049 0.554154 0.280313 0.554154 0.06098699 0.995 0.281049 0.994262 0.280313 0.554152 0.280313 0.995 0.281049 0.995 0.06025099 0.994262 0.06098699 0.553418 0.06025099 0.554154 0.06098699 0.994264 0.06098699 0.554154 0.06098699 0.554154 0.280313 0.994262 0.280313 0.45026 0.821282 0.450261 0.824962 0.008678913 0.821282 0.004999935 0.824962 0.004935324 0.600482 0.008678913 0.821282 0.008678913 0.821282 0.450261 0.824962 0.004999935 0.824962 0.774216 0.39585 0.553418 0.39585 0.553418 0.402474 0.837859 0.344692 0.837859 0.786273 0.844483 0.786273 0.238076 0.695101 0.01727795 0.695101 0.01727795 0.688477 0.858807 0.354924 0.858807 0.796504 0.852184 0.796504 0.554152 0.280313 0.994262 0.280313 0.995 0.281049 0.554154 0.280313 0.554154 0.06098699 0.994262 0.06098699 0.554154 0.06098699 0.554154 0.280313 0.553418 0.281049 0.554154 0.06098699 0.553418 0.06025099 0.995 0.06025099 0.994262 0.06098699 0.995 0.06025099 0.995 0.281049 0.450261 0.824962 0.45026 0.821282 0.008678913 0.821282 0.008678913 0.821282 0.008615314 0.600482 0.004935324 0.600482 0.004999935 0.824962 0.450261 0.824962 0.008678913 0.821282 0.858807 0.796504 0.858807 0.354924 0.852184 0.354924 0.01727795 0.695101 0.238076 0.695101 0.238076 0.688477 0.837859 0.786273 0.837859 0.344692 0.844483 0.344692 0.553418 0.39585 0.774216 0.39585 0.774216 0.402474 0.553418 0.281049 0.554154 0.280313 0.554154 0.06098699 0.553418 0.281049 0.995 0.281049 0.994262 0.280313 0.995 0.06025099 0.994262 0.06098699 0.994262 0.280313 0.553418 0.06025099 0.554154 0.06098699 0.994264 0.06098699 0.554154 0.06098699 0.554154 0.280313 0.994262 0.280313 0.004999995 0.004999995 0.513296 0.004999995 0.513296 0.508783 0.004999995 0.004999995 0.513296 0.004999995 0.513296 0.508783 0.450261 0.824962 0.45026 0.821282 0.008678913 0.821282 0.008678913 0.821282 0.008615314 0.600482 0.004935324 0.600482 0.004999935 0.824962 0.450261 0.824962 0.008678913 0.821282 0.858807 0.796504 0.858807 0.354924 0.852184 0.354924 0.01727795 0.695101 0.238076 0.695101 0.238076 0.688477 0.837859 0.786273 0.837859 0.344692 0.844483 0.344692 0.553418 0.39585 0.774216 0.39585 0.774216 0.402474 0.553418 0.281049 0.554154 0.280313 0.554154 0.06098699 0.553418 0.281049 0.995 0.281049 0.994262 0.280313 0.995 0.281049 0.995 0.06025099 0.994262 0.06098699 0.553418 0.06025099 0.554154 0.06098699 0.994264 0.06098699 0.554154 0.06098699 0.554154 0.280313 0.994262 0.280313 0.45026 0.821282 0.450261 0.824962 0.008678913 0.821282 0.004999935 0.824962 0.004935324 0.600482 0.008678913 0.821282 0.008678913 0.821282 0.450261 0.824962 0.004999935 0.824962 0.774216 0.39585 0.553418 0.39585 0.553418 0.402474 0.837859 0.344692 0.837859 0.786273 0.844483 0.786273 0.238076 0.695101 0.01727795 0.695101 0.01727795 0.688477 0.858807 0.354924 0.858807 0.796504 0.852184 0.796504 0.994262 0.280313 0.995 0.281049 0.553418 0.281049 0.554154 0.280313 0.554154 0.06098699 0.994262 0.06098699 0.554154 0.06098699 0.554154 0.280313 0.553418 0.281049 0.554154 0.06098699 0.553418 0.06025099 0.995 0.06025099 0.994262 0.06098699 0.995 0.06025099 0.995 0.281049 0.995 0.515678 0.486704 0.515678 0.486704 0.707199 0.332819 0.884849 0.366671 0.889308 0.400508 0.884849 0.400508 0.884849 0.432049 0.871787 0.459149 0.850997 0.459149 0.850997 0.479924 0.823916 0.49299 0.724689 0.492987 0.792376 0.497447 0.758524 0.49299 0.724689 0.49299 0.724689 0.479929 0.693149 0.459156 0.666067 0.459156 0.666067 0.432058 0.645278 0.49299 0.724689 0.400518 0.632216 0.366682 0.627756 0.332829 0.632216 0.332829 0.632216 0.301288 0.645278 0.274205 0.666067 0.274205 0.666067 0.253413 0.693149 0.24035 0.724689 0.24035 0.724689 0.23589 0.758524 0.240347 0.792376 0.240347 0.792376 0.253408 0.823916 0.274198 0.850997 0.274198 0.850997 0.301279 0.871787 0.332819 0.884849 0.332819 0.884849 0.400508 0.884849 0.49299 0.724689 0.479924 0.823916 0.492987 0.792376 0.49299 0.724689 0.49299 0.724689 0.432058 0.645278 0.400518 0.632216 0.400518 0.632216 0.332829 0.632216 0.274205 0.666067 0.274205 0.666067 0.24035 0.724689 0.240347 0.792376 0.240347 0.792376 0.274198 0.850997 0.274205 0.666067 0.400508 0.884849 0.459149 0.850997 0.49299 0.724689 0.49299 0.724689 0.400518 0.632216 0.274205 0.666067 0.274205 0.666067 0.274198 0.850997 0.332819 0.884849 0.1383309 0.143003 0.1383309 0.109167 0.143285 0.109167 0.1383309 0.176856 0.1383309 0.143003 0.143285 0.143003 0.1383309 0.208397 0.1383309 0.176856 0.143285 0.176856 0.1383309 0.2354789 0.1383309 0.208397 0.143285 0.208397 0.431141 0.032718 0.458222 0.032718 0.458222 0.02776396 0.3996 0.032718 0.431141 0.032718 0.431141 0.02776396 0.365747 0.032718 0.3996 0.032718 0.3996 0.02776396 0.331912 0.032718 0.365747 0.032718 0.365747 0.02776396 0.30037 0.032718 0.331912 0.032718 0.331912 0.02776396 0.273288 0.032718 0.30037 0.032718 0.30037 0.02776396 0.130277 0.082488 0.130277 0.05540597 0.1253229 0.05540597 0.130277 0.114029 0.130277 0.082488 0.1253229 0.082488 0.130277 0.147881 0.130277 0.114029 0.1253229 0.114029 0.130277 0.181717 0.130277 0.147881 0.1253229 0.147881 0.130277 0.213258 0.130277 0.181717 0.1253229 0.181717 0.130277 0.240357 0.130277 0.213258 0.1253229 0.213258 0.445774 0.03914588 0.472856 0.03914588 0.472856 0.04409998 0.414232 0.03914588 0.445774 0.03914588 0.445774 0.04409998 0.380397 0.03914588 0.414232 0.03914588 0.414232 0.04409998 0.346544 0.03914588 0.380397 0.03914588 0.380397 0.04409998 0.315003 0.03914588 0.346544 0.03914588 0.346544 0.04409998 0.287922 0.03914588 0.315003 0.03914588 0.315003 0.04409998 0.1383309 0.077627 0.1383309 0.05052798 0.143285 0.05052798 0.1383309 0.109167 0.1383309 0.077627 0.143285 0.077627 0.713596 0.761509 0.682055 0.774572 0.68293 0.777791 0.182435 0.1640419 0.182435 0.121305 0.169225 0.121305 0.182435 0.206779 0.182435 0.1640419 0.169225 0.1640419 0.182435 0.24661 0.182435 0.206779 0.169225 0.206779 0.182435 0.280809 0.182435 0.24661 0.169225 0.24661 0.726277 0.171054 0.760476 0.171054 0.760476 0.1578429 0.686463 0.171054 0.726277 0.171054 0.726277 0.1578429 0.64371 0.171054 0.686463 0.171054 0.686463 0.1578429 0.600973 0.171054 0.64371 0.171054 0.64371 0.1578429 0.561142 0.171054 0.600973 0.171054 0.600973 0.1578429 0.526942 0.171054 0.561142 0.171054 0.561142 0.1578429 0.149713 0.08310097 0.149713 0.04890197 0.162924 0.04890197 0.149713 0.122932 0.149713 0.08310097 0.162924 0.08310097 0.149713 0.165668 0.149713 0.122932 0.162924 0.122932 0.149713 0.208406 0.149713 0.165668 0.162924 0.165668 0.149713 0.248236 0.149713 0.208406 0.162924 0.208406 0.149713 0.282435 0.149713 0.248236 0.162924 0.248236 0.724651 0.635884 0.75885 0.635884 0.75885 0.649094 0.68482 0.635884 0.724651 0.635884 0.724651 0.649094 0.642084 0.635884 0.68482 0.635884 0.68482 0.649094 0.599329 0.635884 0.642084 0.635884 0.642084 0.649094 0.559516 0.635884 0.599329 0.635884 0.599329 0.649094 0.525316 0.635884 0.559516 0.635884 0.559516 0.649094 0.182435 0.08147495 0.182435 0.04727596 0.169225 0.04727596 0.182435 0.121305 0.182435 0.08147495 0.169225 0.08147495 0.582724 0.534812 0.581057 0.531921 0.55328 0.553239 0.61429 0.521823 0.613431 0.518602 0.581082 0.531994 0.648199 0.517365 0.648199 0.514029 0.613487 0.518605 0.682026 0.521844 0.682901 0.518623 0.64819 0.514048 0.764857 0.764927 0.791097 0.730727 0.788207 0.729075 0.730719 0.791218 0.729053 0.788329 0.69003 0.804494 0.813278 0.648161 0.809941 0.648161 0.804426 0.690039 0.605458 0.488624 0.606317 0.491844 0.648195 0.486328 0.565581 0.50513 0.567247 0.508018 0.60627 0.491855 0.68202 0.774521 0.648184 0.778979 0.648184 0.782314 0.450261 0.824962 0.45026 0.821282 0.008678913 0.821282 0.008678913 0.821282 0.008615314 0.600482 0.004935324 0.600482 0.004999935 0.824962 0.450261 0.824962 0.008678913 0.821282 0.858807 0.796504 0.858807 0.354924 0.852184 0.354924 0.01727795 0.695101 0.238076 0.695101 0.238076 0.688477 0.837859 0.786273 0.837859 0.344692 0.844483 0.344692 0.553418 0.39585 0.774216 0.39585 0.774216 0.402474 0.553418 0.281049 0.554154 0.280313 0.554154 0.06098699 0.995 0.281049 0.994262 0.280313 0.554152 0.280313 0.995 0.281049 0.995 0.06025099 0.994262 0.06098699 0.553418 0.06025099 0.554154 0.06098699 0.994264 0.06098699 0.554154 0.06098699 0.554154 0.280313 0.994262 0.280313 0.01727795 0.695101 0.238076 0.695101 0.238076 0.688477 0.837859 0.786273 0.837859 0.344692 0.844483 0.344692 0.553418 0.39585 0.774216 0.39585 0.774216 0.402474 0.858807 0.796504 0.858807 0.354924 0.852184 0.354924 0.995 0.281049 0.994262 0.280313 0.554152 0.280313 0.995 0.06025099 0.994262 0.06098699 0.994262 0.280313 0.995 0.06025099 0.553418 0.06025099 0.554154 0.06098699 0.553418 0.281049 0.554154 0.280313 0.554154 0.06098699 0.554154 0.06098699 0.554154 0.280313 0.994262 0.280313 0.450261 0.824945 0.45026 0.821265 0.008679091 0.821265 0.199402 0.414267 0.199402 0.67963 0.202346 0.67963 0.608618 0.376285 0.553418 0.376285 0.553418 0.373341 0.243273 0.04797297 0.243273 0.313336 0.240329 0.313336 0.1093119 0.05615788 0.05411189 0.05615788 0.05411189 0.05910199 0.004999995 0.833767 0.005736947 0.834503 0.005736947 0.88823 0.270363 0.833767 0.269627 0.834503 0.005736947 0.834503 0.270363 0.833767 0.270363 0.888966 0.269626 0.88823 0.004999935 0.888966 0.005735576 0.88823 0.269626 0.88823 0.269626 0.834503 0.269626 0.88823 0.005736947 0.88823 0.238076 0.688477 0.238076 0.695101 0.01727795 0.695101 0.858807 0.354924 0.858807 0.796504 0.852184 0.796504 0.774216 0.39585 0.553418 0.39585 0.553418 0.402474 0.837859 0.344692 0.837859 0.786273 0.844483 0.786273 0.554154 0.06098699 0.553418 0.06025099 0.995 0.06025099 0.554154 0.280313 0.554154 0.06098699 0.994262 0.06098699 0.554152 0.280313 0.994262 0.280313 0.995 0.281049 0.994262 0.06098699 0.995 0.06025099 0.995 0.281049 0.554154 0.06098699 0.554154 0.280313 0.553418 0.281049 0.45026 0.821282 0.450261 0.824962 0.008679986 0.824962 0.908147 0.781651 0.608046 0.781651 0.608046 0.785016 0.08374589 0.06324899 0.08374589 0.176351 0.08038097 0.176351 0.908147 0.793011 0.608046 0.793011 0.608046 0.789646 0.04383295 0.06324899 0.04383295 0.176351 0.04719698 0.176351 0.1279399 0.358631 0.128457 0.359149 0.01431995 0.359149 0.128457 0.359149 0.1279399 0.358631 0.1279399 0.05853027 0.1279399 0.05853098 0.01483827 0.05853098 0.01431995 0.05801296 0.01483696 0.05853027 0.01483696 0.358631 0.01431995 0.359149 0.1304039 0.36596 0.1304039 0.05120295 0.130922 0.05068498 0.130922 0.05068498 0.1304039 0.05120295 0.01237034 0.05120295 0.01236999 0.365959 0.01185297 0.366477 0.01185297 0.05068498 0.01237034 0.365959 0.1304039 0.365959 0.130922 0.366477 0.101425 0.06324899 0.101425 0.182318 0.08951801 0.182318 0.923838 0.687996 0.608046 0.687996 0.608046 0.699903 0.07629799 0.182318 0.07629799 0.06324899 0.06439089 0.06324899 0.2082999 0.320792 0.327369 0.320792 0.326852 0.320274 0.327369 0.320792 0.327369 0.004999935 0.326851 0.005517423 0.326852 0.005517959 0.327369 0.004999995 0.2082999 0.004999995 0.2082999 0.320792 0.208818 0.320275 0.208818 0.005517959 0.608046 0.672006 0.923838 0.672006 0.923838 0.683913 0.211281 0.312947 0.211281 0.01284599 0.210763 0.01232796 0.608046 0.737884 0.908147 0.737884 0.908147 0.737107 0.117706 0.176351 0.117706 0.06324899 0.116929 0.06324899 0.608046 0.719975 0.908147 0.719975 0.908147 0.720752 0.216295 0.244879 0.216295 0.131777 0.217072 0.131777 0.211281 0.312946 0.210763 0.313464 0.324902 0.313464 0.324902 0.01232796 0.324384 0.01284599 0.324384 0.312947 0.211281 0.01284599 0.324385 0.01284599 0.324902 0.01232796 0.717043 0.605751 0.716525 0.606268 0.827394 0.606268 0.216295 0.127397 0.216295 0.01756298 0.223025 0.01756298 0.899545 0.725686 0.608046 0.725686 0.608046 0.732416 0.827392 0.008781969 0.827392 0.301316 0.826874 0.300798 0.71704 0.300798 0.716523 0.301316 0.716523 0.008781969 0.716523 0.301316 0.71704 0.300799 0.826874 0.300799 0.105508 0.06324899 0.105508 0.1730819 0.112238 0.1730819 0.608046 0.644595 0.899545 0.644595 0.899545 0.651325 0.826876 0.314252 0.826876 0.605751 0.827394 0.606268 0.717043 0.314252 0.826877 0.314252 0.827394 0.313734 0.716525 0.606268 0.717043 0.605751 0.717043 0.314252 0.716523 0.008781969 0.827392 0.008781969 0.826874 0.00929898 0.009299933 0.619201 0.009299933 0.9107 0.008781969 0.911218 0.298728 0.618684 0.298211 0.619201 0.009299933 0.619201 0.298728 0.911218 0.29821 0.9107 0.29821 0.619201 0.170244 0.05068498 0.170244 0.348197 0.169467 0.348197 0.908147 0.743595 0.608046 0.743595 0.608046 0.742818 0.162614 0.05068498 0.162614 0.348197 0.1633909 0.348197 0.908147 0.767945 0.608046 0.767945 0.608046 0.768722 0.703251 0.632744 0.703251 0.332643 0.703769 0.332125 0.405739 0.632743 0.703251 0.632743 0.703769 0.633261 0.405222 0.332125 0.405739 0.332643 0.405739 0.632744 0.710579 0.325314 0.711097 0.324797 0.711097 0.640589 0.397894 0.324797 0.711097 0.324797 0.71058 0.325315 0.398412 0.325315 0.398412 0.640072 0.397894 0.640589 0.71058 0.640071 0.711097 0.640589 0.397894 0.640589 0.1882269 0.05068498 0.1882269 0.363889 0.17632 0.363889 0.923838 0.703986 0.608046 0.703986 0.608046 0.715892 0.14711 0.363889 0.14711 0.05068498 0.135203 0.05068498 0.398411 0.320274 0.397894 0.320792 0.711097 0.320792 0.710579 0.320275 0.711097 0.320792 0.711097 0.004999995 0.711097 0.004999995 0.397894 0.004999995 0.398411 0.005517959 0.398412 0.320274 0.398412 0.005517423 0.397894 0.004999995 0.405222 0.313464 0.405739 0.312946 0.405739 0.01284527 0.703251 0.312946 0.405739 0.312946 0.405222 0.313464 0.703251 0.01284527 0.703251 0.312946 0.703769 0.313464 0.405222 0.01232796 0.405739 0.01284599 0.703251 0.01284599 0.34301 0.302512 0.34301 0.004999935 0.339645 0.004999935 0.608046 0.75995 0.908147 0.75995 0.908147 0.763315 0.33165 0.302512 0.33165 0.004999995 0.335015 0.004999995 0.608046 0.777021 0.908147 0.777021 0.908147 0.773656 0.310308 0.648376 0.310308 0.940911 0.310825 0.940394 0.599736 0.648894 0.600254 0.648376 0.310308 0.648376 0.599736 0.940394 0.600254 0.940911 0.600254 0.648376 0.608046 0.748529 0.899545 0.748529 0.899545 0.755259 0.157923 0.05068498 0.157923 0.339596 0.151193 0.339596 0.899545 0.797641 0.608046 0.797641 0.608046 0.80437 0.01984798 0.06324899 0.01984798 0.352159 0.02657788 0.352159 0.298728 0.911218 0.008781969 0.911218 0.009299933 0.9107 0.599736 0.940393 0.310825 0.940393 0.310308 0.940911 0.923838 0.667923 0.608046 0.667923 0.608046 0.656016 0.703769 0.332125 0.703251 0.332643 0.405739 0.332643 0.004999995 0.004999995 0.513296 0.004999995 0.513296 0.508783 0.774216 0.359016 0.553418 0.359016 0.553418 0.36564 0.152336 0.019324 0.152336 0.1849229 0.1589609 0.1849229 0.774216 0.351316 0.553418 0.351316 0.553418 0.344692 0.144636 0.019324 0.144636 0.1849229 0.138012 0.1849229 0.02619987 0.634329 0.190326 0.634329 0.191061 0.635065 0.02619898 0.634329 0.02619898 0.415003 0.190326 0.415003 0.02619898 0.634329 0.02546298 0.635065 0.02546298 0.414267 0.02619898 0.415003 0.02546298 0.414267 0.191061 0.414267 0.190326 0.415003 0.191061 0.414267 0.191061 0.635065 0.659829 0.829053 0.659829 0.825373 0.825426 0.825375 0.825426 0.825375 0.825426 0.604577 0.829106 0.604577 0.829106 0.829055 0.659829 0.829053 0.825426 0.825375 0.595361 0.420262 0.586996 0.420262 0.586996 0.436991 0.240945 0.129613 0.240945 0.137977 0.241293 0.137628 0.565974 0.374995 0.565974 0.374646 0.549245 0.374646 0.565974 0.994651 0.565974 0.374995 0.549245 0.374995 0.609866 0.484528 0.609518 0.484528 0.609518 0.4678 0.241293 0.1292639 0.241293 0.129613 0.86095 0.129613 0.86095 0.137628 0.86095 0.129613 0.241293 0.129613 0.258022 0.781077 0.25837 0.780729 0.25837 0.161072 0.241293 0.160723 0.241293 0.781077 0.258022 0.781077 0.241293 0.781077 0.241293 0.160723 0.240945 0.161072 0.595361 0.585772 0.586996 0.585772 0.587344 0.585424 0.595709 0.602501 0.595361 0.602501 0.595361 0.585772 0.321166 0.994651 0.337894 0.994651 0.337894 0.374995 0.264888 0.314874 0.264888 0.315222 0.884544 0.315222 0.337894 0.374995 0.337894 0.374646 0.321166 0.374646 0.264539 0.216625 0.264539 0.216277 0.884196 0.216277 0.884196 0.208261 0.884196 0.216277 0.264539 0.216277 0.884544 0.216277 0.884196 0.216277 0.884196 0.208261 0.595361 0.396668 0.586996 0.396668 0.586996 0.413397 0.264539 0.315222 0.264539 0.323587 0.264888 0.323238 0.286335 0.949384 0.286684 0.949036 0.286684 0.329379 0.286335 0.949384 0.286335 0.32903 0.269606 0.32903 0.269606 0.949384 0.269606 0.32903 0.269258 0.329379 0.596934 0.444205 0.588569 0.444205 0.588917 0.443857 0.597282 0.460934 0.596934 0.460934 0.596934 0.444205 0.297571 0.374995 0.297571 0.994651 0.3143 0.994651 0.3143 0.374995 0.3143 0.374646 0.297571 0.374646 0.292852 0.353473 0.292852 0.353124 0.912509 0.353124 0.912509 0.345109 0.912509 0.353124 0.292852 0.353124 0.912509 0.345109 0.912857 0.34476 0.912857 0.353124 0.595361 0.467451 0.586996 0.467451 0.586996 0.48418 0.240945 0.09815299 0.240945 0.106518 0.241293 0.106169 0.241293 0.09780496 0.241293 0.09815299 0.86095 0.09815299 0.86095 0.106169 0.86095 0.09815299 0.241293 0.09815299 0.163644 0.686699 0.163992 0.68635 0.163992 0.06669396 0.163644 0.686699 0.163644 0.06634598 0.146915 0.06634598 0.146915 0.686699 0.146915 0.06634598 0.146567 0.06669396 0.611091 0.570042 0.602726 0.570042 0.603074 0.569694 0.611439 0.586771 0.611091 0.586771 0.611091 0.570042 0.251466 0.374995 0.251466 0.994651 0.268194 0.994651 0.518785 0.374995 0.518785 0.374646 0.502056 0.374646 0.264539 0.169436 0.264539 0.169088 0.884196 0.169088 0.884196 0.161072 0.884196 0.169088 0.264539 0.169088 0.884544 0.169088 0.884196 0.169088 0.884196 0.161072 0.581204 0.492619 0.57284 0.492619 0.57284 0.509347 0.264539 0.176802 0.264539 0.185166 0.264887 0.184817 0.264887 0.1764529 0.264887 0.176802 0.884544 0.176802 0.884544 0.184817 0.884544 0.176802 0.264887 0.176802 0.187238 0.686699 0.187587 0.68635 0.187587 0.06669396 0.187238 0.686699 0.187238 0.06634598 0.1705099 0.06634598 0.1705099 0.686699 0.1705099 0.06634598 0.170161 0.06669396 0.581204 0.445778 0.57284 0.445778 0.573188 0.44543 0.581553 0.462507 0.581204 0.462507 0.581204 0.445778 0.210484 0.686351 0.210484 0.06669396 0.193756 0.06669396 0.264539 0.248084 0.264539 0.247736 0.884196 0.247736 0.884196 0.247736 0.264539 0.247736 0.264539 0.23972 0.884544 0.247736 0.884196 0.247736 0.884196 0.23972 0.581204 0.469024 0.57284 0.469024 0.57284 0.485753 0.264539 0.25545 0.264539 0.263814 0.264887 0.263466 0.210484 0.06669396 0.210484 0.06634598 0.193756 0.06634598 0.264887 0.255101 0.264887 0.25545 0.884544 0.25545 0.884544 0.25545 0.264887 0.25545 0.264887 0.263466 0.573188 0.462855 0.57284 0.462507 0.581204 0.462507 0.02207696 0.625354 0.02242588 0.625006 0.02242588 0.00534898 0.02207696 0.625354 0.02207696 0.004999995 0.00534898 0.004999995 0.00534898 0.625354 0.00534898 0.004999995 0.004999995 0.00534898 0.581204 0.374995 0.57284 0.374995 0.573189 0.374646 0.581552 0.391724 0.581204 0.391724 0.581204 0.374995 0.04532295 0.625005 0.04532295 0.00534898 0.02859395 0.00534898 0.292852 0.337743 0.292852 0.337395 0.912509 0.337395 0.292852 0.329379 0.912509 0.329379 0.912509 0.337395 0.912509 0.329379 0.912857 0.32903 0.912857 0.337395 0.581204 0.421835 0.57284 0.421835 0.57284 0.438564 0.292852 0.360838 0.292852 0.369203 0.293201 0.368854 0.04532289 0.00534898 0.04532289 0.004999995 0.02859395 0.004999995 0.293201 0.36049 0.293201 0.360838 0.912857 0.360838 0.912857 0.360838 0.293201 0.360838 0.293201 0.368854 0.581204 0.391724 0.581205 0.392072 0.573189 0.392072 0.57284 0.374995 0.581204 0.374995 0.581204 0.391724 0.06926596 0.625354 0.069615 0.625006 0.069615 0.00534898 0.05253797 0.004999995 0.05253797 0.625354 0.06926596 0.625354 0.05253797 0.625354 0.05253797 0.004999995 0.05218899 0.00534898 0.581204 0.563751 0.57284 0.563751 0.573189 0.563402 0.581552 0.580479 0.581204 0.580479 0.581204 0.563751 0.21735 0.686351 0.234079 0.686351 0.234079 0.06669396 0.241293 0.113534 0.241293 0.113883 0.860949 0.113883 0.234079 0.06669396 0.234079 0.06634598 0.21735 0.06634598 0.240945 0.153707 0.240945 0.153358 0.860601 0.153358 0.860601 0.145342 0.860601 0.153358 0.240945 0.153358 0.860949 0.153358 0.860601 0.153358 0.860601 0.145342 0.581204 0.398241 0.57284 0.398241 0.57284 0.414969 0.240945 0.113883 0.240945 0.122247 0.241293 0.121899 0.09285998 0.686699 0.09320896 0.68635 0.09320896 0.06669396 0.07613199 0.06634598 0.07613199 0.686699 0.09285998 0.686699 0.07613199 0.686699 0.07613199 0.06634598 0.07578295 0.06669396 0.581204 0.540156 0.57284 0.540156 0.573189 0.539808 0.581552 0.556885 0.581204 0.556885 0.581204 0.540156 0.09937798 0.06669396 0.09937798 0.686351 0.116107 0.686351 0.116107 0.06669396 0.116107 0.06634598 0.09937798 0.06634598 0.264539 0.200895 0.264539 0.200547 0.884196 0.200547 0.264539 0.192531 0.884196 0.192531 0.884196 0.200547 0.884544 0.200547 0.884196 0.200547 0.884196 0.192531 0.581204 0.516213 0.57284 0.516213 0.57284 0.532942 0.264539 0.22399 0.264539 0.2323549 0.264888 0.232006 0.264888 0.223642 0.264888 0.22399 0.884544 0.22399 0.884544 0.22399 0.264888 0.22399 0.264888 0.232006 0.573189 0.557233 0.57284 0.556885 0.581204 0.556885 0.140049 0.686699 0.140398 0.68635 0.140398 0.06669396 0.140049 0.686699 0.140049 0.06634598 0.1233209 0.06634598 0.1233209 0.686699 0.1233209 0.06634598 0.122972 0.06669396 0.611091 0.521281 0.602726 0.521281 0.603074 0.520932 0.611439 0.538009 0.611091 0.538009 0.611091 0.521281 0.361489 0.374995 0.34476 0.374995 0.34476 0.994651 0.240945 0.090788 0.240945 0.09043997 0.860601 0.09043997 0.240945 0.09043997 0.240945 0.08242398 0.860601 0.08242398 0.860601 0.08242398 0.860949 0.08207499 0.860949 0.09043997 0.595361 0.491046 0.586996 0.491046 0.586996 0.507774 0.264539 0.271179 0.264539 0.279544 0.264887 0.279195 0.361489 0.374995 0.361489 0.374646 0.34476 0.374646 0.264887 0.270831 0.264887 0.271179 0.884544 0.271179 0.264887 0.279195 0.884544 0.279195 0.884544 0.271179 0.43262 0.995 0.432968 0.994652 0.432968 0.374995 0.43262 0.995 0.43262 0.374646 0.415891 0.374646 0.415891 0.995 0.415891 0.374646 0.415543 0.374995 0.609518 0.374995 0.601153 0.374995 0.601501 0.374646 0.609866 0.391724 0.609518 0.391724 0.609518 0.374995 0.409026 0.374995 0.392297 0.374995 0.392297 0.994651 0.409026 0.994651 0.409374 0.994651 0.409374 0.374995 0.264539 0.294925 0.264539 0.286909 0.884196 0.286909 0.884544 0.294925 0.884196 0.294925 0.884196 0.286909 0.596934 0.538235 0.588569 0.538235 0.588569 0.554963 0.264539 0.300717 0.264539 0.309081 0.264887 0.308733 0.409026 0.374995 0.409026 0.374646 0.392297 0.374646 0.392297 0.374995 0.391949 0.374995 0.391949 0.994651 0.264887 0.308733 0.884544 0.308733 0.884544 0.300717 0.494691 0.995 0.495039 0.994652 0.495039 0.374995 0.494691 0.995 0.494691 0.374646 0.486327 0.374646 0.601501 0.392072 0.601153 0.391724 0.609518 0.391724 0.601153 0.374995 0.609518 0.374995 0.609518 0.391724 0.611091 0.538009 0.61109 0.538358 0.603074 0.538358 0.602726 0.521281 0.611091 0.521281 0.611091 0.538009 0.57284 0.540156 0.581204 0.540156 0.581204 0.556885 0.573189 0.580828 0.57284 0.580479 0.581204 0.580479 0.860949 0.113883 0.241293 0.113883 0.241293 0.121899 0.57284 0.563751 0.581204 0.563751 0.581204 0.580479 0.57284 0.445778 0.581204 0.445778 0.581204 0.462507 0.603074 0.58712 0.602726 0.586771 0.611091 0.586771 0.602726 0.570042 0.611091 0.570042 0.611091 0.586771 0.596934 0.460934 0.596933 0.461282 0.588917 0.461282 0.588569 0.444205 0.596934 0.444205 0.596934 0.460934 0.587344 0.602849 0.586996 0.602501 0.595361 0.602501 0.884544 0.323238 0.884544 0.315222 0.264888 0.315222 0.586996 0.585772 0.595361 0.585772 0.595361 0.602501 0.601501 0.484877 0.601153 0.484528 0.609518 0.484528 0.601153 0.4678 0.609518 0.4678 0.609518 0.484528 0.609518 0.4678 0.601153 0.4678 0.601501 0.467451 0.240945 0.07505798 0.240945 0.07470995 0.860601 0.07470995 0.860601 0.06669396 0.860601 0.07470995 0.240945 0.07470995 0.368703 0.995 0.368703 0.374646 0.368355 0.374995 0.368703 0.374646 0.368703 0.995 0.385431 0.995 0.385431 0.995 0.385779 0.994652 0.385779 0.374995 0.587344 0.532066 0.586996 0.531717 0.595361 0.531717 0.695788 0.00534898 0.07613098 0.00534898 0.07613098 0.01336389 0.07613098 0.004999935 0.07613098 0.00534898 0.695788 0.00534898 0.455867 0.994651 0.455867 0.374995 0.439138 0.374995 0.595709 0.531717 0.595361 0.531717 0.595361 0.514989 0.586996 0.514989 0.595361 0.514989 0.595361 0.531717 0.595361 0.514989 0.586996 0.514989 0.587344 0.51464 0.07578289 0.02944189 0.07578289 0.02909398 0.69544 0.02909398 0.07578289 0.02909398 0.07578289 0.02107799 0.69544 0.02107799 0.46308 0.995 0.46308 0.374646 0.462732 0.374995 0.46308 0.374646 0.46308 0.995 0.479809 0.995 0.479809 0.995 0.480157 0.994652 0.480157 0.374995 0.601501 0.415318 0.601153 0.414969 0.609518 0.414969 0.695788 0.04447489 0.695788 0.03645896 0.07613098 0.03645896 0.525999 0.374995 0.525651 0.374995 0.525651 0.994651 0.525999 0.994651 0.542728 0.994651 0.542728 0.374995 0.609866 0.414969 0.609518 0.414969 0.609518 0.398241 0.601153 0.398241 0.609518 0.398241 0.609518 0.414969 0.07578295 0.05061596 0.07613098 0.05061596 0.07613098 0.05897998 0.695788 0.05061596 0.695788 0.05897998 0.07613098 0.05897998 0.696136 0.05897998 0.695788 0.05897998 0.695788 0.05061596 0.609518 0.491046 0.601153 0.491046 0.601153 0.507774 0.07578289 0.03645896 0.07578289 0.044824 0.07613098 0.04447495 0.542728 0.374995 0.542728 0.374646 0.525999 0.374646 0.07613098 0.05932897 0.07613098 0.05897998 0.695788 0.05897998 0.695788 0.02909398 0.69544 0.0290935 0.69544 0.02107799 0.596934 0.561829 0.588569 0.561829 0.588569 0.578558 0.07578289 0.00534898 0.07578289 0.013713 0.07613098 0.01336389 0.455867 0.374995 0.455867 0.374646 0.439138 0.374646 0.860949 0.07470989 0.860601 0.07470935 0.860601 0.06669396 0.45026 0.821282 0.450261 0.824962 0.008678913 0.821282 0.004999935 0.824962 0.004935324 0.600482 0.008678913 0.821282 0.008678913 0.821282 0.450261 0.824962 0.004999935 0.824962 0.774216 0.39585 0.553418 0.39585 0.553418 0.402474 0.837859 0.344692 0.837859 0.786273 0.844483 0.786273 0.238076 0.695101 0.01727795 0.695101 0.01727795 0.688477 0.858807 0.354924 0.858807 0.796504 0.852184 0.796504 0.554152 0.280313 0.994262 0.280313 0.995 0.281049 0.554154 0.280313 0.554154 0.06098699 0.994262 0.06098699 0.554154 0.280313 0.553418 0.281049 0.553418 0.06025099 0.554154 0.06098699 0.553418 0.06025099 0.995 0.06025099 0.994262 0.06098699 0.995 0.06025099 0.995 0.281049 0.164504 0.361091 0.204334 0.361091 0.204334 0.374302 0.121767 0.361091 0.164504 0.361091 0.164504 0.374302 0.07902997 0.361091 0.121767 0.361091 0.121767 0.374302 0.03919899 0.361091 0.07902997 0.361091 0.07902997 0.374302 0.004999995 0.361091 0.03919899 0.361091 0.03919899 0.374302 0.201947 0.086353 0.201947 0.052154 0.188737 0.052154 0.201947 0.126184 0.201947 0.086353 0.188737 0.086353 0.201947 0.1689209 0.201947 0.126184 0.188737 0.126184 0.201947 0.211657 0.201947 0.1689209 0.188737 0.1689209 0.201947 0.251488 0.201947 0.211657 0.188737 0.211657 0.201947 0.285688 0.201947 0.251488 0.188737 0.251488 0.204334 0.35479 0.238533 0.35479 0.238533 0.34158 0.164503 0.35479 0.204334 0.35479 0.204334 0.34158 0.121767 0.35479 0.164503 0.35479 0.164503 0.34158 0.07902896 0.35479 0.121767 0.35479 0.121767 0.34158 0.03919899 0.35479 0.07902896 0.35479 0.07902896 0.34158 0.004999935 0.35479 0.03919899 0.35479 0.03919899 0.34158 0.403367 0.320495 0.403367 0.286296 0.416578 0.286296 0.403367 0.360326 0.403367 0.320495 0.416578 0.320495 0.403367 0.403063 0.403367 0.360326 0.416578 0.360326 0.403367 0.4458 0.403367 0.403063 0.416578 0.403063 0.403367 0.485631 0.403367 0.4458 0.416578 0.4458 0.403367 0.51983 0.403367 0.485631 0.416578 0.485631 0.204334 0.361091 0.238533 0.361091 0.238533 0.374302 0.212855 0.329682 0.211996 0.326462 0.170118 0.331978 0.252729 0.313177 0.251062 0.31029 0.21204 0.326454 0.08757185 0.02715218 0.0533725 0.05339157 0.05573439 0.05573564 0.115643 0.120549 0.115643 0.08900797 0.110689 0.08900797 0.115643 0.154385 0.115643 0.120549 0.110689 0.120549 0.115643 0.188238 0.115643 0.154385 0.110689 0.154385 0.115643 0.219778 0.115643 0.188238 0.110689 0.188238 0.115643 0.246861 0.115643 0.219778 0.110689 0.219778 0.390508 0.004999935 0.417589 0.004999935 0.417589 0.009953916 0.358966 0.004999995 0.390508 0.004999995 0.390508 0.009953975 0.325115 0.004999995 0.358966 0.004999995 0.358966 0.009953975 0.291278 0.004999935 0.325115 0.004999935 0.325115 0.009953916 0.259738 0.004999995 0.291278 0.004999995 0.291278 0.009953975 0.232638 0.004999935 0.259738 0.004999935 0.259738 0.009953916 0.208249 0.082488 0.208249 0.05540597 0.213203 0.05540597 0.208249 0.114029 0.208249 0.082488 0.213203 0.082488 0.208249 0.147881 0.208249 0.114029 0.213203 0.114029 0.208249 0.181718 0.208249 0.147881 0.213203 0.147881 0.208249 0.213258 0.208249 0.181718 0.213203 0.181718 0.208249 0.240357 0.208249 0.213258 0.213203 0.213258 0.416506 0.02133589 0.443605 0.02133589 0.443605 0.01638197 0.384966 0.02133589 0.416506 0.02133589 0.416506 0.01638197 0.35113 0.02133595 0.384966 0.02133595 0.384966 0.01638197 0.317277 0.02133589 0.35113 0.02133589 0.35113 0.01638197 0.285737 0.02133589 0.317277 0.02133589 0.317277 0.01638197 0.258654 0.02133595 0.285737 0.02133595 0.285737 0.01638197 0.115643 0.08900797 0.115643 0.06190997 0.110689 0.06190997 0.04385238 0.203954 0.03939276 0.170118 0.03605729 0.170118 0.136285 0.296465 0.135411 0.299686 0.170122 0.30426 0.170112 0.300944 0.170112 0.30428 0.204823 0.299706 0.204022 0.296489 0.2048799 0.29971 0.23723 0.286318 0.80924 0.528762 0.843077 0.533221 0.876929 0.528762 0.876929 0.528762 0.90847 0.5157 0.80924 0.528762 0.935552 0.494926 0.956342 0.467826 0.969404 0.436286 0.969404 0.436286 0.973862 0.402449 0.969403 0.368596 0.969403 0.368596 0.956341 0.337055 0.93555 0.309973 0.93555 0.309973 0.908467 0.289182 0.876927 0.27612 0.876927 0.27612 0.843074 0.271661 0.809238 0.27612 0.809238 0.27612 0.777697 0.289182 0.876927 0.27612 0.750599 0.309973 0.729825 0.337055 0.716764 0.436286 0.716763 0.368596 0.712305 0.402449 0.716764 0.436286 0.716764 0.436286 0.729826 0.467826 0.7777 0.5157 0.750601 0.494926 0.7777 0.5157 0.729826 0.467826 0.80924 0.528762 0.90847 0.5157 0.935552 0.494926 0.935552 0.494926 0.969404 0.436286 0.80924 0.528762 0.969403 0.368596 0.93555 0.309973 0.80924 0.528762 0.876927 0.27612 0.777697 0.289182 0.750599 0.309973 0.729825 0.337055 0.716763 0.368596 0.716764 0.436286 0.716764 0.436286 0.7777 0.5157 0.80924 0.528762 0.80924 0.528762 0.969404 0.436286 0.969403 0.368596 0.93555 0.309973 0.876927 0.27612 0.750599 0.309973 0.750599 0.309973 0.716764 0.436286 0.93555 0.309973 0.450261 0.824966 0.45026 0.821286 0.008678913 0.821286 0.858807 0.796504 0.858807 0.354924 0.852184 0.354924 0.01727795 0.695101 0.238076 0.695101 0.238076 0.688477 0.837859 0.786273 0.837859 0.344692 0.844483 0.344692 0.553418 0.39585 0.774216 0.39585 0.774216 0.402474 0.553418 0.281049 0.554154 0.280313 0.554154 0.06098699 0.553418 0.281049 0.995 0.281049 0.994262 0.280313 0.995 0.281049 0.995 0.06025099 0.994262 0.06098699 0.553418 0.06025099 0.554154 0.06098699 0.994264 0.06098699 0.554154 0.06098699 0.554154 0.280313 0.994262 0.280313 0.917361 0.487127 0.905298 0.487127 0.905298 0.955952 0.143335 0.917725 0.143335 0.91752 0.131271 0.91752 0.143335 0.91752 0.143335 0.490611 0.131271 0.490611 0.131271 0.490407 0.131271 0.490611 0.143335 0.490611 0.899323 0.487127 0.887259 0.487127 0.887259 0.955952 0.1252959 0.91752 0.1252959 0.917725 0.113233 0.917725 0.113233 0.490611 0.1252959 0.490611 0.1252959 0.91752 0.1252959 0.490407 0.1252959 0.490611 0.113233 0.490611 0.008385956 0.483954 0.008590996 0.484363 0.008590996 0.953188 0.439295 0.480772 0.439499 0.480772 0.439499 0.956778 0.005203902 0.480771 0.005203902 0.480566 0.439295 0.480566 0.005203902 0.956778 0.004999935 0.956778 0.004999935 0.480772 0.1065829 0.924702 0.106379 0.924702 0.106379 0.490611 0.436113 0.953597 0.435909 0.953188 0.435909 0.484363 0.008385956 0.953602 0.008794724 0.953397 0.435704 0.953397 0.008385956 0.483956 0.436113 0.483956 0.435704 0.48416 0.106386 0.924702 0.106386 0.924906 0.07407999 0.924906 0.07407999 0.490611 0.106386 0.490611 0.106386 0.924702 0.106386 0.490407 0.106386 0.490611 0.07407999 0.490611 0.478927 0.962694 0.478927 0.995 0.954934 0.995 0.880424 0.956574 0.880629 0.956574 0.880629 0.480567 0.450332 0.484565 0.450332 0.952576 0.450537 0.952167 0.876426 0.952576 0.876018 0.952371 0.450742 0.952371 0.876426 0.484565 0.876222 0.484974 0.876222 0.952167 0.07387745 0.490611 0.07408249 0.490611 0.07408249 0.924702 0.446334 0.480567 0.44613 0.480567 0.44613 0.956574 0.887259 0.481006 0.919565 0.481006 0.919565 0.004999995 0.06682389 0.490611 0.06682389 0.490407 0.034518 0.490407 0.034518 0.490611 0.034518 0.924702 0.06682389 0.924702 0.955138 0.962694 0.954934 0.962694 0.954934 0.995 0.446334 0.956573 0.446334 0.956777 0.880424 0.956777 0.450332 0.484568 0.450741 0.484772 0.876017 0.484772 0.005203902 0.962694 0.004999935 0.962694 0.004999935 0.963512 0.005203902 0.962694 0.005203902 0.963512 0.472397 0.963512 0.472397 0.963512 0.472602 0.963512 0.472602 0.962694 0.025496 0.915683 0.02467805 0.915683 0.024679 0.490407 0.005203902 0.971711 0.004999995 0.971711 0.004999995 0.970894 0.005203902 0.971711 0.005203902 0.970894 0.472397 0.970894 0.472397 0.970894 0.472602 0.970894 0.472602 0.971711 0.01483899 0.490407 0.01483899 0.915683 0.01565688 0.915683 0.727916 0.494976 0.488952 0.494976 0.488952 0.249988 0.488952 0.249988 0.004999876 0.249988 0.004999935 0.004999995 0.727916 0.004999995 0.727916 0.494976 0.488952 0.249988 0.01727795 0.695101 0.238076 0.695101 0.238076 0.688477 0.837859 0.786273 0.837859 0.344692 0.844483 0.344692 0.553418 0.39585 0.774216 0.39585 0.774216 0.402474 0.858807 0.796504 0.858807 0.354924 0.852184 0.354924 0.995 0.281049 0.994262 0.280313 0.554152 0.280313 0.995 0.06025099 0.994262 0.06098699 0.994262 0.280313 0.995 0.06025099 0.553418 0.06025099 0.554154 0.06098699 0.553418 0.281049 0.554154 0.280313 0.554154 0.06098699 0.554154 0.06098699 0.554154 0.280313 0.994262 0.280313 0.450261 0.824953 0.45026 0.821273 0.008679032 0.821273 0.450261 0.824962 0.45026 0.821282 0.008678913 0.821282 0.008678913 0.821282 0.008615314 0.600482 0.004935324 0.600482 0.004999935 0.824962 0.450261 0.824962 0.008678913 0.821282 0.858807 0.796504 0.858807 0.354924 0.852184 0.354924 0.01727795 0.695101 0.238076 0.695101 0.238076 0.688477 0.837859 0.786273 0.837859 0.344692 0.844483 0.344692 0.553418 0.39585 0.774216 0.39585 0.774216 0.402474 0.553418 0.281049 0.554154 0.280313 0.554154 0.06098699 0.995 0.281049 0.994262 0.280313 0.554152 0.280313 0.995 0.06025099 0.994262 0.06098699 0.994262 0.280313 0.553418 0.06025099 0.554154 0.06098699 0.994264 0.06098699 0.554154 0.06098699 0.554154 0.280313 0.994262 0.280313 0.608046 0.767945 0.908147 0.767945 0.908147 0.768722 0.162614 0.348197 0.162614 0.05068498 0.1633909 0.05068498 0.608046 0.743595 0.908147 0.743595 0.908147 0.742818 0.170244 0.348197 0.170244 0.05068498 0.169467 0.05068498 0.703251 0.332643 0.703769 0.332125 0.405222 0.332125 0.703769 0.332125 0.703251 0.332643 0.703251 0.632744 0.703251 0.632743 0.405739 0.632743 0.405222 0.633261 0.405739 0.632744 0.405739 0.332643 0.405222 0.332125 0.711097 0.640589 0.711097 0.324797 0.710579 0.325314 0.608046 0.667923 0.923838 0.667923 0.923838 0.656016 0.14711 0.05068498 0.14711 0.363889 0.135203 0.363889 0.397894 0.320792 0.398411 0.320274 0.710579 0.320274 0.397894 0.004999995 0.398412 0.005517423 0.398412 0.320274 0.397894 0.004999995 0.711097 0.004999995 0.710579 0.005517959 0.1882269 0.363889 0.1882269 0.05068498 0.17632 0.05068498 0.711097 0.640589 0.71058 0.640071 0.398412 0.640071 0.397894 0.640589 0.398412 0.640072 0.398412 0.325315 0.608046 0.703986 0.923838 0.703986 0.923838 0.715892 0.711097 0.004999995 0.711097 0.320792 0.710579 0.320275 0.405739 0.01284527 0.405739 0.312946 0.405222 0.313464 0.908147 0.777021 0.608046 0.777021 0.608046 0.773656 0.33165 0.004999995 0.33165 0.302512 0.335015 0.302512 0.908147 0.75995 0.608046 0.75995 0.608046 0.763315 0.34301 0.004999935 0.34301 0.302512 0.339645 0.302512 0.405739 0.01284599 0.405222 0.01232796 0.703769 0.01232796 0.703769 0.313464 0.703251 0.312946 0.703251 0.01284527 0.405739 0.312946 0.703251 0.312946 0.703769 0.313464 0.310308 0.648376 0.600254 0.648376 0.599736 0.648894 0.310825 0.940394 0.310308 0.940911 0.310308 0.648376 0.310308 0.940911 0.310825 0.940393 0.599736 0.940393 0.157923 0.339596 0.157923 0.05068498 0.151193 0.05068498 0.608046 0.797641 0.899545 0.797641 0.899545 0.80437 0.01984798 0.352159 0.01984798 0.06324899 0.02657788 0.06324899 0.899545 0.748529 0.608046 0.748529 0.608046 0.755259 0.600254 0.648376 0.600254 0.940911 0.599736 0.940394 0.008781969 0.911218 0.009299933 0.9107 0.009299933 0.619201 0.009299933 0.9107 0.008781969 0.911218 0.298728 0.911218 0.29821 0.619201 0.29821 0.9107 0.298728 0.911218 0.009299933 0.619201 0.298211 0.619201 0.298728 0.618684 0.711097 0.324797 0.397894 0.324797 0.398412 0.325315 0.513296 0.004999995 0.004999995 0.004999995 0.004999995 0.508783 0.45026 0.821282 0.450261 0.824962 0.008678913 0.821282 0.004999935 0.824962 0.004935324 0.600482 0.008678913 0.821282 0.008678913 0.821282 0.450261 0.824962 0.004999935 0.824962 0.774216 0.39585 0.553418 0.39585 0.553418 0.402474 0.837859 0.344692 0.837859 0.786273 0.844483 0.786273 0.238076 0.695101 0.01727795 0.695101 0.01727795 0.688477 0.858807 0.354924 0.858807 0.796504 0.852184 0.796504 0.994262 0.280313 0.995 0.281049 0.553418 0.281049 0.554154 0.280313 0.554154 0.06098699 0.994262 0.06098699 0.554154 0.06098699 0.554154 0.280313 0.553418 0.281049 0.554154 0.06098699 0.553418 0.06025099 0.995 0.06025099 0.994262 0.06098699 0.995 0.06025099 0.995 0.281049 0.697646 0.217118 0.670469 0.217118 0.670469 0.42122 0.697646 0.461957 0.697646 0.462511 0.670469 0.462511 0.697646 0.450032 0.697646 0.461957 0.670469 0.461957 0.6982 0.461957 0.697646 0.461957 0.697646 0.450032 0.670469 0.005554914 0.682393 0.005554914 0.682393 0.209656 0.659456 0.3289 0.662229 0.3289 0.662229 0.995 0.662229 0.995 0.004999995 0.995 0.659456 0.3289 0.004999995 0.004999935 0.662229 0.004999756 0.659456 0.1247979 0.662229 0.004999756 0.662229 0.1247979 0.659456 0.1247979 0.659456 0.3289 0.004999995 0.995 0.004999995 0.004999935 0.670469 0.005554914 0.670469 0.004999995 0.682393 0.004999995 0.697646 0.429791 0.670469 0.429791 0.670469 0.441716 0.697646 0.429791 0.697646 0.429237 0.670469 0.429237 0.682393 0.005554914 0.682948 0.005554914 0.682948 0.209656 0.45026 0.821282 0.450261 0.824962 0.008678913 0.821282 0.004999935 0.824962 0.004935324 0.600482 0.008678913 0.821282 0.008678913 0.821282 0.450261 0.824962 0.004999935 0.824962 0.774216 0.39585 0.553418 0.39585 0.553418 0.402474 0.837859 0.344692 0.837859 0.786273 0.844483 0.786273 0.238076 0.695101 0.01727795 0.695101 0.01727795 0.688477 0.858807 0.354924 0.858807 0.796504 0.852184 0.796504 0.994262 0.280313 0.995 0.281049 0.553418 0.281049 0.554154 0.280313 0.554154 0.06098699 0.994262 0.06098699 0.554154 0.06098699 0.554154 0.280313 0.553418 0.281049 0.994264 0.06098699 0.554154 0.06098699 0.553418 0.06025099 0.994262 0.06098699 0.995 0.06025099 0.995 0.281049 0.450261 0.824962 0.45026 0.821282 0.008678913 0.821282 0.008678913 0.821282 0.008615314 0.600482 0.004935324 0.600482 0.004999935 0.824962 0.450261 0.824962 0.008678913 0.821282 0.858807 0.796504 0.858807 0.354924 0.852184 0.354924 0.01727795 0.695101 0.238076 0.695101 0.238076 0.688477 0.837859 0.786273 0.837859 0.344692 0.844483 0.344692 0.553418 0.39585 0.774216 0.39585 0.774216 0.402474 0.553418 0.281049 0.554154 0.280313 0.554154 0.06098699 0.995 0.281049 0.994262 0.280313 0.554152 0.280313 0.995 0.06025099 0.994262 0.06098699 0.994262 0.280313 0.553418 0.06025099 0.554154 0.06098699 0.994264 0.06098699 0.554154 0.06098699 0.554154 0.280313 0.994262 0.280313</float_array>
          <technique_common>
            <accessor source="#Mesh12_Group10_Group3_Group1_Model-mesh-map-0-array" count="9150" stride="2">
              <param name="S" type="float"/>
              <param name="T" type="float"/>
            </accessor>
          </technique_common>
        </source>
        <vertices id="Mesh12_Group10_Group3_Group1_Model-mesh-vertices">
          <input semantic="POSITION" source="#Mesh12_Group10_Group3_Group1_Model-mesh-positions"/>
        </vertices>
        <polylist material="Material_002-material" count="12">
          <input semantic="VERTEX" source="#Mesh12_Group10_Group3_Group1_Model-mesh-vertices" offset="0"/>
          <input semantic="NORMAL" source="#Mesh12_Group10_Group3_Group1_Model-mesh-normals" offset="1"/>
          <input semantic="TEXCOORD" source="#Mesh12_Group10_Group3_Group1_Model-mesh-map-0" offset="2" set="0"/>
          <vcount>3 3 3 3 3 3 3 3 3 3 3 3 </vcount>
          <p>199 3 618 201 3 619 198 3 620 742 17 2328 744 17 2329 741 17 2330 746 3 2331 748 3 2332 745 3 2333 780 1 2394 782 1 2395 779 1 2396 1095 17 3492 1097 17 3493 1094 17 3494 1732 1 5499 1734 1 5500 1731 1 5501 199 3 6054 200 3 6055 201 3 6056 742 17 7092 743 17 7093 744 17 7094 746 3 7095 747 3 7096 748 3 7097 780 1 7170 781 1 7171 782 1 7172 1095 17 7776 1096 17 7777 1097 17 7778 1732 1 8997 1733 1 8998 1734 1 8999</p>
        </polylist>
        <polylist material="FrontColor_002-material" count="618">
          <input semantic="VERTEX" source="#Mesh12_Group10_Group3_Group1_Model-mesh-vertices" offset="0"/>
          <input semantic="NORMAL" source="#Mesh12_Group10_Group3_Group1_Model-mesh-normals" offset="1"/>
          <input semantic="TEXCOORD" source="#Mesh12_Group10_Group3_Group1_Model-mesh-map-0" offset="2" set="0"/>
          <vcount>3 3 3 3 3 3 3 3 3 3 3 3 3 3 3 3 3 3 3 3 3 3 3 3 3 3 3 3 3 3 3 3 3 3 3 3 3 3 3 3 3 3 3 3 3 3 3 3 3 3 3 3 3 3 3 3 3 3 3 3 3 3 3 3 3 3 3 3 3 3 3 3 3 3 3 3 3 3 3 3 3 3 3 3 3 3 3 3 3 3 3 3 3 3 3 3 3 3 3 3 3 3 3 3 3 3 3 3 3 3 3 3 3 3 3 3 3 3 3 3 3 3 3 3 3 3 3 3 3 3 3 3 3 3 3 3 3 3 3 3 3 3 3 3 3 3 3 3 3 3 3 3 3 3 3 3 3 3 3 3 3 3 3 3 3 3 3 3 3 3 3 3 3 3 3 3 3 3 3 3 3 3 3 3 3 3 3 3 3 3 3 3 3 3 3 3 3 3 3 3 3 3 3 3 3 3 3 3 3 3 3 3 3 3 3 3 3 3 3 3 3 3 3 3 3 3 3 3 3 3 3 3 3 3 3 3 3 3 3 3 3 3 3 3 3 3 3 3 3 3 3 3 3 3 3 3 3 3 3 3 3 3 3 3 3 3 3 3 3 3 3 3 3 3 3 3 3 3 3 3 3 3 3 3 3 3 3 3 3 3 3 3 3 3 3 3 3 3 3 3 3 3 3 3 3 3 3 3 3 3 3 3 3 3 3 3 3 3 3 3 3 3 3 3 3 3 3 3 3 3 3 3 3 3 3 3 3 3 3 3 3 3 3 3 3 3 3 3 3 3 3 3 3 3 3 3 3 3 3 3 3 3 3 3 3 3 3 3 3 3 3 3 3 3 3 3 3 3 3 3 3 3 3 3 3 3 3 3 3 3 3 3 3 3 3 3 3 3 3 3 3 3 3 3 3 3 3 3 3 3 3 3 3 3 3 3 3 3 3 3 3 3 3 3 3 3 3 3 3 3 3 3 3 3 3 3 3 3 3 3 3 3 3 3 3 3 3 3 3 3 3 3 3 3 3 3 3 3 3 3 3 3 3 3 3 3 3 3 3 3 3 3 3 3 3 3 3 3 3 3 3 3 3 3 3 3 3 3 3 3 3 3 3 3 3 3 3 3 3 3 3 3 3 3 3 3 3 3 3 3 3 3 3 3 3 3 3 3 3 3 3 3 3 3 3 3 3 3 3 3 3 3 3 3 3 3 3 3 3 3 3 3 3 3 3 3 3 3 3 3 3 3 3 3 3 3 3 3 3 3 3 3 3 3 3 3 3 3 3 3 3 3 3 3 3 3 3 3 3 3 3 3 3 3 3 3 3 3 3 3 3 3 3 3 3 3 3 3 3 3 3 3 3 3 3 3 3 3 3 3 3 3 3 3 3 3 3 3 </vcount>
          <p>2 0 0 3 0 1 4 0 2 6 1 3 4 1 4 3 1 5 9 2 6 3 2 7 8 2 8 10 3 9 8 3 10 5 3 11 7 4 12 5 4 13 4 4 14 12 5 15 7 6 16 11 7 17 11 0 18 14 0 19 12 0 20 11 8 21 6 9 22 13 10 23 13 11 24 9 12 25 14 13 26 14 14 27 10 15 28 12 16 29 28 1 66 30 1 67 27 1 68 32 4 69 27 4 70 31 4 71 34 3 72 31 3 73 33 3 74 29 2 75 33 2 76 30 2 77 36 26 78 29 27 79 35 28 80 38 29 81 35 30 82 37 31 83 38 32 84 28 33 85 32 34 86 35 35 87 28 36 88 37 37 89 38 38 90 34 39 91 36 40 92 27 41 93 40 42 94 31 43 95 42 3 96 44 3 97 45 3 98 47 4 99 42 4 100 41 4 101 50 0 102 41 0 103 49 0 104 51 2 105 49 2 106 43 2 107 48 17 108 43 17 109 42 17 110 48 44 111 53 45 112 51 46 113 47 47 114 52 48 115 48 49 116 50 50 117 54 51 118 47 52 119 51 53 120 55 54 121 50 54 122 53 3 123 54 3 124 55 3 125 170 1 558 171 1 559 172 1 560 174 17 561 172 17 562 171 17 563 177 2 564 171 2 565 176 2 566 178 0 567 176 0 568 173 0 569 175 4 570 173 4 571 172 4 572 179 253 573 178 254 574 175 253 575 179 1 576 182 1 577 180 1 578 181 255 579 175 256 580 174 257 581 181 258 582 177 259 583 182 260 584 182 261 585 178 262 586 180 263 587 185 0 588 186 0 589 187 0 590 189 1 591 187 1 592 186 1 593 192 2 594 186 2 595 191 2 596 193 3 597 191 3 598 188 3 599 190 4 600 188 4 601 187 4 602 195 5 603 190 6 604 194 7 605 194 0 606 197 0 607 195 0 608 194 264 609 189 264 610 196 265 611 196 11 612 192 12 613 197 13 614 197 266 615 193 267 616 195 268 617 207 1 624 209 1 625 206 1 626 211 2 627 206 2 628 210 2 629 213 3 630 210 3 631 212 3 632 208 4 633 212 4 634 209 4 635 208 269 636 215 270 637 213 271 638 208 272 639 216 273 640 214 274 641 207 275 642 217 276 643 216 277 644 213 278 645 217 279 646 211 280 647 217 0 648 214 0 649 216 0 650 219 0 651 212 0 652 218 0 653 370 1 1215 371 1 1216 372 1 1217 374 17 1218 372 17 1219 371 17 1220 377 2 1221 371 2 1222 376 2 1223 378 0 1224 376 0 1225 373 0 1226 375 4 1227 373 4 1228 372 4 1229 379 253 1230 378 428 1231 375 253 1232 379 1 1233 382 1 1234 380 1 1235 379 429 1236 374 430 1237 381 431 1238 381 432 1239 377 433 1240 382 432 1241 382 434 1242 378 435 1243 380 436 1244 385 1 1245 386 1 1246 387 1 1247 389 17 1248 387 17 1249 386 17 1250 392 2 1251 386 2 1252 391 2 1253 393 0 1254 391 0 1255 388 0 1256 390 4 1257 388 4 1258 387 4 1259 395 437 1260 390 438 1261 394 439 1262 394 1 1263 397 1 1264 395 1 1265 394 440 1266 389 441 1267 396 442 1268 397 443 1269 389 444 1270 392 444 1271 397 445 1272 393 446 1273 395 447 1274 427 489 1347 429 490 1348 430 491 1349 432 4 1350 427 4 1351 426 4 1352 435 0 1353 426 0 1354 434 0 1355 436 2 1356 434 2 1357 428 2 1358 433 17 1359 428 17 1360 427 17 1361 433 492 1362 438 493 1363 436 494 1364 432 495 1365 437 496 1366 433 497 1367 432 498 1368 440 499 1369 439 498 1370 436 500 1371 440 501 1372 435 502 1373 438 3 1374 439 3 1375 440 3 1376 442 1 1377 444 1 1378 441 1 1379 446 2 1380 441 2 1381 445 2 1382 448 3 1383 445 3 1384 447 3 1385 443 4 1386 447 4 1387 444 4 1388 443 269 1389 450 270 1390 448 271 1391 443 503 1392 451 504 1393 449 505 1394 442 275 1395 452 276 1396 451 277 1397 448 278 1398 452 279 1399 446 280 1400 452 0 1401 449 0 1402 451 0 1403 454 0 1404 447 0 1405 453 0 1406 456 3 1407 458 3 1408 455 3 1409 459 4 1410 458 4 1411 457 4 1412 462 0 1413 457 0 1414 461 0 1415 464 2 1416 461 2 1417 463 2 1418 460 17 1419 463 17 1420 458 17 1421 460 506 1422 466 507 1423 464 508 1424 460 509 1425 467 510 1426 465 511 1427 462 512 1428 467 513 1429 459 514 1430 464 515 1431 468 516 1432 462 516 1433 466 3 1434 467 3 1435 468 3 1436 676 17 2205 678 17 2206 675 17 2207 680 2 2208 675 2 2209 679 2 2210 682 0 2211 679 0 2212 681 0 2213 677 4 2214 681 4 2215 678 4 2216 683 746 2217 682 747 2218 677 748 2219 683 1 2220 686 1 2221 684 1 2222 685 749 2223 677 750 2224 676 751 2225 685 752 2226 680 753 2227 686 754 2228 686 755 2229 682 756 2230 684 757 2231 681 1 2232 687 1 2233 688 1 2234 697 761 2238 699 762 2239 700 763 2240 702 4 2241 697 4 2242 696 4 2243 705 3 2244 696 3 2245 704 3 2246 706 2 2247 704 2 2248 698 2 2249 697 1 2250 706 1 2251 698 1 2252 703 764 2253 708 765 2254 706 766 2255 702 767 2256 707 768 2257 703 769 2258 702 770 2259 710 771 2260 709 772 2261 706 773 2262 710 774 2263 705 775 2264 708 17 2265 709 17 2266 710 17 2267 713 1 2268 714 1 2269 715 1 2270 717 17 2271 715 17 2272 714 17 2273 720 2 2274 714 2 2275 719 2 2276 721 0 2277 719 0 2278 716 0 2279 718 4 2280 716 4 2281 715 4 2282 722 776 2283 721 777 2284 718 778 2285 722 1 2286 725 1 2287 723 1 2288 724 749 2289 718 750 2290 717 751 2291 724 753 2292 720 779 2293 725 780 2294 725 781 2295 721 782 2296 723 783 2297 727 3 2298 729 3 2299 730 3 2300 732 4 2301 727 4 2302 726 4 2303 735 0 2304 726 0 2305 734 0 2306 736 2 2307 734 2 2308 728 2 2309 733 17 2310 728 17 2311 727 17 2312 733 784 2313 738 785 2314 736 786 2315 733 787 2316 739 788 2317 737 789 2318 735 790 2319 739 791 2320 732 792 2321 736 516 2322 740 793 2323 735 793 2324 738 3 2325 739 3 2326 740 3 2327 750 794 2334 752 490 2335 753 491 2336 755 4 2337 750 4 2338 749 4 2339 758 0 2340 749 0 2341 757 0 2342 759 2 2343 757 2 2344 751 2 2345 756 17 2346 751 17 2347 750 17 2348 756 795 2349 761 796 2350 759 797 2351 756 798 2352 762 799 2353 760 800 2354 755 801 2355 763 802 2356 762 803 2357 759 804 2358 763 805 2359 758 805 2360 761 806 2361 762 807 2362 763 808 2363 766 0 2364 767 0 2365 768 0 2366 770 1 2367 768 1 2368 767 1 2369 773 2 2370 767 2 2371 772 2 2372 774 3 2373 772 3 2374 769 3 2375 771 4 2376 769 4 2377 768 4 2378 776 809 2379 771 810 2380 775 811 2381 775 0 2382 778 0 2383 776 0 2384 777 812 2385 771 813 2386 770 812 2387 777 11 2388 773 12 2389 778 13 2390 778 814 2391 774 815 2392 776 816 2393 928 950 2943 930 951 2944 931 952 2945 933 4 2946 928 4 2947 927 4 2948 936 0 2949 927 0 2950 935 0 2951 937 2 2952 935 2 2953 929 2 2954 934 17 2955 929 17 2956 928 17 2957 934 953 2958 939 954 2959 937 955 2960 933 956 2961 938 957 2962 934 958 2963 933 959 2964 941 960 2965 940 961 2966 937 500 2967 941 962 2968 936 962 2969 939 3 2970 940 3 2971 941 3 2972 943 1 2973 945 1 2974 942 1 2975 947 2 2976 942 2 2977 946 2 2978 949 3 2979 946 3 2980 948 3 2981 944 4 2982 948 4 2983 945 4 2984 944 963 2985 951 964 2986 949 965 2987 943 966 2988 950 967 2989 944 968 2990 943 275 2991 953 276 2992 952 277 2993 949 969 2994 953 970 2995 947 971 2996 953 0 2997 950 0 2998 952 0 2999 955 0 3000 948 0 3001 954 0 3002 957 2 3003 959 2 3004 956 2 3005 961 0 3006 956 0 3007 960 0 3008 963 4 3009 960 4 3010 962 4 3011 958 17 3012 962 17 3013 959 17 3014 958 972 3015 965 973 3016 963 974 3017 957 975 3018 964 976 3019 958 977 3020 957 978 3021 967 979 3022 966 980 3023 963 981 3024 967 982 3025 961 982 3026 966 1 3027 965 1 3028 964 1 3029 968 1 3030 970 1 3031 971 1 3032 973 4 3033 968 4 3034 972 4 3035 975 3 3036 972 3 3037 974 3 3038 970 2 3039 974 2 3040 971 2 3041 977 983 3042 970 984 3043 976 985 3044 979 17 3045 976 17 3046 978 17 3047 979 986 3048 969 987 3049 973 988 3050 976 989 3051 969 990 3052 978 991 3053 977 992 3054 973 993 3055 975 994 3056 968 17 3057 981 17 3058 972 17 3059 1099 17 3495 1101 17 3496 1098 17 3497 1103 2 3498 1098 2 3499 1102 2 3500 1105 0 3501 1102 0 3502 1104 0 3503 1100 4 3504 1104 4 3505 1101 4 3506 1106 1181 3507 1105 1182 3508 1100 1183 3509 1106 1 3510 1109 1 3511 1107 1 3512 1106 429 3513 1099 430 3514 1108 431 3515 1108 1184 3516 1103 1185 3517 1109 432 3518 1109 1186 3519 1105 1187 3520 1107 1188 3521 1104 1 3522 1110 1 3523 1111 1 3524 1405 1 4386 1406 1 4387 1407 1 4388 1409 17 4389 1407 17 4390 1406 17 4391 1412 2 4392 1406 2 4393 1411 2 4394 1413 0 4395 1411 0 4396 1408 0 4397 1410 4 4398 1408 4 4399 1407 4 4400 1414 1451 4401 1413 1452 4402 1410 253 4403 1414 1 4404 1417 1 4405 1415 1 4406 1414 1453 4407 1409 1454 4408 1416 1455 4409 1416 753 4410 1412 1456 4411 1417 1457 4412 1417 1187 4413 1413 1458 4414 1415 1459 4415 1563 3 4974 1565 3 4975 1562 3 4976 1566 4 4977 1565 4 4978 1564 4 4979 1569 0 4980 1564 0 4981 1568 0 4982 1571 2 4983 1568 2 4984 1570 2 4985 1567 17 4986 1570 17 4987 1565 17 4988 1567 1594 4989 1573 1595 4990 1571 1595 4991 1567 1596 4992 1574 1597 4993 1572 511 4994 1566 1598 4995 1575 1599 4996 1574 1600 4997 1571 1601 4998 1575 1602 4999 1569 1602 5000 1573 3 5001 1574 3 5002 1575 3 5003 1647 1 5223 1649 1 5224 1646 1 5225 1651 2 5226 1646 2 5227 1650 2 5228 1653 3 5229 1650 3 5230 1652 3 5231 1648 4 5232 1652 4 5233 1649 4 5234 1648 963 5235 1655 964 5236 1653 965 5237 1647 1711 5238 1654 1712 5239 1648 1713 5240 1647 275 5241 1657 276 5242 1656 277 5243 1653 278 5244 1657 1714 5245 1651 1714 5246 1657 0 5247 1654 0 5248 1656 0 5249 1659 0 5250 1652 0 5251 1658 0 5252 1661 17 5253 1663 17 5254 1664 17 5255 1666 4 5256 1661 4 5257 1660 4 5258 1669 3 5259 1660 3 5260 1668 3 5261 1670 2 5262 1668 2 5263 1662 2 5264 1667 1 5265 1662 1 5266 1661 1 5267 1667 1715 5268 1672 1716 5269 1670 1716 5270 1666 1717 5271 1671 1718 5272 1667 1719 5273 1669 1720 5274 1673 1721 5275 1666 1722 5276 1670 773 5277 1674 774 5278 1669 775 5279 1672 17 5280 1673 17 5281 1674 17 5282 1737 0 5502 1738 0 5503 1739 0 5504 1741 1 5505 1739 1 5506 1738 1 5507 1744 2 5508 1738 2 5509 1743 2 5510 1745 3 5511 1743 3 5512 1740 3 5513 1742 4 5514 1740 4 5515 1739 4 5516 1747 809 5517 1742 810 5518 1746 811 5519 1746 0 5520 1749 0 5521 1747 0 5522 1748 812 5523 1742 813 5524 1741 812 5525 1748 11 5526 1744 12 5527 1749 13 5528 1749 1792 5529 1745 1793 5530 1747 816 5531 1774 1 5568 1775 1 5569 1776 1 5570 1778 17 5571 1776 17 5572 1775 17 5573 1781 2 5574 1775 2 5575 1780 2 5576 1782 0 5577 1780 0 5578 1777 0 5579 1779 4 5580 1777 4 5581 1776 4 5582 1784 1809 5583 1779 1810 5584 1783 1810 5585 1783 1 5586 1786 1 5587 1784 1 5588 1785 1811 5589 1779 1812 5590 1778 1813 5591 1786 1814 5592 1778 1815 5593 1781 1816 5594 1786 1817 5595 1782 1818 5596 1784 1819 5597 1788 3 5598 1790 3 5599 1791 3 5600 1793 4 5601 1788 4 5602 1787 4 5603 1796 0 5604 1787 0 5605 1795 0 5606 1797 2 5607 1795 2 5608 1789 2 5609 1794 17 5610 1789 17 5611 1788 17 5612 1794 1820 5613 1799 1821 5614 1797 1822 5615 1793 1823 5616 1798 1824 5617 1794 1825 5618 1796 1826 5619 1800 1827 5620 1793 1828 5621 1797 793 5622 1801 515 5623 1796 1829 5624 1799 3 5625 1800 3 5626 1801 3 5627 5 0 5628 0 0 5629 4 0 5630 1 0 5631 2 0 5632 4 0 5633 4 0 5634 0 0 5635 1 0 5636 6 1 5637 7 1 5638 4 1 5639 9 2 5640 6 2 5641 3 2 5642 10 3 5643 9 3 5644 8 3 5645 7 4 5646 10 4 5647 5 4 5648 12 5 5649 10 1830 5650 7 6 5651 11 0 5652 13 0 5653 14 0 5654 11 8 5655 7 8 5656 6 9 5657 13 11 5658 6 1831 5659 9 12 5660 14 14 5661 9 814 5662 10 15 5663 28 1 5676 29 1 5677 30 1 5678 32 4 5679 28 4 5680 27 4 5681 34 3 5682 32 3 5683 31 3 5684 29 2 5685 34 2 5686 33 2 5687 36 26 5688 34 1832 5689 29 27 5690 38 29 5691 36 1833 5692 35 30 5693 38 32 5694 37 1834 5695 28 33 5696 35 35 5697 29 1835 5698 28 36 5699 38 38 5700 32 1836 5701 34 39 5702 27 41 5703 39 1837 5704 40 42 5705 46 3 5706 41 3 5707 42 3 5708 42 3 5709 43 3 5710 44 3 5711 45 3 5712 46 3 5713 42 3 5714 47 4 5715 48 4 5716 42 4 5717 50 0 5718 47 0 5719 41 0 5720 51 2 5721 50 2 5722 49 2 5723 48 17 5724 51 17 5725 43 17 5726 48 44 5727 52 1838 5728 53 45 5729 47 47 5730 54 800 5731 52 48 5732 50 50 5733 55 1839 5734 54 51 5735 51 53 5736 53 53 5737 55 54 5738 53 3 5739 52 3 5740 54 3 5741 173 1 5982 168 1 5983 172 1 5984 169 1 5985 170 1 5986 172 1 5987 172 1 5988 168 1 5989 169 1 5990 174 17 5991 175 17 5992 172 17 5993 177 2 5994 174 2 5995 171 2 5996 178 0 5997 177 0 5998 176 0 5999 175 4 6000 178 4 6001 173 4 6002 179 253 6003 180 1882 6004 178 254 6005 179 1 6006 181 1 6007 182 1 6008 181 255 6009 179 1883 6010 175 256 6011 181 258 6012 174 1884 6013 177 259 6014 182 261 6015 177 1885 6016 178 262 6017 188 0 6018 183 0 6019 187 0 6020 184 0 6021 185 0 6022 187 0 6023 187 0 6024 183 0 6025 184 0 6026 189 1 6027 190 1 6028 187 1 6029 192 2 6030 189 2 6031 186 2 6032 193 3 6033 192 3 6034 191 3 6035 190 4 6036 193 4 6037 188 4 6038 195 5 6039 193 1830 6040 190 6 6041 194 0 6042 196 0 6043 197 0 6044 194 264 6045 190 264 6046 189 264 6047 196 11 6048 189 1831 6049 192 12 6050 197 266 6051 192 1886 6052 193 267 6053 207 1 6060 208 1 6061 209 1 6062 211 2 6063 207 2 6064 206 2 6065 213 3 6066 211 3 6067 210 3 6068 208 4 6069 213 4 6070 212 4 6071 208 269 6072 214 1887 6073 215 270 6074 208 272 6075 207 1888 6076 216 273 6077 207 275 6078 211 1889 6079 217 276 6080 213 278 6081 215 1890 6082 217 279 6083 217 0 6084 215 0 6085 214 0 6086 219 0 6087 209 0 6088 212 0 6089 373 1 6321 368 1 6322 372 1 6323 369 1 6324 370 1 6325 372 1 6326 372 1 6327 368 1 6328 369 1 6329 374 17 6330 375 17 6331 372 17 6332 377 2 6333 374 2 6334 371 2 6335 378 0 6336 377 0 6337 376 0 6338 375 4 6339 378 4 6340 373 4 6341 379 253 6342 380 1905 6343 378 428 6344 379 1 6345 381 1 6346 382 1 6347 379 429 6348 375 1906 6349 374 430 6350 381 432 6351 374 432 6352 377 433 6353 382 434 6354 377 1907 6355 378 435 6356 388 1 6357 383 1 6358 387 1 6359 384 1 6360 385 1 6361 387 1 6362 387 1 6363 383 1 6364 384 1 6365 389 17 6366 390 17 6367 387 17 6368 392 2 6369 389 2 6370 386 2 6371 393 0 6372 392 0 6373 391 0 6374 390 4 6375 393 4 6376 388 4 6377 395 437 6378 393 1451 6379 390 438 6380 394 1 6381 396 1 6382 397 1 6383 394 440 6384 390 1908 6385 389 441 6386 397 443 6387 396 444 6388 389 444 6389 397 445 6390 392 1909 6391 393 446 6392 431 3 6477 426 3 6478 427 489 6479 427 489 6480 428 3 6481 429 490 6482 430 491 6483 431 3 6484 427 489 6485 432 4 6486 433 4 6487 427 4 6488 435 0 6489 432 0 6490 426 0 6491 436 2 6492 435 2 6493 434 2 6494 433 17 6495 436 17 6496 428 17 6497 433 492 6498 437 492 6499 438 493 6500 432 495 6501 439 800 6502 437 496 6503 432 498 6504 435 1920 6505 440 499 6506 436 500 6507 438 1921 6508 440 501 6509 438 3 6510 437 3 6511 439 3 6512 442 1 6513 443 1 6514 444 1 6515 446 2 6516 442 2 6517 441 2 6518 448 3 6519 446 3 6520 445 3 6521 443 4 6522 448 4 6523 447 4 6524 443 269 6525 449 1887 6526 450 270 6527 443 503 6528 442 1888 6529 451 504 6530 442 275 6531 446 1889 6532 452 276 6533 448 278 6534 450 1890 6535 452 279 6536 452 0 6537 450 0 6538 449 0 6539 454 0 6540 444 0 6541 447 0 6542 456 3 6543 457 3 6544 458 3 6545 459 4 6546 460 4 6547 458 4 6548 462 0 6549 459 0 6550 457 0 6551 464 2 6552 462 2 6553 461 2 6554 460 17 6555 464 17 6556 463 17 6557 460 506 6558 465 1922 6559 466 507 6560 460 509 6561 459 510 6562 467 510 6563 462 512 6564 468 1923 6565 467 513 6566 464 515 6567 466 515 6568 468 516 6569 466 3 6570 465 3 6571 467 3 6572 676 17 6939 677 17 6940 678 17 6941 680 2 6942 676 2 6943 675 2 6944 682 0 6945 680 0 6946 679 0 6947 677 4 6948 682 4 6949 681 4 6950 683 746 6951 684 1956 6952 682 747 6953 683 1 6954 685 1 6955 686 1 6956 685 749 6957 683 1605 6958 677 750 6959 685 752 6960 676 1957 6961 680 753 6962 686 755 6963 680 1958 6964 682 756 6965 689 1 6966 678 1 6967 681 1 6968 681 1 6969 679 1 6970 687 1 6971 688 1 6972 689 1 6973 681 1 6974 701 17 6984 696 17 6985 697 761 6986 697 761 6987 698 1959 6988 699 762 6989 700 763 6990 701 17 6991 697 761 6992 702 4 6993 703 4 6994 697 4 6995 705 3 6996 702 3 6997 696 3 6998 706 2 6999 705 2 7000 704 2 7001 697 1 7002 703 1 7003 706 1 7004 703 764 7005 707 1960 7006 708 765 7007 702 767 7008 709 1961 7009 707 768 7010 702 770 7011 705 1962 7012 710 771 7013 706 773 7014 708 1963 7015 710 774 7016 708 17 7017 707 17 7018 709 17 7019 716 1 7020 711 1 7021 715 1 7022 712 1 7023 713 1 7024 715 1 7025 715 1 7026 711 1 7027 712 1 7028 717 17 7029 718 17 7030 715 17 7031 720 2 7032 717 2 7033 714 2 7034 721 0 7035 720 0 7036 719 0 7037 718 4 7038 721 4 7039 716 4 7040 722 776 7041 723 1964 7042 721 777 7043 722 1 7044 724 1 7045 725 1 7046 724 749 7047 722 1605 7048 718 750 7049 724 753 7050 717 753 7051 720 779 7052 725 781 7053 720 1965 7054 721 782 7055 731 3 7056 726 3 7057 727 3 7058 727 3 7059 728 3 7060 729 3 7061 730 3 7062 731 3 7063 727 3 7064 732 4 7065 733 4 7066 727 4 7067 735 0 7068 732 0 7069 726 0 7070 736 2 7071 735 2 7072 734 2 7073 733 17 7074 736 17 7075 728 17 7076 733 784 7077 737 1966 7078 738 785 7079 733 787 7080 732 1967 7081 739 788 7082 735 790 7083 740 1968 7084 739 791 7085 736 516 7086 738 516 7087 740 793 7088 738 3 7089 737 3 7090 739 3 7091 754 3 7098 749 3 7099 750 794 7100 750 794 7101 751 3 7102 752 490 7103 753 491 7104 754 3 7105 750 794 7106 755 4 7107 756 4 7108 750 4 7109 758 0 7110 755 0 7111 749 0 7112 759 2 7113 758 2 7114 757 2 7115 756 17 7116 759 17 7117 751 17 7118 756 795 7119 760 1969 7120 761 796 7121 756 798 7122 755 799 7123 762 799 7124 755 801 7125 758 1970 7126 763 802 7127 759 804 7128 761 1971 7129 763 805 7130 761 806 7131 760 1972 7132 762 807 7133 769 0 7134 764 0 7135 768 0 7136 765 0 7137 766 0 7138 768 0 7139 768 0 7140 764 0 7141 765 0 7142 770 1 7143 771 1 7144 768 1 7145 773 2 7146 770 2 7147 767 2 7148 774 3 7149 773 3 7150 772 3 7151 771 4 7152 774 4 7153 769 4 7154 776 809 7155 774 1973 7156 771 810 7157 775 0 7158 777 0 7159 778 0 7160 777 812 7161 775 1974 7162 771 813 7163 777 11 7164 770 1831 7165 773 12 7166 778 814 7167 773 1975 7168 774 815 7169 932 3 7413 927 3 7414 928 950 7415 928 950 7416 929 3 7417 930 951 7418 931 952 7419 932 3 7420 928 950 7421 933 4 7422 934 4 7423 928 4 7424 936 0 7425 933 0 7426 927 0 7427 937 2 7428 936 2 7429 935 2 7430 934 17 7431 937 17 7432 929 17 7433 934 953 7434 938 1987 7435 939 954 7436 933 956 7437 940 800 7438 938 957 7439 933 959 7440 936 1988 7441 941 960 7442 937 500 7443 939 1921 7444 941 962 7445 939 3 7446 938 3 7447 940 3 7448 943 1 7449 944 1 7450 945 1 7451 947 2 7452 943 2 7453 942 2 7454 949 3 7455 947 3 7456 946 3 7457 944 4 7458 949 4 7459 948 4 7460 944 963 7461 950 1989 7462 951 964 7463 943 966 7464 952 1990 7465 950 967 7466 943 275 7467 947 1889 7468 953 276 7469 949 969 7470 951 1991 7471 953 970 7472 953 0 7473 951 0 7474 950 0 7475 955 0 7476 945 0 7477 948 0 7478 957 2 7479 958 2 7480 959 2 7481 961 0 7482 957 0 7483 956 0 7484 963 4 7485 961 4 7486 960 4 7487 958 17 7488 963 17 7489 962 17 7490 958 972 7491 964 1992 7492 965 973 7493 957 975 7494 966 1993 7495 964 976 7496 957 978 7497 961 1994 7498 967 979 7499 963 981 7500 965 1995 7501 967 982 7502 966 1 7503 967 1 7504 965 1 7505 968 1 7506 969 1 7507 970 1 7508 973 4 7509 969 4 7510 968 4 7511 975 3 7512 973 3 7513 972 3 7514 970 2 7515 975 2 7516 974 2 7517 977 983 7518 975 983 7519 970 984 7520 979 17 7521 977 17 7522 976 17 7523 979 986 7524 978 1996 7525 969 987 7526 976 989 7527 970 1997 7528 969 990 7529 977 992 7530 979 1998 7531 973 993 7532 968 17 7533 980 17 7534 981 17 7535 1099 17 7779 1100 17 7780 1101 17 7781 1103 2 7782 1099 2 7783 1098 2 7784 1105 0 7785 1103 0 7786 1102 0 7787 1100 4 7788 1105 4 7789 1104 4 7790 1106 1181 7791 1107 2044 7792 1105 1182 7793 1106 1 7794 1108 1 7795 1109 1 7796 1106 429 7797 1100 1906 7798 1099 430 7799 1108 1184 7800 1099 1184 7801 1103 1185 7802 1109 1186 7803 1103 2045 7804 1105 1187 7805 1112 1 7806 1101 1 7807 1104 1 7808 1104 1 7809 1102 1 7810 1110 1 7811 1111 1 7812 1112 1 7813 1104 1 7814 1408 1 8388 1403 1 8389 1407 1 8390 1404 1 8391 1405 1 8392 1407 1 8393 1407 1 8394 1403 1 8395 1404 1 8396 1409 17 8397 1410 17 8398 1407 17 8399 1412 2 8400 1409 2 8401 1406 2 8402 1413 0 8403 1412 0 8404 1411 0 8405 1410 4 8406 1413 4 8407 1408 4 8408 1414 1451 8409 1415 2107 8410 1413 1452 8411 1414 1 8412 1416 1 8413 1417 1 8414 1414 1453 8415 1410 2108 8416 1409 1454 8417 1416 753 8418 1409 753 8419 1412 1456 8420 1417 1187 8421 1412 1188 8422 1413 1458 8423 1563 3 8652 1564 3 8653 1565 3 8654 1566 4 8655 1567 4 8656 1565 4 8657 1569 0 8658 1566 0 8659 1564 0 8660 1571 2 8661 1569 2 8662 1568 2 8663 1567 17 8664 1571 17 8665 1570 17 8666 1567 1594 8667 1572 772 8668 1573 1595 8669 1567 1596 8670 1566 2116 8671 1574 1597 8672 1566 1598 8673 1569 1599 8674 1575 1599 8675 1571 1601 8676 1573 1601 8677 1575 1602 8678 1573 3 8679 1572 3 8680 1574 3 8681 1647 1 8811 1648 1 8812 1649 1 8813 1651 2 8814 1647 2 8815 1646 2 8816 1653 3 8817 1651 3 8818 1650 3 8819 1648 4 8820 1653 4 8821 1652 4 8822 1648 963 8823 1654 1989 8824 1655 964 8825 1647 1711 8826 1656 263 8827 1654 1712 8828 1647 275 8829 1651 1889 8830 1657 276 8831 1653 278 8832 1655 1890 8833 1657 1714 8834 1657 0 8835 1655 0 8836 1654 0 8837 1659 0 8838 1649 0 8839 1652 0 8840 1665 17 8841 1660 17 8842 1661 17 8843 1661 17 8844 1662 17 8845 1663 17 8846 1664 17 8847 1665 17 8848 1661 17 8849 1666 4 8850 1667 4 8851 1661 4 8852 1669 3 8853 1666 3 8854 1660 3 8855 1670 2 8856 1669 2 8857 1668 2 8858 1667 1 8859 1670 1 8860 1662 1 8861 1667 1715 8862 1671 1715 8863 1672 1716 8864 1666 1717 8865 1673 2139 8866 1671 1718 8867 1669 1720 8868 1674 2140 8869 1673 1721 8870 1670 773 8871 1672 1963 8872 1674 774 8873 1672 17 8874 1671 17 8875 1673 17 8876 1740 0 9000 1735 0 9001 1739 0 9002 1736 0 9003 1737 0 9004 1739 0 9005 1739 0 9006 1735 0 9007 1736 0 9008 1741 1 9009 1742 1 9010 1739 1 9011 1744 2 9012 1741 2 9013 1738 2 9014 1745 3 9015 1744 3 9016 1743 3 9017 1742 4 9018 1745 4 9019 1740 4 9020 1747 809 9021 1745 1973 9022 1742 810 9023 1746 0 9024 1748 0 9025 1749 0 9026 1748 812 9027 1746 1974 9028 1742 813 9029 1748 11 9030 1741 1831 9031 1744 12 9032 1749 1792 9033 1744 2155 9034 1745 1793 9035 1777 1 9078 1772 1 9079 1776 1 9080 1773 1 9081 1774 1 9082 1776 1 9083 1776 1 9084 1772 1 9085 1773 1 9086 1778 17 9087 1779 17 9088 1776 17 9089 1781 2 9090 1778 2 9091 1775 2 9092 1782 0 9093 1781 0 9094 1780 0 9095 1779 4 9096 1782 4 9097 1777 4 9098 1784 1809 9099 1782 2159 9100 1779 1810 9101 1783 1 9102 1785 1 9103 1786 1 9104 1785 1811 9105 1783 2160 9106 1779 1812 9107 1786 1814 9108 1785 1815 9109 1778 1815 9110 1786 1817 9111 1781 2161 9112 1782 1818 9113 1792 3 9114 1787 3 9115 1788 3 9116 1788 3 9117 1789 3 9118 1790 3 9119 1791 3 9120 1792 3 9121 1788 3 9122 1793 4 9123 1794 4 9124 1788 4 9125 1796 0 9126 1793 0 9127 1787 0 9128 1797 2 9129 1796 2 9130 1795 2 9131 1794 17 9132 1797 17 9133 1789 17 9134 1794 1820 9135 1798 2162 9136 1799 1821 9137 1793 1823 9138 1800 800 9139 1798 1824 9140 1796 1826 9141 1801 2163 9142 1800 1827 9143 1797 793 9144 1799 793 9145 1801 515 9146 1799 3 9147 1798 3 9148 1800 3 9149</p>
        </polylist>
        <polylist material="FrontColor-material" count="130">
          <input semantic="VERTEX" source="#Mesh12_Group10_Group3_Group1_Model-mesh-vertices" offset="0"/>
          <input semantic="NORMAL" source="#Mesh12_Group10_Group3_Group1_Model-mesh-normals" offset="1"/>
          <input semantic="TEXCOORD" source="#Mesh12_Group10_Group3_Group1_Model-mesh-map-0" offset="2" set="0"/>
          <vcount>3 3 3 3 3 3 3 3 3 3 3 3 3 3 3 3 3 3 3 3 3 3 3 3 3 3 3 3 3 3 3 3 3 3 3 3 3 3 3 3 3 3 3 3 3 3 3 3 3 3 3 3 3 3 3 3 3 3 3 3 3 3 3 3 3 3 3 3 3 3 3 3 3 3 3 3 3 3 3 3 3 3 3 3 3 3 3 3 3 3 3 3 3 3 3 3 3 3 3 3 3 3 3 3 3 3 3 3 3 3 3 3 3 3 3 3 3 3 3 3 3 3 3 3 3 3 3 3 3 3 </vcount>
          <p>16 1 30 18 1 31 15 1 32 19 0 33 16 0 34 15 0 35 22 3 36 19 3 37 21 3 38 17 17 39 21 17 40 18 17 41 17 18 42 23 19 43 22 20 44 16 21 45 23 19 46 17 18 47 16 21 48 24 22 49 23 19 50 24 22 51 16 21 52 25 23 53 20 24 54 25 23 55 16 21 56 25 23 57 20 24 58 26 25 59 26 25 60 20 24 61 22 20 62 26 25 63 22 20 64 23 19 65 221 281 654 223 281 655 220 281 656 1577 1 5004 1579 1 5005 1576 1 5006 1577 1603 5007 1581 1604 5008 1578 1605 5009 1580 17 5010 1583 17 5011 1581 17 5012 1585 1606 5013 1582 1607 5014 1584 1608 5015 1586 3 5016 1585 3 5017 1584 3 5018 1589 1609 5019 1586 1609 5020 1588 1610 5021 1590 0 5022 1589 0 5023 1588 0 5024 1579 1611 5025 1590 1612 5026 1576 1613 5027 1579 1614 5028 1592 1614 5029 1591 1614 5030 1592 1615 5031 1578 1616 5032 1593 1617 5033 1594 1618 5034 1592 1619 5035 1593 4 5036 1595 1620 5037 1592 1619 5038 1594 1618 5039 1592 1619 5040 1595 1620 5041 1596 1621 5042 1597 1622 5043 1596 1621 5044 1595 1620 5045 1596 1621 5046 1597 1622 5047 1598 1623 5048 1597 1624 5049 1600 1624 5050 1598 1624 5051 1597 1625 5052 1601 1625 5053 1599 1625 5054 1595 1626 5055 1601 1627 5056 1597 1627 5057 1602 1628 5058 1595 1628 5059 1603 1628 5060 1594 201 5061 1603 201 5062 1595 1629 5063 1604 1630 5064 1594 1630 5065 1605 1630 5066 1598 1631 5067 1605 1632 5068 1594 1633 5069 1594 1618 5070 1593 4 5071 1598 1623 5072 1607 1634 5073 1598 1623 5074 1593 4 5075 1596 1621 5076 1598 1623 5077 1607 1634 5078 1607 1635 5079 1587 1636 5080 1596 1636 5081 1585 1637 5082 1607 1637 5083 1583 1637 5084 1593 1638 5085 1583 1639 5086 1607 1640 5087 1593 1641 5088 1578 1641 5089 1581 1641 5090 1589 1642 5091 1596 1642 5092 1587 1642 5093 1592 1643 5094 1589 1644 5095 1591 1645 5096 1606 1646 5097 1598 1646 5098 1600 1646 5099 1606 1647 5100 1609 1648 5101 1608 1649 5102 1610 0 5103 1606 0 5104 1608 0 5105 1604 1650 5106 1610 1651 5107 1611 1652 5108 1604 3 5109 1612 3 5110 1603 3 5111 1614 1653 5112 1611 1653 5113 1613 1654 5114 1615 1655 5115 1614 1656 5116 1613 1657 5117 1614 1656 5118 1615 1655 5119 1616 1658 5120 1617 1659 5121 1616 1658 5122 1615 1655 5123 1616 1658 5124 1617 1659 5125 1618 1660 5126 1618 1660 5127 1617 1659 5128 1619 1661 5129 1619 1662 5130 1620 1663 5131 1621 1664 5132 1620 1665 5133 1617 1665 5134 1622 1665 5135 1615 1666 5136 1622 1667 5137 1617 1668 5138 1615 1669 5139 1624 1669 5140 1623 1669 5141 1625 1670 5142 1624 1671 5143 1615 1672 5144 1615 1655 5145 1613 1657 5146 1625 1673 5147 1625 1673 5148 1613 1657 5149 1619 1661 5150 1618 1660 5151 1619 1661 5152 1613 1657 5153 1613 1674 5154 1608 1675 5155 1618 1676 5156 1613 1677 5157 1611 1677 5158 1610 1677 5159 1618 1678 5160 1608 1678 5161 1609 1678 5162 1618 1679 5163 1627 1679 5164 1616 1680 5165 1599 1 5166 1609 1 5167 1600 1 5168 1628 1681 5169 1599 1682 5170 1601 1683 5171 1601 17 5172 1629 17 5173 1628 17 5174 1602 1684 5175 1612 1685 5176 1629 1686 5177 1614 1687 5178 1629 1687 5179 1612 1687 5180 1616 1688 5181 1629 1689 5182 1614 1690 5183 1628 1691 5184 1616 1691 5185 1627 1691 5186 1619 1692 5187 1631 1693 5188 1625 1694 5189 1619 1695 5190 1621 1695 5191 1630 1695 5192 1632 1696 5193 1630 1697 5194 1621 1698 5195 1632 3 5196 1620 3 5197 1634 3 5198 1620 1699 5199 1635 1700 5200 1634 1701 5201 1635 0 5202 1623 0 5203 1636 0 5204 1637 1702 5205 1623 1703 5206 1624 1704 5207 1637 1 5208 1626 1 5209 1638 1 5210 1626 1705 5211 1639 1706 5212 1638 1707 5213 1626 1708 5214 1625 1708 5215 1631 1708 5216 1633 17 5217 1631 17 5218 1630 17 5219 16 1 5664 17 1 5665 18 1 5666 19 0 5667 20 0 5668 16 0 5669 22 3 5670 20 3 5671 19 3 5672 17 17 5673 22 17 5674 21 17 5675 221 281 6090 222 1891 6091 223 281 6092 1577 1 8682 1578 1 8683 1579 1 8684 1577 1603 8685 1580 2117 8686 1581 1604 8687 1580 17 8688 1582 17 8689 1583 17 8690 1585 1606 8691 1583 1606 8692 1582 1607 8693 1586 3 8694 1587 3 8695 1585 3 8696 1589 1609 8697 1587 1610 8698 1586 1609 8699 1590 0 8700 1591 0 8701 1589 0 8702 1579 1611 8703 1591 2118 8704 1590 1612 8705 1592 1615 8706 1579 2119 8707 1578 1616 8708 1597 1624 8709 1599 1624 8710 1600 1624 8711 1595 1626 8712 1602 2120 8713 1601 1627 8714 1594 201 8715 1604 1629 8716 1603 201 8717 1598 1631 8718 1606 2121 8719 1605 1632 8720 1607 1635 8721 1585 2122 8722 1587 1636 8723 1593 1638 8724 1581 2123 8725 1583 1639 8726 1592 1643 8727 1596 2124 8728 1589 1644 8729 1606 1647 8730 1600 2125 8731 1609 1648 8732 1610 0 8733 1605 0 8734 1606 0 8735 1604 1650 8736 1605 2126 8737 1610 1651 8738 1604 3 8739 1611 3 8740 1612 3 8741 1614 1653 8742 1612 1654 8743 1611 1653 8744 1619 1662 8745 1617 1663 8746 1620 1663 8747 1615 1666 8748 1623 2127 8749 1622 1667 8750 1625 1670 8751 1626 1670 8752 1624 1671 8753 1613 1674 8754 1610 2128 8755 1608 1675 8756 1618 1679 8757 1609 1680 8758 1627 1679 8759 1599 1 8760 1627 1 8761 1609 1 8762 1628 1681 8763 1627 2129 8764 1599 1682 8765 1601 17 8766 1602 17 8767 1629 17 8768 1602 1684 8769 1603 2130 8770 1612 1685 8771 1616 1688 8772 1628 2131 8773 1629 1689 8774 1619 1692 8775 1630 2132 8776 1631 1693 8777 1632 1696 8778 1633 2133 8779 1630 1697 8780 1632 3 8781 1621 3 8782 1620 3 8783 1620 1699 8784 1622 2134 8785 1635 1700 8786 1635 0 8787 1622 0 8788 1623 0 8789 1637 1702 8790 1636 2135 8791 1623 1703 8792 1637 1 8793 1624 1 8794 1626 1 8795 1626 1705 8796 1631 2136 8797 1639 1706 8798 1633 17 8799 1639 17 8800 1631 17 8801</p>
        </polylist>
        <polylist material="FrontColor_004-material" count="724">
          <input semantic="VERTEX" source="#Mesh12_Group10_Group3_Group1_Model-mesh-vertices" offset="0"/>
          <input semantic="NORMAL" source="#Mesh12_Group10_Group3_Group1_Model-mesh-normals" offset="1"/>
          <input semantic="TEXCOORD" source="#Mesh12_Group10_Group3_Group1_Model-mesh-map-0" offset="2" set="0"/>
          <vcount>3 3 3 3 3 3 3 3 3 3 3 3 3 3 3 3 3 3 3 3 3 3 3 3 3 3 3 3 3 3 3 3 3 3 3 3 3 3 3 3 3 3 3 3 3 3 3 3 3 3 3 3 3 3 3 3 3 3 3 3 3 3 3 3 3 3 3 3 3 3 3 3 3 3 3 3 3 3 3 3 3 3 3 3 3 3 3 3 3 3 3 3 3 3 3 3 3 3 3 3 3 3 3 3 3 3 3 3 3 3 3 3 3 3 3 3 3 3 3 3 3 3 3 3 3 3 3 3 3 3 3 3 3 3 3 3 3 3 3 3 3 3 3 3 3 3 3 3 3 3 3 3 3 3 3 3 3 3 3 3 3 3 3 3 3 3 3 3 3 3 3 3 3 3 3 3 3 3 3 3 3 3 3 3 3 3 3 3 3 3 3 3 3 3 3 3 3 3 3 3 3 3 3 3 3 3 3 3 3 3 3 3 3 3 3 3 3 3 3 3 3 3 3 3 3 3 3 3 3 3 3 3 3 3 3 3 3 3 3 3 3 3 3 3 3 3 3 3 3 3 3 3 3 3 3 3 3 3 3 3 3 3 3 3 3 3 3 3 3 3 3 3 3 3 3 3 3 3 3 3 3 3 3 3 3 3 3 3 3 3 3 3 3 3 3 3 3 3 3 3 3 3 3 3 3 3 3 3 3 3 3 3 3 3 3 3 3 3 3 3 3 3 3 3 3 3 3 3 3 3 3 3 3 3 3 3 3 3 3 3 3 3 3 3 3 3 3 3 3 3 3 3 3 3 3 3 3 3 3 3 3 3 3 3 3 3 3 3 3 3 3 3 3 3 3 3 3 3 3 3 3 3 3 3 3 3 3 3 3 3 3 3 3 3 3 3 3 3 3 3 3 3 3 3 3 3 3 3 3 3 3 3 3 3 3 3 3 3 3 3 3 3 3 3 3 3 3 3 3 3 3 3 3 3 3 3 3 3 3 3 3 3 3 3 3 3 3 3 3 3 3 3 3 3 3 3 3 3 3 3 3 3 3 3 3 3 3 3 3 3 3 3 3 3 3 3 3 3 3 3 3 3 3 3 3 3 3 3 3 3 3 3 3 3 3 3 3 3 3 3 3 3 3 3 3 3 3 3 3 3 3 3 3 3 3 3 3 3 3 3 3 3 3 3 3 3 3 3 3 3 3 3 3 3 3 3 3 3 3 3 3 3 3 3 3 3 3 3 3 3 3 3 3 3 3 3 3 3 3 3 3 3 3 3 3 3 3 3 3 3 3 3 3 3 3 3 3 3 3 3 3 3 3 3 3 3 3 3 3 3 3 3 3 3 3 3 3 3 3 3 3 3 3 3 3 3 3 3 3 3 3 3 3 3 3 3 3 3 3 3 3 3 3 3 3 3 3 3 3 3 3 3 3 3 3 3 3 3 3 3 3 3 3 3 3 3 3 3 3 3 3 3 3 3 3 3 3 3 3 3 3 3 3 3 3 3 3 3 3 3 3 3 3 3 3 3 3 3 3 3 3 3 3 3 3 3 3 3 3 3 3 3 3 3 3 3 3 3 3 3 3 3 3 3 3 3 3 3 3 3 3 3 3 3 3 3 3 3 3 3 3 3 3 3 </vcount>
          <p>56 55 126 57 56 127 58 57 128 57 56 129 56 55 130 59 58 131 60 59 132 59 58 133 56 55 134 61 60 135 59 58 136 60 59 137 62 61 138 59 62 139 61 63 140 64 64 141 62 65 142 61 66 143 57 67 144 65 68 145 64 69 146 64 70 147 67 71 148 57 56 149 61 60 150 67 71 151 64 70 152 67 71 153 61 60 154 60 59 155 68 2 156 67 2 157 60 2 158 70 1 159 60 1 160 56 1 161 71 4 162 56 4 163 58 4 164 69 3 165 58 3 166 67 3 167 71 72 168 73 73 169 72 74 170 74 75 171 71 76 172 72 77 173 75 78 174 70 79 175 74 80 176 75 81 177 74 82 178 76 83 179 76 83 180 74 82 181 77 84 182 72 85 183 77 84 184 74 82 185 77 84 186 72 85 187 78 86 188 79 87 189 78 86 190 72 85 191 79 88 192 81 89 193 78 90 194 82 91 195 79 92 196 76 93 197 76 94 198 83 95 199 82 96 200 78 97 201 83 98 202 77 98 203 83 2 204 85 2 205 84 2 206 82 3 207 84 3 208 86 3 209 86 4 210 80 4 211 82 4 212 89 99 213 86 100 214 88 101 215 88 102 216 90 103 217 89 104 218 90 103 219 88 102 220 91 105 221 91 105 222 88 102 223 92 106 224 88 102 225 93 107 226 92 106 227 88 108 228 84 109 229 93 110 230 84 111 231 94 112 232 93 113 233 89 114 234 85 115 235 87 116 236 89 104 237 95 117 238 94 118 239 90 103 240 95 117 241 89 104 242 90 119 243 97 120 244 95 121 245 91 122 246 96 123 247 90 124 248 99 125 249 91 126 250 92 127 251 92 128 252 97 129 253 99 130 254 92 106 255 94 118 256 95 117 257 94 118 258 92 106 259 93 107 260 99 4 261 101 4 262 100 4 263 98 1 264 100 1 265 102 1 266 96 2 267 102 2 268 103 2 269 97 3 270 103 3 271 101 3 272 103 131 273 104 132 274 101 133 275 105 134 276 104 132 277 103 131 278 104 135 279 107 136 280 106 137 281 108 138 282 104 139 283 106 140 284 110 141 285 109 142 286 108 143 287 110 1 288 63 1 289 62 1 290 62 2 291 107 2 292 110 2 293 65 3 294 106 3 295 107 3 296 66 4 297 108 4 298 106 4 299 57 144 300 63 145 301 66 146 302 110 147 303 105 148 304 111 149 305 105 134 306 102 150 307 111 151 308 102 150 309 105 134 310 103 131 311 111 151 312 102 150 313 109 152 314 102 150 315 100 153 316 109 152 317 101 133 318 109 152 319 100 153 320 109 152 321 101 133 322 104 132 323 81 1 324 87 1 325 85 1 326 79 87 327 75 81 328 76 83 329 75 81 330 79 87 331 73 154 332 73 154 333 79 87 334 72 85 335 75 155 336 69 156 337 68 157 338 67 71 339 58 57 340 57 56 341 112 158 342 113 159 343 114 160 344 113 159 345 112 158 346 115 161 347 116 162 348 115 161 349 112 158 350 117 1 351 115 161 352 116 162 353 118 163 354 115 164 355 117 165 356 121 166 357 117 167 358 120 168 359 113 169 360 121 170 361 120 171 362 120 1 363 123 172 364 113 159 365 117 1 366 123 172 367 120 1 368 123 172 369 117 1 370 116 162 371 124 2 372 123 2 373 116 2 374 126 17 375 116 17 376 112 17 377 127 4 378 112 4 379 114 4 380 125 0 381 114 0 382 123 0 383 127 173 384 129 174 385 128 173 386 126 175 387 128 176 388 130 177 389 131 178 390 126 179 391 130 180 392 131 181 393 130 182 394 132 183 395 132 183 396 130 182 397 133 184 398 128 185 399 133 184 400 130 182 401 133 184 402 128 185 403 134 186 404 135 187 405 134 186 406 128 185 407 135 188 408 137 189 409 134 190 410 138 191 411 135 192 412 132 193 413 132 194 414 139 195 415 138 196 416 134 197 417 139 198 418 133 199 419 139 2 420 141 2 421 140 2 422 138 0 423 140 0 424 142 0 425 142 4 426 136 4 427 138 4 428 145 200 429 142 201 430 144 202 431 144 203 432 146 3 433 145 204 434 146 3 435 144 203 436 147 3 437 147 3 438 144 203 439 148 205 440 144 203 441 149 206 442 148 205 443 144 207 444 140 208 445 149 209 446 140 210 447 150 211 448 149 212 449 145 213 450 141 214 451 143 215 452 145 204 453 151 216 454 150 217 455 146 3 456 151 216 457 145 204 458 146 218 459 153 219 460 151 220 461 154 221 462 146 222 463 147 223 464 155 224 465 147 225 466 148 224 467 151 226 468 155 227 469 148 228 470 148 205 471 150 217 472 151 216 473 150 217 474 148 205 475 149 206 476 155 4 477 157 4 478 156 4 479 154 17 480 156 17 481 158 17 482 152 2 483 158 2 484 159 2 485 153 0 486 159 0 487 157 0 488 159 229 489 160 230 490 157 231 491 161 3 492 160 230 493 159 229 494 160 232 495 163 233 496 162 234 497 165 235 498 162 236 499 164 235 500 166 237 501 165 238 502 164 239 503 166 17 504 119 17 505 118 17 506 118 2 507 163 2 508 166 2 509 121 0 510 162 0 511 163 0 512 122 4 513 164 4 514 162 4 515 115 240 516 122 241 517 113 242 518 163 243 519 167 244 520 166 245 521 161 3 522 158 246 523 167 3 524 158 246 525 161 3 526 159 229 527 167 3 528 158 246 529 165 247 530 158 246 531 156 248 532 165 247 533 157 231 534 165 247 535 156 248 536 165 247 537 157 231 538 160 230 539 137 17 540 143 17 541 141 17 542 135 187 543 131 181 544 132 183 545 131 181 546 135 187 547 129 249 548 129 249 549 135 187 550 128 185 551 129 250 552 124 251 553 131 252 554 123 172 555 114 160 556 113 159 557 399 2 1275 401 2 1276 398 2 1277 402 1 1278 403 1 1279 407 1 1280 403 4 1281 409 4 1282 408 4 1283 410 17 1284 403 17 1285 408 17 1286 408 3 1287 409 3 1288 412 3 1289 409 0 1290 398 0 1291 401 0 1292 400 448 1293 415 449 1294 411 450 1295 399 451 1296 414 452 1297 400 453 1298 399 454 1299 417 455 1300 416 456 1301 417 457 1302 407 458 1303 418 459 1304 407 460 1305 419 461 1306 418 462 1307 406 463 1308 420 464 1309 419 465 1310 405 466 1311 420 467 1312 406 467 1313 405 468 1314 422 469 1315 421 470 1316 413 2 1317 404 2 1318 410 2 1319 413 471 1320 423 472 1321 422 473 1322 423 474 1323 412 475 1324 424 476 1325 411 477 1326 424 478 1327 412 479 1328 411 480 1329 415 481 1330 425 482 1331 417 483 1332 425 484 1333 415 485 1334 416 17 1335 415 17 1336 414 17 1337 419 2 1338 425 2 1339 418 2 1340 423 486 1341 419 487 1342 420 488 1343 423 0 1344 421 0 1345 422 0 1346 475 517 1443 476 518 1444 477 519 1445 476 518 1446 475 517 1447 478 520 1448 479 521 1449 478 520 1450 475 517 1451 480 1 1452 478 520 1453 479 521 1454 481 163 1455 478 164 1456 480 165 1457 483 522 1458 481 523 1459 480 524 1460 476 525 1461 484 526 1462 483 527 1463 483 1 1464 486 528 1465 476 518 1466 480 1 1467 486 528 1468 483 1 1469 486 528 1470 480 1 1471 479 521 1472 487 2 1473 486 2 1474 479 2 1475 489 17 1476 479 17 1477 475 17 1478 490 4 1479 475 4 1480 477 4 1481 488 0 1482 477 0 1483 486 0 1484 490 529 1485 492 530 1486 491 531 1487 493 532 1488 490 533 1489 491 254 1490 494 534 1491 489 535 1492 493 535 1493 494 536 1494 493 537 1495 495 538 1496 495 538 1497 493 537 1498 496 539 1499 491 185 1500 496 539 1501 493 537 1502 496 539 1503 491 185 1504 497 186 1505 498 540 1506 497 186 1507 491 185 1508 498 541 1509 500 542 1510 497 543 1511 501 544 1512 498 545 1513 495 546 1514 495 547 1515 502 548 1516 501 549 1517 497 550 1518 502 551 1519 496 552 1520 502 2 1521 504 2 1522 503 2 1523 501 0 1524 503 0 1525 505 0 1526 505 4 1527 499 4 1528 501 4 1529 508 553 1530 505 554 1531 507 554 1532 507 555 1533 509 3 1534 508 204 1535 509 3 1536 507 555 1537 510 3 1538 510 3 1539 507 555 1540 511 556 1541 507 555 1542 512 557 1543 511 556 1544 507 558 1545 503 559 1546 512 560 1547 503 561 1548 513 562 1549 512 561 1550 508 563 1551 504 564 1552 506 565 1553 508 204 1554 514 216 1555 513 566 1556 509 3 1557 514 216 1558 508 204 1559 509 567 1560 516 568 1561 514 569 1562 510 570 1563 515 571 1564 509 572 1565 518 573 1566 510 574 1567 511 575 1568 511 576 1569 516 577 1570 518 578 1571 511 556 1572 513 566 1573 514 216 1574 513 566 1575 511 556 1576 512 557 1577 518 4 1578 520 4 1579 519 4 1580 517 17 1581 519 17 1582 521 17 1583 515 2 1584 521 2 1585 522 2 1586 516 0 1587 522 0 1588 520 0 1589 522 579 1590 523 580 1591 520 581 1592 524 3 1593 523 580 1594 522 579 1595 523 582 1596 526 583 1597 525 584 1598 527 585 1599 523 586 1600 525 587 1601 529 237 1602 528 238 1603 527 239 1604 529 17 1605 482 17 1606 481 17 1607 481 2 1608 526 2 1609 529 2 1610 484 0 1611 525 0 1612 526 0 1613 485 4 1614 527 4 1615 525 4 1616 476 588 1617 482 589 1618 485 590 1619 529 591 1620 524 592 1621 530 593 1622 524 3 1623 521 594 1624 530 3 1625 521 594 1626 524 3 1627 522 579 1628 530 3 1629 521 594 1630 528 595 1631 521 594 1632 519 596 1633 528 595 1634 520 581 1635 528 595 1636 519 596 1637 528 595 1638 520 581 1639 523 580 1640 500 17 1641 506 17 1642 504 17 1643 498 540 1644 494 536 1645 495 538 1646 494 536 1647 498 540 1648 492 249 1649 492 249 1650 498 540 1651 491 185 1652 494 597 1653 488 598 1654 487 599 1655 486 528 1656 477 519 1657 476 518 1658 983 17 3060 985 17 3061 982 17 3062 987 4 3063 982 4 3064 986 4 3065 989 0 3066 986 0 3067 988 0 3068 984 2 3069 988 2 3070 985 2 3071 984 995 3072 991 996 3073 989 997 3074 990 998 3075 983 999 3076 992 999 3077 983 1000 3078 993 1001 3079 992 1002 3080 987 1003 3081 991 1004 3082 993 173 3083 994 1005 3084 993 1006 3085 991 1007 3086 995 1 3087 993 1006 3088 994 1005 3089 993 1006 3090 995 1 3091 992 1008 3092 996 1 3093 992 1008 3094 995 1 3095 992 1008 3096 996 1 3097 997 1009 3098 997 1010 3099 998 1011 3100 999 196 3101 998 1012 3102 995 1013 3103 1000 1014 3104 994 1015 3105 1000 1016 3106 995 1017 3107 994 1018 3108 999 1019 3109 1001 1020 3110 994 1005 3111 991 1007 3112 997 1009 3113 990 1021 3114 997 1009 3115 991 1007 3116 992 1008 3117 997 1009 3118 990 1021 3119 1001 4 3120 1003 4 3121 1002 4 3122 1000 17 3123 1002 17 3124 1004 17 3125 1004 2 3126 998 2 3127 1000 2 3128 1005 1022 3129 1006 1023 3130 1007 1024 3131 1004 1025 3132 1008 1026 3133 1006 1027 3134 1008 1028 3135 1003 1029 3136 1009 1030 3137 1005 1031 3138 1009 1032 3139 1003 1032 3140 1005 0 3141 999 0 3142 998 0 3143 1007 3 3144 1010 3 3145 1009 3 3146 1010 3 3147 1007 3 3148 1011 1033 3149 1006 3 3150 1011 1033 3151 1007 3 3152 1011 1033 3153 1006 3 3154 1008 1034 3155 1011 1033 3156 1008 1034 3157 1012 1035 3158 1012 1035 3159 1008 1034 3160 1013 3 3161 1009 3 3162 1013 3 3163 1008 1034 3164 1009 3 3165 1010 3 3166 1013 3 3167 1014 1036 3168 1013 1037 3169 1010 1038 3170 1015 17 3171 1017 17 3172 1016 17 3173 1019 2 3174 1016 2 3175 1018 2 3176 1021 0 3177 1018 0 3178 1020 0 3179 1014 4 3180 1020 4 3181 1017 4 3182 1014 1039 3183 1011 1040 3184 1021 1041 3185 1012 1042 3186 1021 1043 3187 1011 1044 3188 1015 1045 3189 1012 1046 3190 1013 1047 3191 1020 3 3192 1022 1048 3193 1017 3 3194 1022 1048 3195 1020 3 3196 1018 1049 3197 1022 1048 3198 1018 1049 3199 1023 1050 3200 1023 1050 3201 1018 1049 3202 1024 3 3203 1016 3 3204 1024 3 3205 1018 1049 3206 1016 3 3207 1025 3 3208 1024 3 3209 1017 3 3210 1025 3 3211 1016 3 3212 1025 3 3213 1017 3 3214 1022 1048 3215 1027 1051 3216 1022 1052 3217 1026 1053 3218 1027 4 3219 1029 4 3220 1028 4 3221 1028 17 3222 1031 17 3223 1027 17 3224 1032 1054 3225 1030 1055 3226 1028 1056 3227 1032 1057 3228 985 1058 3229 1033 1059 3230 1032 1057 3231 982 1 3232 985 1058 3233 982 1 3234 1032 1057 3235 986 1 3236 1034 1 3237 986 1 3238 1032 1057 3239 986 1 3240 1034 1 3241 988 1 3242 988 1 3243 1034 1 3244 1035 1 3245 1036 1060 3246 1034 1061 3247 1029 1062 3248 1035 1063 3249 1030 1064 3250 1033 1065 3251 1033 1059 3252 985 1058 3253 1035 1 3254 988 1 3255 1035 1 3256 985 1058 3257 1030 2 3258 1037 2 3259 1031 2 3260 1026 0 3261 1036 0 3262 1029 0 3263 1037 1066 3264 1022 1067 3265 1023 1068 3266 1031 1069 3267 1023 1070 3268 1024 1071 3269 1025 1072 3270 1031 1073 3271 1024 1074 3272 1034 1075 3273 1028 1076 3274 1029 1077 3275 1038 1078 3276 1039 1079 3277 1040 1080 3278 1039 1079 3279 1038 1078 3280 1041 1081 3281 1042 1082 3282 1041 1081 3283 1038 1078 3284 1043 1083 3285 1041 1081 3286 1042 1082 3287 1044 1084 3288 1041 1085 3289 1043 1086 3290 1046 1087 3291 1044 1088 3292 1043 1089 3293 1039 1090 3294 1047 1091 3295 1046 1092 3296 1046 1093 3297 1049 1094 3298 1039 1079 3299 1043 1083 3300 1049 1094 3301 1046 1093 3302 1049 1094 3303 1043 1083 3304 1042 1082 3305 1050 2 3306 1049 2 3307 1042 2 3308 1052 1 3309 1042 1 3310 1038 1 3311 1053 4 3312 1038 4 3313 1040 4 3314 1051 3 3315 1040 3 3316 1049 3 3317 1053 1095 3318 1055 1096 3319 1054 1097 3320 1052 1098 3321 1054 1099 3322 1056 1100 3323 1057 1101 3324 1052 1102 3325 1056 1103 3326 1057 1104 3327 1056 1105 3328 1058 1106 3329 1058 1106 3330 1056 1105 3331 1059 1107 3332 1054 1108 3333 1059 1107 3334 1056 1105 3335 1059 1107 3336 1054 1108 3337 1060 1109 3338 1061 1110 3339 1060 1109 3340 1054 1108 3341 1061 1111 3342 1063 1112 3343 1060 1113 3344 1064 1114 3345 1061 1115 3346 1058 1116 3347 1058 1117 3348 1065 1118 3349 1064 1119 3350 1060 1120 3351 1065 1121 3352 1059 1122 3353 1065 2 3354 1067 2 3355 1066 2 3356 1064 3 3357 1066 3 3358 1068 3 3359 1068 4 3360 1062 4 3361 1064 4 3362 1071 1123 3363 1068 1124 3364 1070 1125 3365 1070 1126 3366 1072 1127 3367 1071 1128 3368 1072 1127 3369 1070 1126 3370 1073 1129 3371 1073 1129 3372 1070 1126 3373 1074 1130 3374 1070 1126 3375 1075 1131 3376 1074 1130 3377 1070 1132 3378 1066 1133 3379 1075 1134 3380 1066 1135 3381 1076 1136 3382 1075 1135 3383 1071 1137 3384 1067 1138 3385 1069 1139 3386 1071 1128 3387 1077 1140 3388 1076 1141 3389 1072 1127 3390 1077 1140 3391 1071 1128 3392 1072 1142 3393 1079 1143 3394 1077 1144 3395 1080 1145 3396 1072 1146 3397 1073 1147 3398 1081 1148 3399 1073 1149 3400 1074 1150 3401 1077 1151 3402 1081 1152 3403 1074 1153 3404 1074 1130 3405 1076 1141 3406 1077 1140 3407 1076 1141 3408 1074 1130 3409 1075 1131 3410 1081 4 3411 1083 4 3412 1082 4 3413 1080 1 3414 1082 1 3415 1084 1 3416 1078 2 3417 1084 2 3418 1085 2 3419 1079 3 3420 1085 3 3421 1083 3 3422 1085 1154 3423 1086 1155 3424 1083 1156 3425 1087 1157 3426 1086 1155 3427 1085 1154 3428 1086 1158 3429 1089 1159 3430 1088 1160 3431 1090 1161 3432 1086 1162 3433 1088 1163 3434 1092 1164 3435 1091 1165 3436 1090 1166 3437 1092 1 3438 1045 1 3439 1044 1 3440 1044 2 3441 1089 2 3442 1092 2 3443 1047 3 3444 1088 3 3445 1089 3 3446 1048 4 3447 1090 4 3448 1088 4 3449 1039 1167 3450 1045 1168 3451 1048 1169 3452 1092 1170 3453 1087 1171 3454 1093 1172 3455 1087 1157 3456 1084 1173 3457 1093 1174 3458 1084 1173 3459 1087 1157 3460 1085 1154 3461 1093 1174 3462 1084 1173 3463 1091 1175 3464 1084 1173 3465 1082 1176 3466 1091 1175 3467 1083 1156 3468 1091 1175 3469 1082 1176 3470 1091 1175 3471 1083 1156 3472 1086 1155 3473 1063 1 3474 1069 1 3475 1067 1 3476 1061 1110 3477 1057 1104 3478 1058 1106 3479 1057 1104 3480 1061 1110 3481 1055 1177 3482 1055 1177 3483 1061 1110 3484 1054 1108 3485 1055 1178 3486 1050 1179 3487 1057 1180 3488 1049 1094 3489 1040 1080 3490 1039 1079 3491 1675 3 5283 1676 1723 5284 1677 3 5285 1676 1723 5286 1675 3 5287 1678 1724 5288 1679 0 5289 1678 0 5290 1675 0 5291 1681 4 5292 1675 4 5293 1677 4 5294 1683 17 5295 1677 17 5296 1682 17 5297 1680 2 5298 1682 2 5299 1678 2 5300 1680 1725 5301 1685 1726 5302 1683 1727 5303 1684 1042 5304 1679 1043 5305 1686 1044 5306 1679 1728 5307 1687 1729 5308 1686 1728 5309 1681 1730 5310 1685 1731 5311 1687 1732 5312 1688 3 5313 1687 3 5314 1685 3 5315 1689 3 5316 1687 3 5317 1688 3 5318 1687 3 5319 1689 3 5320 1686 1733 5321 1690 3 5322 1686 1733 5323 1689 3 5324 1686 1733 5325 1690 3 5326 1691 1734 5327 1692 1025 5328 1691 1026 5329 1690 1027 5330 1693 17 5331 1695 17 5332 1694 17 5333 1694 4 5334 1697 4 5335 1693 4 5336 1694 1735 5337 1699 1736 5338 1696 1737 5339 1695 1738 5340 1698 1739 5341 1694 1740 5342 1695 1741 5343 1702 1742 5344 1700 1743 5345 1692 2 5346 1701 2 5347 1695 2 5348 1692 1744 5349 1689 1745 5350 1703 1746 5351 1703 1747 5352 1688 1748 5353 1697 1749 5354 1703 0 5355 1696 0 5356 1701 0 5357 1701 1750 5358 1699 1751 5359 1702 1750 5360 1704 1752 5361 1702 1 5362 1699 1753 5363 1702 1 5364 1704 1752 5365 1700 1 5366 1705 1754 5367 1700 1 5368 1704 1752 5369 1700 1 5370 1705 1754 5371 1698 1755 5372 1698 1755 5373 1705 1754 5374 1706 1756 5375 1707 1003 5376 1706 1004 5377 1705 173 5378 1708 0 5379 1710 0 5380 1709 0 5381 1712 2 5382 1709 2 5383 1711 2 5384 1714 17 5385 1711 17 5386 1713 17 5387 1707 4 5388 1713 4 5389 1710 4 5390 1707 1757 5391 1704 1758 5392 1714 1759 5393 1715 534 5394 1714 1760 5395 1704 1761 5396 1708 1762 5397 1715 1763 5398 1706 1764 5399 1715 1765 5400 1699 1753 5401 1706 1756 5402 1704 1752 5403 1699 1753 5404 1715 1765 5405 1698 1755 5406 1706 1756 5407 1699 1753 5408 1713 1 5409 1716 1766 5410 1710 1 5411 1716 1766 5412 1713 1 5413 1711 1767 5414 1716 1766 5415 1711 1767 5416 1717 1768 5417 1717 1768 5418 1711 1767 5419 1718 1 5420 1709 1 5421 1718 1 5422 1711 1767 5423 1709 1 5424 1719 1 5425 1718 1 5426 1710 1 5427 1719 1 5428 1709 1 5429 1719 1 5430 1710 1 5431 1716 1766 5432 1719 1769 5433 1721 1770 5434 1720 1771 5435 1722 1060 5436 1719 1061 5437 1720 1062 5438 1718 1772 5439 1723 1773 5440 1717 1774 5441 1724 2 5442 1723 2 5443 1722 2 5444 1726 0 5445 1722 0 5446 1720 0 5447 1727 4 5448 1720 4 5449 1721 4 5450 1721 17 5451 1725 17 5452 1727 17 5453 1716 1775 5454 1723 1776 5455 1721 1777 5456 1728 1778 5457 1725 1779 5458 1729 1780 5459 1727 1781 5460 1676 1782 5461 1726 1783 5462 1728 3 5463 1677 3 5464 1676 1723 5465 1677 3 5466 1728 3 5467 1682 3 5468 1682 3 5469 1728 3 5470 1729 3 5471 1682 3 5472 1729 3 5473 1678 1724 5474 1730 1784 5475 1678 1724 5476 1729 3 5477 1676 1723 5478 1678 1724 5479 1730 1784 5480 1724 1066 5481 1676 1067 5482 1730 1068 5483 1725 1785 5484 1730 1786 5485 1729 1787 5486 1693 1788 5487 1688 1789 5488 1691 1790 5489 1688 3 5490 1685 3 5491 1691 1734 5492 1684 1791 5493 1691 1734 5494 1685 3 5495 1686 1733 5496 1691 1734 5497 1684 1791 5498 62 61 5742 63 1840 5743 59 62 5744 64 64 5745 65 1841 5746 62 65 5747 57 67 5748 66 1842 5749 65 68 5750 68 2 5751 69 2 5752 67 2 5753 70 1 5754 68 1 5755 60 1 5756 71 4 5757 70 4 5758 56 4 5759 69 3 5760 71 3 5761 58 3 5762 71 72 5763 69 1843 5764 73 73 5765 74 75 5766 70 1844 5767 71 76 5768 75 78 5769 68 1845 5770 70 79 5771 79 88 5772 80 1846 5773 81 89 5774 82 91 5775 80 92 5776 79 92 5777 76 94 5778 77 1847 5779 83 95 5780 78 97 5781 81 97 5782 83 98 5783 83 2 5784 81 2 5785 85 2 5786 82 3 5787 83 3 5788 84 3 5789 86 4 5790 87 4 5791 80 4 5792 89 99 5793 87 1848 5794 86 100 5795 88 108 5796 86 1849 5797 84 109 5798 84 111 5799 85 1850 5800 94 112 5801 89 114 5802 94 1851 5803 85 115 5804 90 119 5805 96 1852 5806 97 120 5807 91 122 5808 98 1853 5809 96 123 5810 99 125 5811 98 1854 5812 91 126 5813 92 128 5814 95 1855 5815 97 129 5816 99 4 5817 97 4 5818 101 4 5819 98 1 5820 99 1 5821 100 1 5822 96 2 5823 98 2 5824 102 2 5825 97 3 5826 96 3 5827 103 3 5828 104 135 5829 105 1856 5830 107 136 5831 108 138 5832 109 138 5833 104 139 5834 110 141 5835 111 1857 5836 109 142 5837 110 1 5838 108 1 5839 63 1 5840 62 2 5841 65 2 5842 107 2 5843 65 3 5844 66 3 5845 106 3 5846 66 4 5847 63 4 5848 108 4 5849 57 144 5850 59 145 5851 63 145 5852 110 147 5853 107 1858 5854 105 148 5855 81 1 5856 80 1 5857 87 1 5858 75 155 5859 73 1859 5860 69 156 5861 118 163 5862 119 1860 5863 115 164 5864 121 166 5865 118 1861 5866 117 167 5867 113 169 5868 122 1862 5869 121 170 5870 124 2 5871 125 2 5872 123 2 5873 126 17 5874 124 17 5875 116 17 5876 127 4 5877 126 4 5878 112 4 5879 125 0 5880 127 0 5881 114 0 5882 127 173 5883 125 1863 5884 129 174 5885 126 175 5886 127 1864 5887 128 176 5888 131 178 5889 124 1865 5890 126 179 5891 135 188 5892 136 1866 5893 137 189 5894 138 191 5895 136 1867 5896 135 192 5897 132 194 5898 133 1868 5899 139 195 5900 134 197 5901 137 1869 5902 139 198 5903 139 2 5904 137 2 5905 141 2 5906 138 0 5907 139 0 5908 140 0 5909 142 4 5910 143 4 5911 136 4 5912 145 200 5913 143 1870 5914 142 201 5915 144 207 5916 142 1871 5917 140 208 5918 140 210 5919 141 1872 5920 150 211 5921 145 213 5922 150 1873 5923 141 214 5924 146 218 5925 152 1874 5926 153 219 5927 154 221 5928 152 1875 5929 146 222 5930 155 224 5931 154 1876 5932 147 225 5933 151 226 5934 153 1877 5935 155 227 5936 155 4 5937 153 4 5938 157 4 5939 154 17 5940 155 17 5941 156 17 5942 152 2 5943 154 2 5944 158 2 5945 153 0 5946 152 0 5947 159 0 5948 160 232 5949 161 233 5950 163 233 5951 165 235 5952 160 1878 5953 162 236 5954 166 237 5955 167 1879 5956 165 238 5957 166 17 5958 164 17 5959 119 17 5960 118 2 5961 121 2 5962 163 2 5963 121 0 5964 122 0 5965 162 0 5966 122 4 5967 119 4 5968 164 4 5969 115 240 5970 119 240 5971 122 241 5972 163 243 5973 161 1880 5974 167 244 5975 137 17 5976 136 17 5977 143 17 5978 129 250 5979 125 1881 5980 124 251 5981 399 2 6393 400 2 6394 401 2 6395 403 1 6396 404 1 6397 406 1 6398 404 1 6399 405 1 6400 406 1 6401 399 1 6402 398 1 6403 407 1 6404 403 1 6405 406 1 6406 407 1 6407 407 1 6408 398 1 6409 402 1 6410 403 4 6411 402 4 6412 409 4 6413 410 17 6414 404 17 6415 403 17 6416 413 3 6417 410 3 6418 412 3 6419 409 3 6420 401 3 6421 411 3 6422 401 3 6423 400 3 6424 411 3 6425 412 3 6426 410 3 6427 408 3 6428 409 3 6429 411 3 6430 412 3 6431 409 0 6432 402 0 6433 398 0 6434 400 448 6435 414 1910 6436 415 449 6437 399 451 6438 416 1911 6439 414 452 6440 399 454 6441 407 1912 6442 417 455 6443 407 460 6444 406 1913 6445 419 461 6446 405 466 6447 421 1914 6448 420 467 6449 405 468 6450 413 1915 6451 422 469 6452 413 2 6453 405 2 6454 404 2 6455 413 471 6456 412 1916 6457 423 472 6458 411 477 6459 425 1917 6460 424 478 6461 417 483 6462 418 1918 6463 425 484 6464 416 17 6465 417 17 6466 415 17 6467 419 2 6468 424 2 6469 425 2 6470 423 486 6471 424 1919 6472 419 487 6473 423 0 6474 420 0 6475 421 0 6476 481 163 6579 482 1860 6580 478 164 6581 483 522 6582 484 1924 6583 481 523 6584 476 525 6585 485 1925 6586 484 526 6587 487 2 6588 488 2 6589 486 2 6590 489 17 6591 487 17 6592 479 17 6593 490 4 6594 489 4 6595 475 4 6596 488 0 6597 490 0 6598 477 0 6599 490 529 6600 488 1926 6601 492 530 6602 493 532 6603 489 1927 6604 490 533 6605 494 534 6606 487 1928 6607 489 535 6608 498 541 6609 499 1929 6610 500 542 6611 501 544 6612 499 545 6613 498 545 6614 495 547 6615 496 1930 6616 502 548 6617 497 550 6618 500 1931 6619 502 551 6620 502 2 6621 500 2 6622 504 2 6623 501 0 6624 502 0 6625 503 0 6626 505 4 6627 506 4 6628 499 4 6629 508 553 6630 506 1932 6631 505 554 6632 507 558 6633 505 1933 6634 503 559 6635 503 561 6636 504 562 6637 513 562 6638 508 563 6639 513 1934 6640 504 564 6641 509 567 6642 515 1935 6643 516 568 6644 510 570 6645 517 1936 6646 515 571 6647 518 573 6648 517 1937 6649 510 574 6650 511 576 6651 514 1938 6652 516 577 6653 518 4 6654 516 4 6655 520 4 6656 517 17 6657 518 17 6658 519 17 6659 515 2 6660 517 2 6661 521 2 6662 516 0 6663 515 0 6664 522 0 6665 523 582 6666 524 1939 6667 526 583 6668 527 585 6669 528 1940 6670 523 586 6671 529 237 6672 530 1879 6673 528 238 6674 529 17 6675 527 17 6676 482 17 6677 481 2 6678 484 2 6679 526 2 6680 484 0 6681 485 0 6682 525 0 6683 485 4 6684 482 4 6685 527 4 6686 476 588 6687 478 1941 6688 482 589 6689 529 591 6690 526 1942 6691 524 592 6692 500 17 6693 499 17 6694 506 17 6695 494 597 6696 492 1943 6697 488 598 6698 983 17 7536 984 17 7537 985 17 7538 987 4 7539 983 4 7540 982 4 7541 989 0 7542 987 0 7543 986 0 7544 984 2 7545 989 2 7546 988 2 7547 984 995 7548 990 1999 7549 991 996 7550 990 998 7551 984 2000 7552 983 999 7553 983 1000 7554 987 2001 7555 993 1001 7556 987 1003 7557 989 2002 7558 991 1004 7559 997 1010 7560 996 2003 7561 998 1011 7562 998 1012 7563 996 2004 7564 995 1013 7565 994 1015 7566 1001 1866 7567 1000 1016 7568 994 1018 7569 997 2005 7570 999 1019 7571 1001 4 7572 999 4 7573 1003 4 7574 1000 17 7575 1001 17 7576 1002 17 7577 1004 2 7578 1005 2 7579 998 2 7580 1005 1022 7581 1004 2006 7582 1006 1023 7583 1004 1025 7584 1002 2007 7585 1008 1026 7586 1008 1028 7587 1002 2008 7588 1003 1029 7589 1005 1031 7590 1007 2009 7591 1009 1032 7592 1005 0 7593 1003 0 7594 999 0 7595 1014 1036 7596 1015 2010 7597 1013 1037 7598 1015 17 7599 1014 17 7600 1017 17 7601 1019 2 7602 1015 2 7603 1016 2 7604 1021 0 7605 1019 0 7606 1018 0 7607 1014 4 7608 1021 4 7609 1020 4 7610 1014 1039 7611 1010 2011 7612 1011 1040 7613 1012 1042 7614 1019 1042 7615 1021 1043 7616 1015 1045 7617 1019 2012 7618 1012 1046 7619 1027 1051 7620 1025 2013 7621 1022 1052 7622 1027 4 7623 1026 4 7624 1029 4 7625 1028 17 7626 1030 17 7627 1031 17 7628 1032 1054 7629 1033 2014 7630 1030 1055 7631 1036 1060 7632 1035 2015 7633 1034 1061 7634 1035 1063 7635 1036 2016 7636 1030 1064 7637 1030 2 7638 1036 2 7639 1037 2 7640 1026 0 7641 1037 0 7642 1036 0 7643 1037 1066 7644 1026 2017 7645 1022 1067 7646 1031 1069 7647 1037 2018 7648 1023 1070 7649 1025 1072 7650 1027 2019 7651 1031 1073 7652 1034 1075 7653 1032 2020 7654 1028 1076 7655 1044 1084 7656 1045 2021 7657 1041 1085 7658 1046 1087 7659 1047 2022 7660 1044 1088 7661 1039 1090 7662 1048 2023 7663 1047 1091 7664 1050 2 7665 1051 2 7666 1049 2 7667 1052 1 7668 1050 1 7669 1042 1 7670 1053 4 7671 1052 4 7672 1038 4 7673 1051 3 7674 1053 3 7675 1040 3 7676 1053 1095 7677 1051 2024 7678 1055 1096 7679 1052 1098 7680 1053 2025 7681 1054 1099 7682 1057 1101 7683 1050 2026 7684 1052 1102 7685 1061 1111 7686 1062 2027 7687 1063 1112 7688 1064 1114 7689 1062 2028 7690 1061 1115 7691 1058 1117 7692 1059 2029 7693 1065 1118 7694 1060 1120 7695 1063 2030 7696 1065 1121 7697 1065 2 7698 1063 2 7699 1067 2 7700 1064 3 7701 1065 3 7702 1066 3 7703 1068 4 7704 1069 4 7705 1062 4 7706 1071 1123 7707 1069 2031 7708 1068 1124 7709 1070 1132 7710 1068 2032 7711 1066 1133 7712 1066 1135 7713 1067 2033 7714 1076 1136 7715 1071 1137 7716 1076 2034 7717 1067 1138 7718 1072 1142 7719 1078 2035 7720 1079 1143 7721 1080 1145 7722 1078 2036 7723 1072 1146 7724 1081 1148 7725 1080 2037 7726 1073 1149 7727 1077 1151 7728 1079 2038 7729 1081 1152 7730 1081 4 7731 1079 4 7732 1083 4 7733 1080 1 7734 1081 1 7735 1082 1 7736 1078 2 7737 1080 2 7738 1084 2 7739 1079 3 7740 1078 3 7741 1085 3 7742 1086 1158 7743 1087 2039 7744 1089 1159 7745 1090 1161 7746 1091 1161 7747 1086 1162 7748 1092 1164 7749 1093 2040 7750 1091 1165 7751 1092 1 7752 1090 1 7753 1045 1 7754 1044 2 7755 1047 2 7756 1089 2 7757 1047 3 7758 1048 3 7759 1088 3 7760 1048 4 7761 1045 4 7762 1090 4 7763 1039 1167 7764 1041 2041 7765 1045 1168 7766 1092 1170 7767 1089 2042 7768 1087 1171 7769 1063 1 7770 1062 1 7771 1069 1 7772 1055 1178 7773 1051 2043 7774 1050 1179 7775 1679 0 8877 1680 0 8878 1678 0 8879 1681 4 8880 1679 4 8881 1675 4 8882 1683 17 8883 1681 17 8884 1677 17 8885 1680 2 8886 1683 2 8887 1682 2 8888 1680 1725 8889 1684 2141 8890 1685 1726 8891 1684 1042 8892 1680 1042 8893 1679 1043 8894 1679 1728 8895 1681 1729 8896 1687 1729 8897 1681 1730 8898 1683 2142 8899 1685 1731 8900 1692 1025 8901 1693 2007 8902 1691 1026 8903 1693 17 8904 1692 17 8905 1695 17 8906 1694 4 8907 1696 4 8908 1697 4 8909 1694 1735 8910 1698 2143 8911 1699 1736 8912 1695 1738 8913 1700 1738 8914 1698 1739 8915 1695 1741 8916 1701 2144 8917 1702 1742 8918 1692 2 8919 1703 2 8920 1701 2 8921 1692 1744 8922 1690 2145 8923 1689 1745 8924 1703 1747 8925 1689 2146 8926 1688 1748 8927 1703 0 8928 1697 0 8929 1696 0 8930 1701 1750 8931 1696 2147 8932 1699 1751 8933 1707 1003 8934 1708 2002 8935 1706 1004 8936 1708 0 8937 1707 0 8938 1710 0 8939 1712 2 8940 1708 2 8941 1709 2 8942 1714 17 8943 1712 17 8944 1711 17 8945 1707 4 8946 1714 4 8947 1713 4 8948 1707 1757 8949 1705 193 8950 1704 1758 8951 1715 534 8952 1712 1928 8953 1714 1760 8954 1708 1762 8955 1712 2148 8956 1715 1763 8957 1719 1769 8958 1716 2149 8959 1721 1770 8960 1722 1060 8961 1718 2015 8962 1719 1061 8963 1718 1772 8964 1722 2150 8965 1723 1773 8966 1724 2 8967 1725 2 8968 1723 2 8969 1726 0 8970 1724 0 8971 1722 0 8972 1727 4 8973 1726 4 8974 1720 4 8975 1721 17 8976 1723 17 8977 1725 17 8978 1716 1775 8979 1717 2151 8980 1723 1776 8981 1728 1778 8982 1727 2152 8983 1725 1779 8984 1727 1781 8985 1728 2153 8986 1676 1782 8987 1724 1066 8988 1726 2017 8989 1676 1067 8990 1725 1785 8991 1724 2154 8992 1730 1786 8993 1693 1788 8994 1697 1789 8995 1688 1789 8996</p>
        </polylist>
        <polylist material="FrontColor_006-material" count="14">
          <input semantic="VERTEX" source="#Mesh12_Group10_Group3_Group1_Model-mesh-vertices" offset="0"/>
          <input semantic="NORMAL" source="#Mesh12_Group10_Group3_Group1_Model-mesh-normals" offset="1"/>
          <input semantic="TEXCOORD" source="#Mesh12_Group10_Group3_Group1_Model-mesh-map-0" offset="2" set="0"/>
          <vcount>3 3 3 3 3 3 3 3 3 3 3 3 3 3 </vcount>
          <p>202 17 621 204 17 622 205 17 623 470 0 1437 472 0 1438 469 0 1439 473 3 1440 471 3 1441 470 3 1442 691 758 2235 693 759 2236 694 760 2237 1641 1709 5220 1643 1 5221 1644 1710 5222 202 17 6057 203 17 6058 204 17 6059 470 0 6573 471 0 6574 472 0 6575 473 3 6576 474 3 6577 471 3 6578 695 3 6975 690 3 6976 691 758 6977 691 758 6978 692 3 6979 693 759 6980 694 760 6981 695 3 6982 691 758 6983 1645 2137 8802 1640 2138 8803 1641 1709 8804 1641 1709 8805 1642 1 8806 1643 1 8807 1644 1710 8808 1645 2137 8809 1641 1709 8810</p>
        </polylist>
        <polylist material="FrontColor_001-material" count="1048">
          <input semantic="VERTEX" source="#Mesh12_Group10_Group3_Group1_Model-mesh-vertices" offset="0"/>
          <input semantic="NORMAL" source="#Mesh12_Group10_Group3_Group1_Model-mesh-normals" offset="1"/>
          <input semantic="TEXCOORD" source="#Mesh12_Group10_Group3_Group1_Model-mesh-map-0" offset="2" set="0"/>
          <vcount>3 3 3 3 3 3 3 3 3 3 3 3 3 3 3 3 3 3 3 3 3 3 3 3 3 3 3 3 3 3 3 3 3 3 3 3 3 3 3 3 3 3 3 3 3 3 3 3 3 3 3 3 3 3 3 3 3 3 3 3 3 3 3 3 3 3 3 3 3 3 3 3 3 3 3 3 3 3 3 3 3 3 3 3 3 3 3 3 3 3 3 3 3 3 3 3 3 3 3 3 3 3 3 3 3 3 3 3 3 3 3 3 3 3 3 3 3 3 3 3 3 3 3 3 3 3 3 3 3 3 3 3 3 3 3 3 3 3 3 3 3 3 3 3 3 3 3 3 3 3 3 3 3 3 3 3 3 3 3 3 3 3 3 3 3 3 3 3 3 3 3 3 3 3 3 3 3 3 3 3 3 3 3 3 3 3 3 3 3 3 3 3 3 3 3 3 3 3 3 3 3 3 3 3 3 3 3 3 3 3 3 3 3 3 3 3 3 3 3 3 3 3 3 3 3 3 3 3 3 3 3 3 3 3 3 3 3 3 3 3 3 3 3 3 3 3 3 3 3 3 3 3 3 3 3 3 3 3 3 3 3 3 3 3 3 3 3 3 3 3 3 3 3 3 3 3 3 3 3 3 3 3 3 3 3 3 3 3 3 3 3 3 3 3 3 3 3 3 3 3 3 3 3 3 3 3 3 3 3 3 3 3 3 3 3 3 3 3 3 3 3 3 3 3 3 3 3 3 3 3 3 3 3 3 3 3 3 3 3 3 3 3 3 3 3 3 3 3 3 3 3 3 3 3 3 3 3 3 3 3 3 3 3 3 3 3 3 3 3 3 3 3 3 3 3 3 3 3 3 3 3 3 3 3 3 3 3 3 3 3 3 3 3 3 3 3 3 3 3 3 3 3 3 3 3 3 3 3 3 3 3 3 3 3 3 3 3 3 3 3 3 3 3 3 3 3 3 3 3 3 3 3 3 3 3 3 3 3 3 3 3 3 3 3 3 3 3 3 3 3 3 3 3 3 3 3 3 3 3 3 3 3 3 3 3 3 3 3 3 3 3 3 3 3 3 3 3 3 3 3 3 3 3 3 3 3 3 3 3 3 3 3 3 3 3 3 3 3 3 3 3 3 3 3 3 3 3 3 3 3 3 3 3 3 3 3 3 3 3 3 3 3 3 3 3 3 3 3 3 3 3 3 3 3 3 3 3 3 3 3 3 3 3 3 3 3 3 3 3 3 3 3 3 3 3 3 3 3 3 3 3 3 3 3 3 3 3 3 3 3 3 3 3 3 3 3 3 3 3 3 3 3 3 3 3 3 3 3 3 3 3 3 3 3 3 3 3 3 3 3 3 3 3 3 3 3 3 3 3 3 3 3 3 3 3 3 3 3 3 3 3 3 3 3 3 3 3 3 3 3 3 3 3 3 3 3 3 3 3 3 3 3 3 3 3 3 3 3 3 3 3 3 3 3 3 3 3 3 3 3 3 3 3 3 3 3 3 3 3 3 3 3 3 3 3 3 3 3 3 3 3 3 3 3 3 3 3 3 3 3 3 3 3 3 3 3 3 3 3 3 3 3 3 3 3 3 3 3 3 3 3 3 3 3 3 3 3 3 3 3 3 3 3 3 3 3 3 3 3 3 3 3 3 3 3 3 3 3 3 3 3 3 3 3 3 3 3 3 3 3 3 3 3 3 3 3 3 3 3 3 3 3 3 3 3 3 3 3 3 3 3 3 3 3 3 3 3 3 3 3 3 3 3 3 3 3 3 3 3 3 3 3 3 3 3 3 3 3 3 3 3 3 3 3 3 3 3 3 3 3 3 3 3 3 3 3 3 3 3 3 3 3 3 3 3 3 3 3 3 3 3 3 3 3 3 3 3 3 3 3 3 3 3 3 3 3 3 3 3 3 3 3 3 3 3 3 3 3 3 3 3 3 3 3 3 3 3 3 3 3 3 3 3 3 3 3 3 3 3 3 3 3 3 3 3 3 3 3 3 3 3 3 3 3 3 3 3 3 3 3 3 3 3 3 3 3 3 3 3 3 3 3 3 3 3 3 3 3 3 3 3 3 3 3 3 3 3 3 3 3 3 3 3 3 3 3 3 3 3 3 3 3 3 3 3 3 3 3 3 3 3 3 3 3 3 3 3 3 3 3 3 3 3 3 3 3 3 3 3 3 3 3 3 3 3 3 3 3 3 3 3 3 3 3 3 3 3 3 3 3 3 3 3 3 3 3 3 3 3 3 3 3 3 3 3 3 3 3 3 3 3 3 3 3 3 3 3 3 3 3 3 3 3 3 3 3 3 3 3 3 3 3 3 3 3 3 3 3 3 3 3 3 3 3 3 3 3 3 </vcount>
          <p>231 282 657 239 283 658 247 284 659 248 285 660 225 286 661 224 287 662 250 288 663 224 287 664 247 289 665 251 290 666 247 289 667 246 291 668 252 292 669 246 291 670 245 293 671 253 294 672 245 293 673 244 295 674 254 296 675 244 295 676 243 297 677 255 298 678 243 297 679 242 299 680 256 300 681 242 299 682 241 301 683 257 302 684 241 301 685 240 303 686 258 304 687 240 303 688 239 305 689 259 306 690 239 305 691 238 307 692 260 308 693 238 307 694 237 309 695 261 310 696 237 309 697 236 311 698 262 312 699 236 311 700 235 313 701 263 314 702 235 313 703 234 315 704 264 316 705 234 315 706 233 317 707 265 318 708 233 317 709 232 319 710 266 320 711 232 319 712 231 321 713 267 322 714 231 321 715 230 323 716 268 324 717 230 323 718 229 325 719 269 326 720 229 325 721 228 327 722 270 328 723 228 327 724 227 329 725 271 330 726 227 329 727 226 331 728 249 332 729 226 331 730 225 286 731 271 330 732 249 332 733 272 333 734 249 332 735 273 334 736 272 333 737 248 285 738 274 335 739 273 334 740 250 288 741 275 336 742 274 335 743 252 292 744 275 336 745 251 290 746 252 292 747 276 337 748 275 336 749 253 294 750 276 337 751 252 292 752 253 294 753 277 338 754 276 337 755 253 294 756 278 339 757 277 338 758 253 294 759 254 296 760 278 339 761 254 296 762 279 340 763 278 339 764 254 296 765 255 298 766 279 340 767 255 298 768 280 341 769 279 340 770 255 298 771 256 300 772 280 341 773 257 302 774 280 341 775 256 300 776 257 302 777 281 342 778 280 341 779 258 304 780 281 342 781 257 302 782 258 304 783 282 343 784 281 342 785 258 304 786 283 344 787 282 343 788 258 304 789 259 306 790 283 344 791 259 306 792 284 345 793 283 344 794 259 306 795 260 308 796 284 345 797 261 310 798 284 345 799 260 308 800 261 310 801 285 346 802 284 345 803 262 312 804 285 346 805 261 310 806 262 312 807 286 347 808 285 346 809 263 314 810 286 347 811 262 312 812 263 314 813 287 348 814 286 347 815 263 314 816 288 349 817 287 348 818 263 314 819 264 316 820 288 349 821 264 316 822 289 350 823 288 349 824 264 316 825 265 318 826 289 350 827 266 320 828 289 350 829 265 318 830 266 320 831 290 351 832 289 350 833 267 322 834 290 351 835 266 320 836 267 322 837 291 352 838 290 351 839 268 324 840 291 352 841 267 322 842 269 326 843 292 353 844 268 324 845 269 326 846 293 354 847 292 353 848 269 326 849 294 355 850 293 354 851 269 326 852 270 328 853 294 355 854 271 330 855 294 355 856 270 328 857 271 330 858 295 356 859 294 355 860 271 330 861 272 333 862 295 356 863 272 333 864 296 357 865 295 356 866 272 333 867 297 358 868 296 357 869 273 334 870 297 358 871 272 333 872 298 359 873 297 358 874 273 334 875 299 360 876 297 358 877 298 359 878 299 360 879 300 361 880 297 358 881 300 361 882 299 360 883 301 362 884 302 363 885 301 362 886 299 360 887 304 364 888 299 360 889 298 359 890 305 365 891 304 364 892 298 359 893 304 364 894 307 366 895 306 367 896 302 363 897 306 367 898 308 368 899 303 369 900 308 368 901 309 370 902 311 371 903 309 370 904 310 372 905 313 373 906 310 372 907 312 374 908 315 375 909 312 374 910 314 45 911 317 376 912 314 45 913 316 377 914 319 378 915 316 377 916 318 379 917 321 380 918 318 379 919 320 381 920 323 382 921 320 381 922 322 383 923 325 384 924 322 383 925 324 385 926 327 386 927 324 385 928 326 387 929 329 388 930 326 387 931 328 389 932 331 390 933 328 389 934 330 391 935 333 392 936 330 391 937 332 393 938 335 394 939 332 393 940 334 395 941 337 396 942 334 395 943 336 397 944 339 398 945 336 397 946 338 399 947 341 400 948 338 399 949 340 401 950 343 402 951 340 401 952 342 403 953 345 404 954 342 403 955 344 405 956 347 406 957 344 405 958 346 407 959 349 408 960 346 407 961 348 409 962 305 365 963 348 409 964 307 366 965 349 408 966 305 365 967 350 410 968 305 365 969 298 359 970 350 410 971 298 359 972 274 335 973 350 410 974 274 335 975 298 359 976 273 334 977 350 410 978 274 335 979 275 336 980 350 410 981 275 336 982 276 337 983 350 410 984 276 337 985 351 411 986 351 411 987 276 337 988 277 338 989 351 411 990 277 338 991 352 412 992 352 412 993 277 338 994 278 339 995 352 412 996 278 339 997 353 413 998 353 413 999 278 339 1000 279 340 1001 353 413 1002 279 340 1003 280 341 1004 353 413 1005 280 341 1006 354 414 1007 354 414 1008 280 341 1009 281 342 1010 354 414 1011 281 342 1012 355 415 1013 355 415 1014 281 342 1015 282 343 1016 355 415 1017 282 343 1018 356 416 1019 356 416 1020 282 343 1021 283 344 1022 356 416 1023 283 344 1024 357 417 1025 357 417 1026 283 344 1027 284 345 1028 357 417 1029 284 345 1030 285 346 1031 357 417 1032 285 346 1033 358 418 1034 286 347 1035 358 418 1036 285 346 1037 287 348 1038 358 418 1039 286 347 1040 287 348 1041 359 419 1042 358 418 1043 288 349 1044 359 419 1045 287 348 1046 288 349 1047 360 420 1048 359 419 1049 289 350 1050 360 420 1051 288 349 1052 289 350 1053 361 421 1054 360 420 1055 290 351 1056 361 421 1057 289 350 1058 291 352 1059 361 421 1060 290 351 1061 291 352 1062 362 422 1063 361 421 1064 292 353 1065 362 422 1066 291 352 1067 292 353 1068 363 423 1069 362 422 1070 293 354 1071 363 423 1072 292 353 1073 293 354 1074 364 424 1075 363 423 1076 294 355 1077 364 424 1078 293 354 1079 294 355 1080 296 357 1081 364 424 1082 295 356 1083 296 357 1084 294 355 1085 315 375 1086 364 424 1087 296 357 1088 315 375 1089 317 376 1090 364 424 1091 317 376 1092 363 423 1093 364 424 1094 317 376 1095 319 378 1096 363 423 1097 319 378 1098 362 422 1099 363 423 1100 319 378 1101 321 380 1102 362 422 1103 323 382 1104 362 422 1105 321 380 1106 323 382 1107 361 421 1108 362 422 1109 325 384 1110 361 421 1111 323 382 1112 325 384 1113 360 420 1114 361 421 1115 327 386 1116 360 420 1117 325 384 1118 327 386 1119 359 419 1120 360 420 1121 329 388 1122 359 419 1123 327 386 1124 331 390 1125 358 418 1126 329 388 1127 331 390 1128 365 425 1129 358 418 1130 331 390 1131 366 426 1132 365 425 1133 331 390 1134 333 392 1135 366 426 1136 335 394 1137 366 426 1138 333 392 1139 335 394 1140 367 427 1141 366 426 1142 335 394 1143 357 417 1144 367 427 1145 335 394 1146 337 396 1147 357 417 1148 337 396 1149 356 416 1150 357 417 1151 337 396 1152 339 398 1153 356 416 1154 341 400 1155 356 416 1156 339 398 1157 341 400 1158 355 415 1159 356 416 1160 343 402 1161 355 415 1162 341 400 1163 343 402 1164 354 414 1165 355 415 1166 343 402 1167 353 413 1168 354 414 1169 343 402 1170 345 404 1171 353 413 1172 347 406 1173 353 413 1174 345 404 1175 347 406 1176 352 412 1177 353 413 1178 347 406 1179 351 411 1180 352 412 1181 347 406 1182 349 408 1183 351 411 1184 349 408 1185 350 410 1186 351 411 1187 357 417 1188 365 425 1189 367 427 1190 357 417 1191 358 418 1192 365 425 1193 367 427 1194 365 425 1195 366 426 1196 313 373 1197 315 375 1198 296 357 1199 313 373 1200 296 357 1201 297 358 1202 313 373 1203 297 358 1204 300 361 1205 313 373 1206 300 361 1207 311 371 1208 311 371 1209 300 361 1210 301 362 1211 311 371 1212 301 362 1213 303 369 1214 540 600 1659 550 601 1660 554 602 1661 555 603 1662 532 604 1663 531 605 1664 557 606 1665 531 605 1666 554 607 1667 558 608 1668 554 607 1669 553 609 1670 559 610 1671 553 609 1672 552 611 1673 560 612 1674 552 611 1675 551 613 1676 561 614 1677 551 613 1678 550 615 1679 562 616 1680 550 615 1681 549 617 1682 563 618 1683 549 617 1684 548 619 1685 564 620 1686 548 619 1687 547 621 1688 565 622 1689 547 621 1690 546 623 1691 566 624 1692 546 623 1693 545 625 1694 567 626 1695 545 625 1696 544 627 1697 568 628 1698 544 627 1699 543 629 1700 569 630 1701 543 629 1702 542 631 1703 570 632 1704 542 631 1705 541 633 1706 571 634 1707 541 633 1708 540 635 1709 572 636 1710 540 635 1711 539 637 1712 573 638 1713 539 637 1714 538 639 1715 574 640 1716 538 639 1717 537 641 1718 575 642 1719 537 641 1720 536 643 1721 576 644 1722 536 643 1723 535 645 1724 577 646 1725 535 645 1726 534 647 1727 578 648 1728 534 647 1729 533 649 1730 556 650 1731 533 649 1732 532 604 1733 556 650 1734 579 651 1735 578 648 1736 556 650 1737 580 652 1738 579 651 1739 555 603 1740 580 652 1741 556 650 1742 555 603 1743 581 653 1744 580 652 1745 557 606 1746 581 653 1747 555 603 1748 558 608 1749 582 654 1750 557 606 1751 558 608 1752 584 655 1753 583 656 1754 558 608 1755 559 610 1756 584 655 1757 559 610 1758 585 657 1759 584 655 1760 559 610 1761 560 612 1762 585 657 1763 561 614 1764 585 657 1765 560 612 1766 561 614 1767 586 658 1768 585 657 1769 562 616 1770 586 658 1771 561 614 1772 562 616 1773 587 659 1774 586 658 1775 562 616 1776 588 660 1777 587 659 1778 562 616 1779 563 618 1780 588 660 1781 563 618 1782 589 661 1783 588 660 1784 563 618 1785 564 620 1786 589 661 1787 565 622 1788 589 661 1789 564 620 1790 565 622 1791 590 662 1792 589 661 1793 566 624 1794 590 662 1795 565 622 1796 566 624 1797 591 663 1798 590 662 1799 566 624 1800 592 664 1801 591 663 1802 566 624 1803 567 626 1804 592 664 1805 567 626 1806 593 665 1807 592 664 1808 568 628 1809 594 666 1810 593 665 1811 569 630 1812 595 667 1813 594 666 1814 570 632 1815 596 668 1816 595 667 1817 571 634 1818 597 669 1819 596 668 1820 571 634 1821 572 636 1822 597 669 1823 572 636 1824 598 670 1825 597 669 1826 572 636 1827 573 638 1828 598 670 1829 574 640 1830 598 670 1831 573 638 1832 574 640 1833 599 671 1834 598 670 1835 574 640 1836 600 672 1837 599 671 1838 574 640 1839 575 642 1840 600 672 1841 576 644 1842 600 672 1843 575 642 1844 576 644 1845 601 673 1846 600 672 1847 577 646 1848 601 673 1849 576 644 1850 577 646 1851 602 674 1852 601 673 1853 578 648 1854 602 674 1855 577 646 1856 578 648 1857 579 651 1858 602 674 1859 579 651 1860 603 675 1861 602 674 1862 580 652 1863 603 675 1864 579 651 1865 580 652 1866 604 676 1867 603 675 1868 581 653 1869 604 676 1870 580 652 1871 605 677 1872 604 676 1873 581 653 1874 606 678 1875 604 676 1876 605 677 1877 606 678 1878 607 679 1879 604 676 1880 607 679 1881 606 678 1882 608 680 1883 609 681 1884 608 680 1885 606 678 1886 609 681 1887 610 682 1888 608 680 1889 610 682 1890 612 683 1891 611 684 1892 614 685 1893 611 684 1894 613 686 1895 616 687 1896 613 686 1897 615 688 1898 618 689 1899 615 688 1900 617 690 1901 620 691 1902 617 690 1903 619 692 1904 622 693 1905 619 692 1906 621 694 1907 624 695 1908 621 694 1909 623 696 1910 626 697 1911 623 696 1912 625 698 1913 628 699 1914 625 698 1915 627 700 1916 630 701 1917 627 700 1918 629 702 1919 632 703 1920 629 702 1921 631 389 1922 634 704 1923 631 389 1924 633 705 1925 636 706 1926 633 705 1927 635 707 1928 638 708 1929 635 707 1930 637 709 1931 640 710 1932 637 709 1933 639 711 1934 642 712 1935 639 711 1936 641 713 1937 644 714 1938 641 713 1939 643 715 1940 646 716 1941 643 715 1942 645 717 1943 648 718 1944 645 717 1945 647 719 1946 650 720 1947 647 719 1948 649 721 1949 652 722 1950 649 721 1951 651 723 1952 654 724 1953 651 723 1954 653 725 1955 656 726 1956 653 725 1957 655 727 1958 609 681 1959 655 727 1960 612 683 1961 656 726 1962 606 678 1963 605 677 1964 656 726 1965 605 677 1966 657 728 1967 605 677 1968 582 654 1969 657 728 1970 582 654 1971 605 677 1972 581 653 1973 657 728 1974 582 654 1975 583 656 1976 657 728 1977 583 656 1978 584 655 1979 657 728 1980 584 655 1981 658 729 1982 658 729 1983 584 655 1984 585 657 1985 658 729 1986 585 657 1987 659 730 1988 659 730 1989 585 657 1990 586 658 1991 659 730 1992 586 658 1993 660 731 1994 660 731 1995 586 658 1996 587 659 1997 660 731 1998 587 659 1999 588 660 2000 660 731 2001 588 660 2002 661 732 2003 661 732 2004 588 660 2005 589 661 2006 661 732 2007 589 661 2008 662 733 2009 662 733 2010 589 661 2011 590 662 2012 662 733 2013 590 662 2014 663 734 2015 663 734 2016 590 662 2017 591 663 2018 663 734 2019 591 663 2020 664 735 2021 664 735 2022 591 663 2023 592 664 2024 664 735 2025 592 664 2026 593 665 2027 664 735 2028 593 665 2029 665 736 2030 594 666 2031 665 736 2032 593 665 2033 595 667 2034 665 736 2035 594 666 2036 595 667 2037 666 737 2038 665 736 2039 596 668 2040 666 737 2041 595 667 2042 596 668 2043 667 738 2044 666 737 2045 597 669 2046 667 738 2047 596 668 2048 597 669 2049 668 739 2050 667 738 2051 598 670 2052 668 739 2053 597 669 2054 599 671 2055 668 739 2056 598 670 2057 599 671 2058 669 740 2059 668 739 2060 600 672 2061 669 740 2062 599 671 2063 600 672 2064 670 741 2065 669 740 2066 601 673 2067 670 741 2068 600 672 2069 601 673 2070 671 742 2071 670 741 2072 602 674 2073 671 742 2074 601 673 2075 602 674 2076 603 675 2077 671 742 2078 618 689 2079 671 742 2080 603 675 2081 618 689 2082 620 691 2083 671 742 2084 622 693 2085 671 742 2086 620 691 2087 622 693 2088 670 741 2089 671 742 2090 624 695 2091 670 741 2092 622 693 2093 624 695 2094 669 740 2095 670 741 2096 626 697 2097 669 740 2098 624 695 2099 626 697 2100 668 739 2101 669 740 2102 626 697 2103 667 738 2104 668 739 2105 626 697 2106 628 699 2107 667 738 2108 628 699 2109 666 737 2110 667 738 2111 628 699 2112 630 701 2113 666 737 2114 630 701 2115 665 736 2116 666 737 2117 630 701 2118 632 703 2119 665 736 2120 632 703 2121 672 743 2122 665 736 2123 634 704 2124 673 744 2125 672 743 2126 638 708 2127 673 744 2128 636 706 2129 638 708 2130 674 745 2131 673 744 2132 640 710 2133 674 745 2134 638 708 2135 640 710 2136 664 735 2137 674 745 2138 642 712 2139 664 735 2140 640 710 2141 642 712 2142 663 734 2143 664 735 2144 644 714 2145 663 734 2146 642 712 2147 644 714 2148 662 733 2149 663 734 2150 644 714 2151 661 732 2152 662 733 2153 644 714 2154 646 716 2155 661 732 2156 646 716 2157 660 731 2158 661 732 2159 646 716 2160 648 718 2161 660 731 2162 648 718 2163 659 730 2164 660 731 2165 652 722 2166 659 730 2167 650 720 2168 652 722 2169 658 729 2170 659 730 2171 654 724 2172 658 729 2173 652 722 2174 656 726 2175 657 728 2176 654 724 2177 664 735 2178 672 743 2179 674 745 2180 664 735 2181 665 736 2182 672 743 2183 674 745 2184 672 743 2185 673 744 2186 618 689 2187 603 675 2188 604 676 2189 618 689 2190 604 676 2191 616 687 2192 616 687 2193 604 676 2194 607 679 2195 616 687 2196 607 679 2197 614 685 2198 614 685 2199 607 679 2200 608 680 2201 614 685 2202 608 680 2203 610 682 2204 790 817 2397 798 818 2398 806 819 2399 807 820 2400 784 821 2401 783 822 2402 809 823 2403 783 822 2404 806 824 2405 810 825 2406 806 824 2407 805 826 2408 811 827 2409 805 826 2410 804 828 2411 812 829 2412 804 828 2413 803 830 2414 813 831 2415 803 830 2416 802 832 2417 814 833 2418 802 832 2419 801 834 2420 815 835 2421 801 834 2422 800 836 2423 816 837 2424 800 836 2425 799 303 2426 817 838 2427 799 303 2428 798 305 2429 818 839 2430 798 305 2431 797 307 2432 819 840 2433 797 307 2434 796 841 2435 820 842 2436 796 841 2437 795 843 2438 821 844 2439 795 843 2440 794 845 2441 822 846 2442 794 845 2443 793 315 2444 823 847 2445 793 315 2446 792 848 2447 824 849 2448 792 848 2449 791 319 2450 825 850 2451 791 319 2452 790 851 2453 826 852 2454 790 851 2455 789 853 2456 827 854 2457 789 853 2458 788 855 2459 828 856 2460 788 855 2461 787 857 2462 829 858 2463 787 857 2464 786 859 2465 830 860 2466 786 859 2467 785 861 2468 808 862 2469 785 861 2470 784 821 2471 830 860 2472 832 863 2473 831 864 2474 830 860 2475 831 864 2476 833 865 2477 831 864 2478 834 866 2479 833 865 2480 832 863 2481 834 866 2482 831 864 2483 832 863 2484 835 867 2485 834 866 2486 836 868 2487 835 867 2488 832 863 2489 837 869 2490 835 867 2491 836 868 2492 838 870 2493 835 867 2494 837 869 2495 838 870 2496 839 871 2497 835 867 2498 839 871 2499 838 870 2500 840 872 2501 841 873 2502 840 872 2503 838 870 2504 841 873 2505 842 874 2506 840 872 2507 842 874 2508 844 875 2509 843 876 2510 846 877 2511 843 876 2512 845 878 2513 848 879 2514 845 878 2515 847 688 2516 850 880 2517 847 688 2518 849 881 2519 852 882 2520 849 881 2521 851 883 2522 854 884 2523 851 883 2524 853 885 2525 856 886 2526 853 885 2527 855 887 2528 858 888 2529 855 887 2530 857 383 2531 860 889 2532 857 383 2533 859 385 2534 862 890 2535 859 385 2536 861 702 2537 864 891 2538 861 702 2539 863 389 2540 866 892 2541 863 389 2542 865 893 2543 868 894 2544 865 893 2545 867 895 2546 870 896 2547 867 895 2548 869 395 2549 872 897 2550 869 395 2551 871 711 2552 874 898 2553 871 711 2554 873 399 2555 876 899 2556 873 399 2557 875 401 2558 878 900 2559 875 401 2560 877 901 2561 880 902 2562 877 901 2563 879 903 2564 882 904 2565 879 903 2566 881 905 2567 884 906 2568 881 905 2569 883 907 2570 886 908 2571 883 907 2572 885 909 2573 888 910 2574 885 909 2575 887 911 2576 841 873 2577 887 911 2578 844 875 2579 888 910 2580 841 873 2581 838 870 2582 888 910 2583 838 870 2584 837 869 2585 886 908 2586 888 910 2587 837 869 2588 886 908 2589 837 869 2590 889 912 2591 837 869 2592 890 913 2593 889 912 2594 890 913 2595 837 869 2596 836 868 2597 807 820 2598 890 913 2599 836 868 2600 807 820 2601 809 823 2602 890 913 2603 809 823 2604 891 914 2605 890 913 2606 809 823 2607 810 825 2608 891 914 2609 810 825 2610 892 915 2611 891 914 2612 810 825 2613 811 827 2614 892 915 2615 811 827 2616 893 916 2617 892 915 2618 811 827 2619 812 829 2620 893 916 2621 812 829 2622 894 917 2623 893 916 2624 812 829 2625 813 831 2626 894 917 2627 814 833 2628 894 917 2629 813 831 2630 814 833 2631 895 918 2632 894 917 2633 814 833 2634 896 919 2635 895 918 2636 814 833 2637 815 835 2638 896 919 2639 816 837 2640 896 919 2641 815 835 2642 816 837 2643 897 920 2644 896 919 2645 817 838 2646 897 920 2647 816 837 2648 817 838 2649 898 921 2650 897 920 2651 818 839 2652 898 921 2653 817 838 2654 819 840 2655 899 922 2656 818 839 2657 820 842 2658 900 923 2659 819 840 2660 821 844 2661 901 924 2662 820 842 2663 822 846 2664 902 925 2665 821 844 2666 822 846 2667 903 926 2668 902 925 2669 822 846 2670 904 927 2671 903 926 2672 822 846 2673 823 847 2674 904 927 2675 823 847 2676 905 928 2677 904 927 2678 823 847 2679 824 849 2680 905 928 2681 825 850 2682 905 928 2683 824 849 2684 825 850 2685 906 929 2686 905 928 2687 826 852 2688 906 929 2689 825 850 2690 826 852 2691 907 930 2692 906 929 2693 826 852 2694 908 931 2695 907 930 2696 826 852 2697 827 854 2698 908 931 2699 827 854 2700 909 932 2701 908 931 2702 827 854 2703 828 856 2704 909 932 2705 829 858 2706 909 932 2707 828 856 2708 829 858 2709 833 865 2710 909 932 2711 830 860 2712 833 865 2713 829 858 2714 833 865 2715 910 933 2716 909 932 2717 833 865 2718 834 866 2719 910 933 2720 850 880 2721 910 933 2722 834 866 2723 848 879 2724 850 880 2725 834 866 2726 848 879 2727 834 866 2728 835 867 2729 848 879 2730 839 871 2731 846 877 2732 846 877 2733 839 871 2734 840 872 2735 846 877 2736 840 872 2737 842 874 2738 852 882 2739 911 934 2740 910 933 2741 852 882 2742 854 884 2743 911 934 2744 856 886 2745 911 934 2746 854 884 2747 858 888 2748 912 935 2749 856 886 2750 858 888 2751 913 936 2752 912 935 2753 860 889 2754 913 936 2755 858 888 2756 860 889 2757 914 937 2758 913 936 2759 860 889 2760 915 938 2761 914 937 2762 860 889 2763 862 890 2764 915 938 2765 862 890 2766 916 939 2767 915 938 2768 862 890 2769 864 891 2770 916 939 2771 864 891 2772 917 940 2773 916 939 2774 864 891 2775 866 892 2776 917 940 2777 866 892 2778 918 941 2779 917 940 2780 866 892 2781 868 894 2782 918 941 2783 870 896 2784 918 941 2785 868 894 2786 872 897 2787 919 942 2788 870 896 2789 874 898 2790 920 943 2791 872 897 2792 874 898 2793 921 944 2794 920 943 2795 876 899 2796 921 944 2797 874 898 2798 876 899 2799 922 945 2800 921 944 2801 878 900 2802 922 945 2803 876 899 2804 878 900 2805 923 946 2806 922 945 2807 878 900 2808 924 947 2809 923 946 2810 878 900 2811 880 902 2812 924 947 2813 880 902 2814 925 948 2815 924 947 2816 880 902 2817 882 904 2818 925 948 2819 882 904 2820 926 949 2821 925 948 2822 882 904 2823 884 906 2824 926 949 2825 886 908 2826 926 949 2827 884 906 2828 886 908 2829 889 912 2830 926 949 2831 889 912 2832 892 915 2833 926 949 2834 889 912 2835 891 914 2836 892 915 2837 889 912 2838 890 913 2839 891 914 2840 926 949 2841 892 915 2842 893 916 2843 926 949 2844 893 916 2845 925 948 2846 925 948 2847 893 916 2848 894 917 2849 925 948 2850 894 917 2851 924 947 2852 924 947 2853 894 917 2854 895 918 2855 924 947 2856 895 918 2857 896 919 2858 924 947 2859 896 919 2860 923 946 2861 923 946 2862 896 919 2863 897 920 2864 923 946 2865 897 920 2866 922 945 2867 922 945 2868 897 920 2869 898 921 2870 922 945 2871 898 921 2872 921 944 2873 921 944 2874 898 921 2875 899 922 2876 921 944 2877 899 922 2878 920 943 2879 920 943 2880 899 922 2881 900 923 2882 920 943 2883 900 923 2884 901 924 2885 920 943 2886 901 924 2887 916 939 2888 902 925 2889 916 939 2890 901 924 2891 903 926 2892 916 939 2893 902 925 2894 903 926 2895 915 938 2896 916 939 2897 904 927 2898 915 938 2899 903 926 2900 904 927 2901 914 937 2902 915 938 2903 905 928 2904 914 937 2905 904 927 2906 905 928 2907 913 936 2908 914 937 2909 906 929 2910 913 936 2911 905 928 2912 907 930 2913 913 936 2914 906 929 2915 907 930 2916 912 935 2917 913 936 2918 908 931 2919 912 935 2920 907 930 2921 908 931 2922 911 934 2923 912 935 2924 909 932 2925 911 934 2926 908 931 2927 909 932 2928 910 933 2929 911 934 2930 920 943 2931 916 939 2932 917 940 2933 920 943 2934 917 940 2935 919 942 2936 919 942 2937 917 940 2938 918 941 2939 808 862 2940 836 868 2941 832 863 2942 1419 1460 4416 1421 715 4417 1418 1461 4418 1423 1462 4419 1418 1461 4420 1422 1463 4421 1425 1464 4422 1422 1463 4423 1424 1465 4424 1427 1466 4425 1424 1465 4426 1426 1467 4427 1429 1468 4428 1426 1467 4429 1428 1469 4430 1431 1470 4431 1428 1469 4432 1430 367 4433 1433 1471 4434 1430 367 4435 1432 1472 4436 1435 1473 4437 1432 1472 4438 1434 1474 4439 1437 1475 4440 1434 1474 4441 1436 372 4442 1439 1476 4443 1436 372 4444 1438 374 4445 1441 1477 4446 1438 374 4447 1440 1478 4448 1443 1479 4449 1440 1478 4450 1442 1480 4451 1445 1481 4452 1442 1480 4453 1444 1482 4454 1447 1483 4455 1444 1482 4456 1446 1484 4457 1449 1485 4458 1446 1484 4459 1448 698 4460 1451 1486 4461 1448 698 4462 1450 700 4463 1453 1487 4464 1450 700 4465 1452 387 4466 1455 1488 4467 1452 387 4468 1454 389 4469 1457 1489 4470 1454 389 4471 1456 1490 4472 1459 1491 4473 1456 1490 4474 1458 1492 4475 1461 1493 4476 1458 1492 4477 1460 709 4478 1463 1494 4479 1460 709 4480 1462 397 4481 1465 1495 4482 1462 397 4483 1464 713 4484 1420 1496 4485 1464 713 4486 1421 715 4487 1465 1495 4488 1420 1496 4489 1466 1497 4490 1420 1496 4491 1467 1498 4492 1466 1497 4493 1420 1496 4494 1419 1460 4495 1467 1498 4496 1419 1460 4497 1468 1499 4498 1467 1498 4499 1419 1460 4500 1423 1462 4501 1468 1499 4502 1425 1464 4503 1468 1499 4504 1423 1462 4505 1425 1464 4506 1469 1500 4507 1468 1499 4508 1427 1466 4509 1469 1500 4510 1425 1464 4511 1427 1466 4512 1470 1501 4513 1469 1500 4514 1429 1468 4515 1470 1501 4516 1427 1466 4517 1429 1468 4518 1471 1502 4519 1470 1501 4520 1431 1470 4521 1471 1502 4522 1429 1468 4523 1431 1470 4524 1472 1503 4525 1471 1502 4526 1431 1470 4527 1473 1504 4528 1472 1503 4529 1431 1470 4530 1433 1471 4531 1473 1504 4532 1433 1471 4533 1474 1505 4534 1473 1504 4535 1433 1471 4536 1435 1473 4537 1474 1505 4538 1437 1475 4539 1474 1505 4540 1435 1473 4541 1439 1476 4542 1475 1506 4543 1437 1475 4544 1441 1477 4545 1476 1507 4546 1439 1476 4547 1441 1477 4548 1477 1508 4549 1476 1507 4550 1443 1479 4551 1477 1508 4552 1441 1477 4553 1443 1479 4554 1478 1509 4555 1477 1508 4556 1445 1481 4557 1478 1509 4558 1443 1479 4559 1445 1481 4560 1479 1510 4561 1478 1509 4562 1445 1481 4563 1480 1511 4564 1479 1510 4565 1445 1481 4566 1447 1483 4567 1480 1511 4568 1449 1485 4569 1480 1511 4570 1447 1483 4571 1449 1485 4572 1481 1512 4573 1480 1511 4574 1449 1485 4575 1482 1513 4576 1481 1512 4577 1449 1485 4578 1451 1486 4579 1482 1513 4580 1451 1486 4581 1483 1514 4582 1482 1513 4583 1451 1486 4584 1453 1487 4585 1483 1514 4586 1455 1488 4587 1483 1514 4588 1453 1487 4589 1455 1488 4590 1484 1515 4591 1483 1514 4592 1457 1489 4593 1484 1515 4594 1455 1488 4595 1457 1489 4596 1485 1516 4597 1484 1515 4598 1457 1489 4599 1486 1517 4600 1485 1516 4601 1457 1489 4602 1459 1491 4603 1486 1517 4604 1461 1493 4605 1486 1517 4606 1459 1491 4607 1461 1493 4608 1487 1518 4609 1486 1517 4610 1461 1493 4611 1488 1519 4612 1487 1518 4613 1461 1493 4614 1463 1494 4615 1488 1519 4616 1463 1494 4617 1489 1520 4618 1488 1519 4619 1465 1495 4620 1466 1497 4621 1489 1520 4622 1466 1497 4623 1490 1521 4624 1489 1520 4625 1466 1497 4626 1491 1522 4627 1490 1521 4628 1467 1498 4629 1491 1522 4630 1466 1497 4631 1467 1498 4632 1492 1523 4633 1491 1522 4634 1468 1499 4635 1492 1523 4636 1467 1498 4637 1468 1499 4638 1493 1524 4639 1492 1523 4640 1468 1499 4641 1494 1525 4642 1493 1524 4643 1469 1500 4644 1494 1525 4645 1468 1499 4646 1469 1500 4647 1495 1526 4648 1494 1525 4649 1470 1501 4650 1495 1526 4651 1469 1500 4652 1470 1501 4653 1496 1527 4654 1495 1526 4655 1471 1502 4656 1496 1527 4657 1470 1501 4658 1471 1502 4659 1497 1528 4660 1496 1527 4661 1471 1502 4662 1498 1529 4663 1497 1528 4664 1472 1503 4665 1498 1529 4666 1471 1502 4667 1498 1529 4668 1472 1503 4669 1499 1530 4670 1472 1503 4671 1476 1507 4672 1499 1530 4673 1473 1504 4674 1476 1507 4675 1472 1503 4676 1473 1504 4677 1475 1506 4678 1476 1507 4679 1475 1506 4680 1473 1504 4681 1474 1505 4682 1499 1530 4683 1476 1507 4684 1500 1531 4685 1500 1531 4686 1476 1507 4687 1477 1508 4688 1500 1531 4689 1477 1508 4690 1501 1532 4691 1501 1532 4692 1477 1508 4693 1502 1533 4694 1502 1533 4695 1477 1508 4696 1478 1509 4697 1502 1533 4698 1478 1509 4699 1503 1534 4700 1503 1534 4701 1478 1509 4702 1479 1510 4703 1503 1534 4704 1479 1510 4705 1504 1535 4706 1504 1535 4707 1479 1510 4708 1480 1511 4709 1504 1535 4710 1480 1511 4711 1505 1536 4712 1505 1536 4713 1480 1511 4714 1481 1512 4715 1505 1536 4716 1481 1512 4717 1506 1537 4718 1506 1537 4719 1481 1512 4720 1507 1538 4721 1507 1538 4722 1481 1512 4723 1482 1513 4724 1507 1538 4725 1482 1513 4726 1508 1539 4727 1508 1539 4728 1482 1513 4729 1483 1514 4730 1508 1539 4731 1483 1514 4732 1509 1540 4733 1509 1540 4734 1483 1514 4735 1484 1515 4736 1509 1540 4737 1484 1515 4738 1510 1541 4739 1510 1541 4740 1484 1515 4741 1511 1542 4742 1488 1519 4743 1511 1542 4744 1484 1515 4745 1488 1519 4746 1512 1543 4747 1511 1542 4748 1488 1519 4749 1513 1544 4750 1512 1543 4751 1489 1520 4752 1513 1544 4753 1488 1519 4754 1489 1520 4755 1490 1521 4756 1513 1544 4757 1514 1545 4758 1513 1544 4759 1490 1521 4760 1514 1545 4761 1512 1543 4762 1513 1544 4763 1514 1545 4764 1515 1546 4765 1512 1543 4766 1515 1546 4767 1517 625 4768 1516 1547 4769 1519 1548 4770 1516 1547 4771 1518 1549 4772 1521 1550 4773 1518 1549 4774 1520 1551 4775 1523 1552 4776 1520 1551 4777 1522 1553 4778 1525 1554 4779 1522 1553 4780 1524 1555 4781 1527 1556 4782 1524 1555 4783 1526 637 4784 1529 1557 4785 1526 637 4786 1528 1558 4787 1531 1559 4788 1528 1558 4789 1530 1560 4790 1533 1561 4791 1530 1560 4792 1532 1562 4793 1535 1563 4794 1532 1562 4795 1534 1564 4796 1537 1565 4797 1534 1564 4798 1536 1566 4799 1539 1567 4800 1536 1566 4801 1538 1568 4802 1541 1569 4803 1538 1568 4804 1540 1570 4805 1543 1571 4806 1540 1570 4807 1542 1572 4808 1545 1573 4809 1542 1572 4810 1544 1574 4811 1547 1575 4812 1544 1574 4813 1546 1576 4814 1549 1577 4815 1546 1576 4816 1548 1578 4817 1551 1579 4818 1548 1578 4819 1550 1580 4820 1553 1581 4821 1550 1580 4822 1552 1582 4823 1555 1583 4824 1552 1582 4825 1554 1584 4826 1557 1585 4827 1554 1584 4828 1556 1586 4829 1559 1587 4830 1556 1586 4831 1558 1588 4832 1561 1589 4833 1558 1588 4834 1560 1590 4835 1514 1545 4836 1560 1590 4837 1517 625 4838 1514 1545 4839 1490 1521 4840 1561 1589 4841 1561 1589 4842 1490 1521 4843 1491 1522 4844 1561 1589 4845 1491 1522 4846 1559 1587 4847 1557 1585 4848 1559 1587 4849 1491 1522 4850 1557 1585 4851 1491 1522 4852 1492 1523 4853 1555 1583 4854 1557 1585 4855 1492 1523 4856 1555 1583 4857 1492 1523 4858 1493 1524 4859 1553 1581 4860 1493 1524 4861 1494 1525 4862 1551 1579 4863 1553 1581 4864 1494 1525 4865 1551 1579 4866 1494 1525 4867 1495 1526 4868 1551 1579 4869 1495 1526 4870 1496 1527 4871 1551 1579 4872 1496 1527 4873 1549 1577 4874 1547 1575 4875 1549 1577 4876 1496 1527 4877 1547 1575 4878 1496 1527 4879 1497 1528 4880 1547 1575 4881 1497 1528 4882 1498 1529 4883 1547 1575 4884 1498 1529 4885 1545 1573 4886 1545 1573 4887 1499 1530 4888 1543 1571 4889 1543 1571 4890 1500 1531 4891 1541 1569 4892 1541 1569 4893 1501 1532 4894 1539 1567 4895 1537 1565 4896 1539 1567 4897 1501 1532 4898 1537 1565 4899 1501 1532 4900 1502 1533 4901 1535 1563 4902 1537 1565 4903 1502 1533 4904 1535 1563 4905 1502 1533 4906 1503 1534 4907 1535 1563 4908 1503 1534 4909 1504 1535 4910 1535 1563 4911 1504 1535 4912 1533 1561 4913 1533 1561 4914 1504 1535 4915 1505 1536 4916 1533 1561 4917 1505 1536 4918 1531 1559 4919 1531 1559 4920 1505 1536 4921 1506 1537 4922 1531 1559 4923 1506 1537 4924 1529 1557 4925 1527 1556 4926 1529 1557 4927 1506 1537 4928 1527 1556 4929 1506 1537 4930 1507 1538 4931 1525 1554 4932 1527 1556 4933 1507 1538 4934 1525 1554 4935 1507 1538 4936 1508 1539 4937 1525 1554 4938 1508 1539 4939 1509 1540 4940 1525 1554 4941 1509 1540 4942 1523 1552 4943 1523 1552 4944 1509 1540 4945 1510 1541 4946 1523 1552 4947 1510 1541 4948 1521 1550 4949 1519 1548 4950 1521 1550 4951 1510 1541 4952 1519 1548 4953 1510 1541 4954 1511 1542 4955 1515 1546 4956 1519 1548 4957 1511 1542 4958 1515 1546 4959 1511 1542 4960 1512 1543 4961 1524 1591 4962 1552 1592 4963 1544 1593 4964 1488 1519 4965 1484 1515 4966 1485 1516 4967 1488 1519 4968 1485 1516 4969 1487 1518 4970 1487 1518 4971 1485 1516 4972 1486 1517 4973 247 284 6093 224 2 6094 225 1892 6095 225 1892 6096 226 1893 6097 229 1894 6098 227 2 6099 228 2 6100 226 1893 6101 229 1894 6102 230 1895 6103 231 282 6104 231 282 6105 232 1896 6106 233 1897 6107 233 1897 6108 234 1898 6109 231 282 6110 235 1899 6111 236 2 6112 237 2 6113 237 2 6114 238 2 6115 239 283 6116 239 283 6117 240 1900 6118 241 1901 6119 241 1901 6120 242 1902 6121 243 1903 6122 243 1903 6123 244 2 6124 245 2 6125 245 2 6126 246 1904 6127 243 1903 6128 247 284 6129 225 1892 6130 229 1894 6131 228 2 6132 229 1894 6133 226 1893 6134 231 282 6135 234 1898 6136 235 1899 6137 235 1899 6138 237 2 6139 239 283 6140 239 283 6141 241 1901 6142 243 1903 6143 243 1903 6144 246 1904 6145 247 284 6146 247 284 6147 229 1894 6148 231 282 6149 231 282 6150 235 1899 6151 239 283 6152 239 283 6153 243 1903 6154 247 284 6155 248 285 6156 249 332 6157 225 286 6158 250 288 6159 248 285 6160 224 287 6161 251 290 6162 250 288 6163 247 289 6164 252 292 6165 251 290 6166 246 291 6167 253 294 6168 252 292 6169 245 293 6170 254 296 6171 253 294 6172 244 295 6173 255 298 6174 254 296 6175 243 297 6176 256 300 6177 255 298 6178 242 299 6179 257 302 6180 256 300 6181 241 301 6182 258 304 6183 257 302 6184 240 303 6185 259 306 6186 258 304 6187 239 305 6188 260 308 6189 259 306 6190 238 307 6191 261 310 6192 260 308 6193 237 309 6194 262 312 6195 261 310 6196 236 311 6197 263 314 6198 262 312 6199 235 313 6200 264 316 6201 263 314 6202 234 315 6203 265 318 6204 264 316 6205 233 317 6206 266 320 6207 265 318 6208 232 319 6209 267 322 6210 266 320 6211 231 321 6212 268 324 6213 267 322 6214 230 323 6215 269 326 6216 268 324 6217 229 325 6218 270 328 6219 269 326 6220 228 327 6221 271 330 6222 270 328 6223 227 329 6224 249 332 6225 271 330 6226 226 331 6227 249 332 6228 248 285 6229 273 334 6230 248 285 6231 250 288 6232 274 335 6233 250 288 6234 251 290 6235 275 336 6236 268 324 6237 292 353 6238 291 352 6239 302 363 6240 303 369 6241 301 362 6242 304 364 6243 302 363 6244 299 360 6245 304 364 6246 305 365 6247 307 366 6248 302 363 6249 304 364 6250 306 367 6251 303 369 6252 302 363 6253 308 368 6254 311 371 6255 303 369 6256 309 370 6257 313 373 6258 311 371 6259 310 372 6260 315 375 6261 313 373 6262 312 374 6263 317 376 6264 315 375 6265 314 45 6266 319 378 6267 317 376 6268 316 377 6269 321 380 6270 319 378 6271 318 379 6272 323 382 6273 321 380 6274 320 381 6275 325 384 6276 323 382 6277 322 383 6278 327 386 6279 325 384 6280 324 385 6281 329 388 6282 327 386 6283 326 387 6284 331 390 6285 329 388 6286 328 389 6287 333 392 6288 331 390 6289 330 391 6290 335 394 6291 333 392 6292 332 393 6293 337 396 6294 335 394 6295 334 395 6296 339 398 6297 337 396 6298 336 397 6299 341 400 6300 339 398 6301 338 399 6302 343 402 6303 341 400 6304 340 401 6305 345 404 6306 343 402 6307 342 403 6308 347 406 6309 345 404 6310 344 405 6311 349 408 6312 347 406 6313 346 407 6314 305 365 6315 349 408 6316 348 409 6317 329 388 6318 358 418 6319 359 419 6320 554 602 6699 531 2 6700 532 2 6701 532 2 6702 533 2 6703 534 1944 6704 534 1944 6705 535 1945 6706 536 1946 6707 536 1946 6708 537 1895 6709 538 1947 6710 538 1947 6711 539 1948 6712 540 600 6713 540 600 6714 541 2 6715 542 2 6716 542 2 6717 543 2 6718 544 2 6719 544 2 6720 545 2 6721 542 2 6722 546 1949 6723 547 1950 6724 550 601 6725 548 1951 6726 549 1952 6727 550 601 6728 550 601 6729 551 1953 6730 552 1954 6731 552 1954 6732 553 1955 6733 550 601 6734 554 602 6735 532 2 6736 534 1944 6737 534 1944 6738 536 1946 6739 538 1947 6740 538 1947 6741 540 600 6742 534 1944 6743 542 2 6744 545 2 6745 546 1949 6746 547 1950 6747 548 1951 6748 550 601 6749 550 601 6750 553 1955 6751 554 602 6752 554 602 6753 534 1944 6754 540 600 6755 540 600 6756 542 2 6757 546 1949 6758 546 1949 6759 550 601 6760 540 600 6761 555 603 6762 556 650 6763 532 604 6764 557 606 6765 555 603 6766 531 605 6767 558 608 6768 557 606 6769 554 607 6770 559 610 6771 558 608 6772 553 609 6773 560 612 6774 559 610 6775 552 611 6776 561 614 6777 560 612 6778 551 613 6779 562 616 6780 561 614 6781 550 615 6782 563 618 6783 562 616 6784 549 617 6785 564 620 6786 563 618 6787 548 619 6788 565 622 6789 564 620 6790 547 621 6791 566 624 6792 565 622 6793 546 623 6794 567 626 6795 566 624 6796 545 625 6797 568 628 6798 567 626 6799 544 627 6800 569 630 6801 568 628 6802 543 629 6803 570 632 6804 569 630 6805 542 631 6806 571 634 6807 570 632 6808 541 633 6809 572 636 6810 571 634 6811 540 635 6812 573 638 6813 572 636 6814 539 637 6815 574 640 6816 573 638 6817 538 639 6818 575 642 6819 574 640 6820 537 641 6821 576 644 6822 575 642 6823 536 643 6824 577 646 6825 576 644 6826 535 645 6827 578 648 6828 577 646 6829 534 647 6830 556 650 6831 578 648 6832 533 649 6833 557 606 6834 582 654 6835 581 653 6836 558 608 6837 583 656 6838 582 654 6839 567 626 6840 568 628 6841 593 665 6842 568 628 6843 569 630 6844 594 666 6845 569 630 6846 570 632 6847 595 667 6848 570 632 6849 571 634 6850 596 668 6851 610 682 6852 609 681 6853 612 683 6854 614 685 6855 610 682 6856 611 684 6857 616 687 6858 614 685 6859 613 686 6860 618 689 6861 616 687 6862 615 688 6863 620 691 6864 618 689 6865 617 690 6866 622 693 6867 620 691 6868 619 692 6869 624 695 6870 622 693 6871 621 694 6872 626 697 6873 624 695 6874 623 696 6875 628 699 6876 626 697 6877 625 698 6878 630 701 6879 628 699 6880 627 700 6881 632 703 6882 630 701 6883 629 702 6884 634 704 6885 632 703 6886 631 389 6887 636 706 6888 634 704 6889 633 705 6890 638 708 6891 636 706 6892 635 707 6893 640 710 6894 638 708 6895 637 709 6896 642 712 6897 640 710 6898 639 711 6899 644 714 6900 642 712 6901 641 713 6902 646 716 6903 644 714 6904 643 715 6905 648 718 6906 646 716 6907 645 717 6908 650 720 6909 648 718 6910 647 719 6911 652 722 6912 650 720 6913 649 721 6914 654 724 6915 652 722 6916 651 723 6917 656 726 6918 654 724 6919 653 725 6920 609 681 6921 656 726 6922 655 727 6923 656 726 6924 609 681 6925 606 678 6926 632 703 6927 634 704 6928 672 743 6929 634 704 6930 636 706 6931 673 744 6932 648 718 6933 650 720 6934 659 730 6935 654 724 6936 657 728 6937 658 729 6938 806 819 7173 783 2 7174 784 2 7175 784 2 7176 785 2 7177 786 2 7178 786 2 7179 787 1976 7180 790 817 7181 788 1977 7182 789 1895 7183 790 817 7184 790 817 7185 791 1978 7186 792 1979 7187 792 1979 7188 793 1980 7189 790 817 7190 794 1981 7191 795 2 7192 796 2 7193 796 2 7194 797 2 7195 798 818 7196 798 818 7197 799 1982 7198 800 1983 7199 800 1983 7200 801 1902 7201 802 1984 7202 802 1984 7203 803 1985 7204 804 1986 7205 804 1986 7206 805 2 7207 806 819 7208 806 819 7209 784 2 7210 790 817 7211 787 1976 7212 788 1977 7213 790 817 7214 790 817 7215 793 1980 7216 794 1981 7217 794 1981 7218 796 2 7219 798 818 7220 798 818 7221 800 1983 7222 802 1984 7223 802 1984 7224 804 1986 7225 798 818 7226 784 2 7227 786 2 7228 790 817 7229 790 817 7230 794 1981 7231 798 818 7232 798 818 7233 804 1986 7234 806 819 7235 807 820 7236 808 862 7237 784 821 7238 809 823 7239 807 820 7240 783 822 7241 810 825 7242 809 823 7243 806 824 7244 811 827 7245 810 825 7246 805 826 7247 812 829 7248 811 827 7249 804 828 7250 813 831 7251 812 829 7252 803 830 7253 814 833 7254 813 831 7255 802 832 7256 815 835 7257 814 833 7258 801 834 7259 816 837 7260 815 835 7261 800 836 7262 817 838 7263 816 837 7264 799 303 7265 818 839 7266 817 838 7267 798 305 7268 819 840 7269 818 839 7270 797 307 7271 820 842 7272 819 840 7273 796 841 7274 821 844 7275 820 842 7276 795 843 7277 822 846 7278 821 844 7279 794 845 7280 823 847 7281 822 846 7282 793 315 7283 824 849 7284 823 847 7285 792 848 7286 825 850 7287 824 849 7288 791 319 7289 826 852 7290 825 850 7291 790 851 7292 827 854 7293 826 852 7294 789 853 7295 828 856 7296 827 854 7297 788 855 7298 829 858 7299 828 856 7300 787 857 7301 830 860 7302 829 858 7303 786 859 7304 808 862 7305 830 860 7306 785 861 7307 830 860 7308 808 862 7309 832 863 7310 842 874 7311 841 873 7312 844 875 7313 846 877 7314 842 874 7315 843 876 7316 848 879 7317 846 877 7318 845 878 7319 850 880 7320 848 879 7321 847 688 7322 852 882 7323 850 880 7324 849 881 7325 854 884 7326 852 882 7327 851 883 7328 856 886 7329 854 884 7330 853 885 7331 858 888 7332 856 886 7333 855 887 7334 860 889 7335 858 888 7336 857 383 7337 862 890 7338 860 889 7339 859 385 7340 864 891 7341 862 890 7342 861 702 7343 866 892 7344 864 891 7345 863 389 7346 868 894 7347 866 892 7348 865 893 7349 870 896 7350 868 894 7351 867 895 7352 872 897 7353 870 896 7354 869 395 7355 874 898 7356 872 897 7357 871 711 7358 876 899 7359 874 898 7360 873 399 7361 878 900 7362 876 899 7363 875 401 7364 880 902 7365 878 900 7366 877 901 7367 882 904 7368 880 902 7369 879 903 7370 884 906 7371 882 904 7372 881 905 7373 886 908 7374 884 906 7375 883 907 7376 888 910 7377 886 908 7378 885 909 7379 841 873 7380 888 910 7381 887 911 7382 818 839 7383 899 922 7384 898 921 7385 819 840 7386 900 923 7387 899 922 7388 820 842 7389 901 924 7390 900 923 7391 821 844 7392 902 925 7393 901 924 7394 850 880 7395 852 882 7396 910 933 7397 848 879 7398 835 867 7399 839 871 7400 856 886 7401 912 935 7402 911 934 7403 870 896 7404 919 942 7405 918 941 7406 872 897 7407 920 943 7408 919 942 7409 808 862 7410 807 820 7411 836 868 7412 1419 1460 8424 1420 1496 8425 1421 715 8426 1423 1462 8427 1419 1460 8428 1418 1461 8429 1425 1464 8430 1423 1462 8431 1422 1463 8432 1427 1466 8433 1425 1464 8434 1424 1465 8435 1429 1468 8436 1427 1466 8437 1426 1467 8438 1431 1470 8439 1429 1468 8440 1428 1469 8441 1433 1471 8442 1431 1470 8443 1430 367 8444 1435 1473 8445 1433 1471 8446 1432 1472 8447 1437 1475 8448 1435 1473 8449 1434 1474 8450 1439 1476 8451 1437 1475 8452 1436 372 8453 1441 1477 8454 1439 1476 8455 1438 374 8456 1443 1479 8457 1441 1477 8458 1440 1478 8459 1445 1481 8460 1443 1479 8461 1442 1480 8462 1447 1483 8463 1445 1481 8464 1444 1482 8465 1449 1485 8466 1447 1483 8467 1446 1484 8468 1451 1486 8469 1449 1485 8470 1448 698 8471 1453 1487 8472 1451 1486 8473 1450 700 8474 1455 1488 8475 1453 1487 8476 1452 387 8477 1457 1489 8478 1455 1488 8479 1454 389 8480 1459 1491 8481 1457 1489 8482 1456 1490 8483 1461 1493 8484 1459 1491 8485 1458 1492 8486 1463 1494 8487 1461 1493 8488 1460 709 8489 1465 1495 8490 1463 1494 8491 1462 397 8492 1420 1496 8493 1465 1495 8494 1464 713 8495 1437 1475 8496 1475 1506 8497 1474 1505 8498 1439 1476 8499 1476 1507 8500 1475 1506 8501 1463 1494 8502 1465 1495 8503 1489 1520 8504 1515 1546 8505 1514 1545 8506 1517 625 8507 1519 1548 8508 1515 1546 8509 1516 1547 8510 1521 1550 8511 1519 1548 8512 1518 1549 8513 1523 1552 8514 1521 1550 8515 1520 1551 8516 1525 1554 8517 1523 1552 8518 1522 1553 8519 1527 1556 8520 1525 1554 8521 1524 1555 8522 1529 1557 8523 1527 1556 8524 1526 637 8525 1531 1559 8526 1529 1557 8527 1528 1558 8528 1533 1561 8529 1531 1559 8530 1530 1560 8531 1535 1563 8532 1533 1561 8533 1532 1562 8534 1537 1565 8535 1535 1563 8536 1534 1564 8537 1539 1567 8538 1537 1565 8539 1536 1566 8540 1541 1569 8541 1539 1567 8542 1538 1568 8543 1543 1571 8544 1541 1569 8545 1540 1570 8546 1545 1573 8547 1543 1571 8548 1542 1572 8549 1547 1575 8550 1545 1573 8551 1544 1574 8552 1549 1577 8553 1547 1575 8554 1546 1576 8555 1551 1579 8556 1549 1577 8557 1548 1578 8558 1553 1581 8559 1551 1579 8560 1550 1580 8561 1555 1583 8562 1553 1581 8563 1552 1582 8564 1557 1585 8565 1555 1583 8566 1554 1584 8567 1559 1587 8568 1557 1585 8569 1556 1586 8570 1561 1589 8571 1559 1587 8572 1558 1588 8573 1514 1545 8574 1561 1589 8575 1560 1590 8576 1553 1581 8577 1555 1583 8578 1493 1524 8579 1545 1573 8580 1498 1529 8581 1499 1530 8582 1543 1571 8583 1499 1530 8584 1500 1531 8585 1541 1569 8586 1500 1531 8587 1501 1532 8588 1544 1593 8589 1542 2 8590 1540 2 8591 1540 2 8592 1538 2109 8593 1544 1593 8594 1536 2110 8595 1534 2 8596 1532 2111 8597 1532 2111 8598 1530 1895 8599 1528 2112 8600 1528 2112 8601 1526 2113 8602 1524 1591 8603 1524 1591 8604 1522 2 8605 1520 2 8606 1520 2 8607 1518 2 8608 1516 2 8609 1516 2 8610 1517 2 8611 1520 2 8612 1560 2 8613 1558 2 8614 1552 1592 8615 1556 2114 8616 1554 1952 8617 1552 1592 8618 1552 1592 8619 1550 2 8620 1546 2115 8621 1548 2 8622 1546 2115 8623 1550 2 8624 1544 1593 8625 1538 2109 8626 1536 2110 8627 1536 2110 8628 1532 2111 8629 1544 1593 8630 1528 2112 8631 1524 1591 8632 1544 1593 8633 1520 2 8634 1517 2 8635 1560 2 8636 1558 2 8637 1556 2114 8638 1552 1592 8639 1552 1592 8640 1546 2115 8641 1544 1593 8642 1544 1593 8643 1532 2111 8644 1528 2112 8645 1524 1591 8646 1520 2 8647 1560 2 8648 1560 2 8649 1552 1592 8650 1524 1591 8651</p>
        </polylist>
        <polylist material="FrontColor_005-material" count="478">
          <input semantic="VERTEX" source="#Mesh12_Group10_Group3_Group1_Model-mesh-vertices" offset="0"/>
          <input semantic="NORMAL" source="#Mesh12_Group10_Group3_Group1_Model-mesh-normals" offset="1"/>
          <input semantic="TEXCOORD" source="#Mesh12_Group10_Group3_Group1_Model-mesh-map-0" offset="2" set="0"/>
          <vcount>3 3 3 3 3 3 3 3 3 3 3 3 3 3 3 3 3 3 3 3 3 3 3 3 3 3 3 3 3 3 3 3 3 3 3 3 3 3 3 3 3 3 3 3 3 3 3 3 3 3 3 3 3 3 3 3 3 3 3 3 3 3 3 3 3 3 3 3 3 3 3 3 3 3 3 3 3 3 3 3 3 3 3 3 3 3 3 3 3 3 3 3 3 3 3 3 3 3 3 3 3 3 3 3 3 3 3 3 3 3 3 3 3 3 3 3 3 3 3 3 3 3 3 3 3 3 3 3 3 3 3 3 3 3 3 3 3 3 3 3 3 3 3 3 3 3 3 3 3 3 3 3 3 3 3 3 3 3 3 3 3 3 3 3 3 3 3 3 3 3 3 3 3 3 3 3 3 3 3 3 3 3 3 3 3 3 3 3 3 3 3 3 3 3 3 3 3 3 3 3 3 3 3 3 3 3 3 3 3 3 3 3 3 3 3 3 3 3 3 3 3 3 3 3 3 3 3 3 3 3 3 3 3 3 3 3 3 3 3 3 3 3 3 3 3 3 3 3 3 3 3 3 3 3 3 3 3 3 3 3 3 3 3 3 3 3 3 3 3 3 3 3 3 3 3 3 3 3 3 3 3 3 3 3 3 3 3 3 3 3 3 3 3 3 3 3 3 3 3 3 3 3 3 3 3 3 3 3 3 3 3 3 3 3 3 3 3 3 3 3 3 3 3 3 3 3 3 3 3 3 3 3 3 3 3 3 3 3 3 3 3 3 3 3 3 3 3 3 3 3 3 3 3 3 3 3 3 3 3 3 3 3 3 3 3 3 3 3 3 3 3 3 3 3 3 3 3 3 3 3 3 3 3 3 3 3 3 3 3 3 3 3 3 3 3 3 3 3 3 3 3 3 3 3 3 3 3 3 3 3 3 3 3 3 3 3 3 3 3 3 3 3 3 3 3 3 3 3 3 3 3 3 3 3 3 3 3 3 3 3 3 3 3 3 3 3 3 3 3 3 3 3 3 3 3 3 3 3 3 3 3 3 3 3 3 3 3 3 3 3 3 3 3 3 3 3 3 3 </vcount>
          <p>1114 17 3525 1116 17 3526 1113 17 3527 1115 1189 3528 1118 1190 3529 1117 1191 3530 1119 1192 3531 1115 1192 3532 1117 1192 3533 1120 1193 3534 1115 1194 3535 1119 1195 3536 1122 2 3537 1119 2 3538 1121 2 3539 1121 1196 3540 1124 1197 3541 1122 1198 3542 1121 1199 3543 1125 1199 3544 1123 1199 3545 1119 1200 3546 1125 1201 3547 1121 1202 3548 1126 3 3549 1117 3 3550 1118 3 3551 1128 1203 3552 1118 1204 3553 1127 1205 3554 1129 2 3555 1128 2 3556 1127 2 3557 1130 1206 3558 1132 1207 3559 1131 1208 3560 1133 1209 3561 1130 1209 3562 1131 1209 3563 1135 1210 3564 1131 1211 3565 1134 1212 3566 1136 1213 3567 1135 1213 3568 1134 1213 3569 1137 1214 3570 1135 1214 3571 1136 1214 3572 1137 2 3573 1140 2 3574 1139 2 3575 1139 1215 3576 1142 1216 3577 1137 1217 3578 1139 1218 3579 1143 1218 3580 1141 1218 3581 1140 1219 3582 1143 1220 3583 1139 1221 3584 1144 1222 3585 1140 1222 3586 1145 1222 3587 1136 1223 3588 1145 1224 3589 1140 1225 3590 1132 1 3591 1134 1 3592 1131 1 3593 1144 1226 3594 1132 1227 3595 1146 1228 3596 1147 17 3597 1144 17 3598 1146 17 3599 1143 1229 3600 1148 1230 3601 1141 1231 3602 1147 1232 3603 1149 1232 3604 1148 1232 3605 1150 1233 3606 1148 1234 3607 1149 1235 3608 1150 2 3609 1153 2 3610 1152 2 3611 1152 1236 3612 1155 1237 3613 1154 1238 3614 1156 1239 3615 1152 1239 3616 1154 1239 3617 1158 1240 3618 1154 1241 3619 1157 1242 3620 1159 1243 3621 1158 1244 3622 1157 1245 3623 1160 1246 3624 1158 1247 3625 1159 1214 3626 1163 2 3627 1159 2 3628 1162 2 3629 1162 1248 3630 1165 1249 3631 1163 1250 3632 1162 1251 3633 1166 1252 3634 1164 1251 3635 1159 1253 3636 1166 1254 3637 1162 1255 3638 1155 1 3639 1157 1 3640 1154 1 3641 1155 1256 3642 1164 1257 3643 1166 1258 3644 1153 1259 3645 1167 1259 3646 1155 1259 3647 1168 17 3648 1164 17 3649 1167 17 3650 1165 1260 3651 1170 1261 3652 1169 1231 3653 1163 1218 3654 1165 1218 3655 1169 1218 3656 1163 1215 3657 1171 1216 3658 1160 1217 3659 1172 3 3660 1169 3 3661 1170 3 3662 1174 1262 3663 1170 1263 3664 1173 1264 3665 1174 2 3666 1176 2 3667 1175 2 3668 1175 1265 3669 1178 1266 3670 1177 1267 3671 1179 1268 3672 1175 1268 3673 1177 1268 3674 1181 1269 3675 1177 1270 3676 1180 1271 3677 1182 1272 3678 1181 1272 3679 1180 1272 3680 1183 1273 3681 1181 1274 3682 1182 1275 3683 1186 2 3684 1182 2 3685 1185 2 3686 1185 1276 3687 1188 1277 3688 1186 1278 3689 1187 1279 3690 1185 1279 3691 1189 1279 3692 1182 1280 3693 1189 1281 3694 1185 1282 3695 1178 1 3696 1180 1 3697 1177 1 3698 1187 1283 3699 1178 1284 3700 1190 1285 3701 1191 17 3702 1187 17 3703 1190 17 3704 1188 1286 3705 1193 1287 3706 1192 1288 3707 1186 1218 3708 1188 1218 3709 1192 1218 3710 1186 1215 3711 1194 1216 3712 1183 1217 3713 1195 3 3714 1192 3 3715 1193 3 3716 1197 1289 3717 1193 1290 3718 1196 1291 3719 1197 2 3720 1199 2 3721 1198 2 3722 1198 1206 3723 1201 1207 3724 1200 1208 3725 1202 1292 3726 1198 1292 3727 1200 1292 3728 1204 1293 3729 1200 1294 3730 1203 1271 3731 1205 1272 3732 1204 1272 3733 1203 1272 3734 1206 1295 3735 1204 1296 3736 1205 1297 3737 1205 2 3738 1209 2 3739 1206 2 3740 1205 1280 3741 1210 1281 3742 1208 1282 3743 1210 1 3744 1200 1 3745 1201 1 3746 1212 1298 3747 1201 1299 3748 1211 1300 3749 1213 17 3750 1212 17 3751 1211 17 3752 1214 1301 3753 1216 1302 3754 1215 1288 3755 1209 1218 3756 1214 1218 3757 1215 1218 3758 1208 1303 3759 1214 1304 3760 1209 1305 3761 1212 1306 3762 1208 1307 3763 1210 1307 3764 1209 1215 3765 1217 1216 3766 1206 1217 3767 1217 3 3768 1216 3 3769 1218 3 3770 1218 1308 3771 1207 1309 3772 1217 1310 3773 1220 1311 3774 1219 1311 3775 1218 1311 3776 1220 1203 3777 1216 1204 3778 1221 1205 3779 1220 2 3780 1223 2 3781 1222 2 3782 1222 1206 3783 1225 1207 3784 1224 1208 3785 1226 1312 3786 1222 1312 3787 1224 1312 3788 1228 1313 3789 1224 1314 3790 1227 1212 3791 1229 1272 3792 1228 1272 3793 1227 1272 3794 1230 1196 3795 1228 1197 3796 1229 1198 3797 1229 2 3798 1233 2 3799 1230 2 3800 1229 1315 3801 1234 1316 3802 1232 1317 3803 1224 1 3804 1234 1 3805 1227 1 3806 1225 1318 3807 1236 1319 3808 1234 1285 3809 1223 1320 3810 1235 1320 3811 1225 1320 3812 1237 17 3813 1236 17 3814 1235 17 3815 1238 1321 3816 1240 1322 3817 1239 1323 3818 1233 1324 3819 1238 1324 3820 1239 1324 3821 1232 1193 3822 1238 1194 3823 1233 1195 3824 1232 1279 3825 1234 1279 3826 1236 1279 3827 1233 1325 3828 1241 1326 3829 1230 1327 3830 1241 3 3831 1240 3 3832 1242 3 3833 1231 1328 3834 1242 1329 3835 1243 1330 3836 1226 0 3837 1231 0 3838 1243 0 3839 1231 1331 3840 1230 1331 3841 1241 1331 3842 1244 1332 3843 1243 1332 3844 1242 1332 3845 1244 1203 3846 1240 1204 3847 1245 1205 3848 1246 2 3849 1244 2 3850 1245 2 3851 1247 1206 3852 1249 1207 3853 1248 1208 3854 1250 1268 3855 1247 1268 3856 1248 1268 3857 1252 1333 3858 1248 1334 3859 1251 1335 3860 1253 1336 3861 1252 1336 3862 1251 1336 3863 1254 1214 3864 1252 1337 3865 1253 1337 3866 1254 2 3867 1257 2 3868 1256 2 3869 1256 1215 3870 1259 1216 3871 1254 1217 3872 1256 1338 3873 1260 1338 3874 1258 1338 3875 1257 1339 3876 1260 1340 3877 1256 1221 3878 1261 1341 3879 1257 1341 3880 1262 1341 3881 1253 1342 3882 1262 1343 3883 1257 1344 3884 1249 1 3885 1251 1 3886 1248 1 3887 1261 1345 3888 1249 1346 3889 1263 1347 3890 1264 17 3891 1261 17 3892 1263 17 3893 1260 1348 3894 1265 1349 3895 1258 1231 3896 1264 1232 3897 1266 1232 3898 1265 1232 3899 1267 1203 3900 1265 1204 3901 1266 1205 3902 1269 2 3903 1267 2 3904 1266 2 3905 1270 1206 3906 1272 1207 3907 1271 1208 3908 1273 1268 3909 1270 1268 3910 1271 1268 3911 1275 1350 3912 1271 1351 3913 1274 1352 3914 1276 1353 3915 1275 1353 3916 1274 1353 3917 1277 1196 3918 1275 1197 3919 1276 1198 3920 1280 2 3921 1276 2 3922 1279 2 3923 1279 1193 3924 1282 1194 3925 1280 1195 3926 1281 1354 3927 1279 1354 3928 1283 1354 3929 1276 1342 3930 1283 1343 3931 1279 1344 3932 1271 1 3933 1283 1 3934 1274 1 3935 1281 1355 3936 1272 1356 3937 1284 1357 3938 1285 17 3939 1281 17 3940 1284 17 3941 1282 1358 3942 1287 1359 3943 1286 1360 3944 1280 1338 3945 1282 1338 3946 1286 1338 3947 1280 1361 3948 1288 1362 3949 1277 1363 3950 1288 3 3951 1287 3 3952 1289 3 3953 1289 1364 3954 1278 1365 3955 1288 1366 3956 1291 1312 3957 1290 1312 3958 1289 1312 3959 1291 1289 3960 1287 1290 3961 1292 1291 3962 1291 2 3963 1294 2 3964 1293 2 3965 1293 1265 3966 1296 1266 3967 1295 1267 3968 1297 1312 3969 1293 1312 3970 1295 1312 3971 1299 1367 3972 1295 1368 3973 1298 1369 3974 1300 1370 3975 1299 1370 3976 1298 1370 3977 1301 1371 3978 1299 1372 3979 1300 1373 3980 1303 2 3981 1301 2 3982 1300 2 3983 1300 1374 3984 1305 1375 3985 1303 1376 3986 1298 1 3987 1296 1 3988 1305 1 3989 1296 1377 3990 1307 1378 3991 1305 1379 3992 1294 1380 3993 1306 1380 3994 1296 1380 3995 1308 17 3996 1307 17 3997 1306 17 3998 1309 1381 3999 1311 1382 4000 1310 1360 4001 1304 1338 4002 1309 1338 4003 1310 1338 4004 1303 1383 4005 1309 1384 4006 1304 1385 4007 1303 1386 4008 1305 1386 4009 1307 1386 4010 1304 1361 4011 1312 1362 4012 1301 1363 4013 1311 3 4014 1312 3 4015 1310 3 4016 1315 1289 4017 1311 1290 4018 1314 1291 4019 1315 2 4020 1317 2 4021 1316 2 4022 1316 1265 4023 1319 1266 4024 1318 1267 4025 1320 1268 4026 1316 1268 4027 1318 1268 4028 1322 1387 4029 1318 1388 4030 1321 1369 4031 1323 1389 4032 1322 1389 4033 1321 1389 4034 1324 1196 4035 1322 1197 4036 1323 1198 4037 1326 2 4038 1324 2 4039 1323 2 4040 1323 1374 4041 1328 1375 4042 1326 1376 4043 1321 1 4044 1319 1 4045 1328 1 4046 1330 1390 4047 1319 1378 4048 1329 1378 4049 1331 17 4050 1330 17 4051 1329 17 4052 1332 1391 4053 1334 1392 4054 1333 1191 4055 1327 1393 4056 1332 1393 4057 1333 1393 4058 1326 1193 4059 1332 1194 4060 1327 1195 4061 1330 1394 4062 1326 1394 4063 1328 1394 4064 1327 1325 4065 1335 1326 4066 1324 1327 4067 1334 3 4068 1335 3 4069 1333 3 4070 1338 1289 4071 1334 1290 4072 1337 1291 4073 1338 2 4074 1340 2 4075 1339 2 4076 1338 1268 4077 1341 1268 4078 1336 1268 4079 1336 16 4080 1325 1395 4081 1335 1396 4082 1320 0 4083 1325 0 4084 1341 0 4085 1324 1397 4086 1335 1397 4087 1325 1397 4088 1331 1398 4089 1337 1398 4090 1334 1398 4091 1317 1399 4092 1329 1399 4093 1319 1399 4094 1315 1268 4095 1342 1268 4096 1313 1268 4097 1302 1400 4098 1313 1401 4099 1342 1402 4100 1297 0 4101 1302 0 4102 1342 0 4103 1302 1403 4104 1301 1403 4105 1312 1403 4106 1308 1399 4107 1314 1399 4108 1311 1399 4109 1285 1380 4110 1292 1380 4111 1287 1380 4112 1273 0 4113 1278 0 4114 1290 0 4115 1277 1403 4116 1288 1403 4117 1278 1403 4118 1269 1398 4119 1284 1398 4120 1272 1398 4121 1267 1312 4122 1343 1312 4123 1268 1312 4124 1268 1404 4125 1255 1405 4126 1259 1406 4127 1259 3 4128 1265 3 4129 1268 3 4130 1250 0 4131 1255 0 4132 1343 0 4133 1254 1407 4134 1259 1407 4135 1255 1407 4136 1246 1398 4137 1263 1398 4138 1249 1398 4139 1237 1408 4140 1245 1408 4141 1240 1408 4142 1213 1409 4143 1221 1409 4144 1216 1409 4145 1202 0 4146 1207 0 4147 1219 0 4148 1206 1410 4149 1217 1410 4150 1207 1410 4151 1199 1411 4152 1211 1411 4153 1201 1411 4154 1197 1412 4155 1344 1412 4156 1195 1412 4157 1195 1413 4158 1184 1414 4159 1194 1310 4160 1179 0 4161 1184 0 4162 1344 0 4163 1183 1410 4164 1194 1410 4165 1184 1410 4166 1191 1415 4167 1196 1415 4168 1193 1415 4169 1176 1398 4170 1190 1398 4171 1178 1398 4172 1174 1312 4173 1345 1312 4174 1172 1312 4175 1161 1405 4176 1172 1416 4177 1345 1417 4178 1156 0 4179 1161 0 4180 1345 0 4181 1161 1410 4182 1160 1410 4183 1171 1410 4184 1168 1380 4185 1173 1380 4186 1170 1380 4187 1150 1209 4188 1346 1209 4189 1151 1209 4190 1151 1404 4191 1138 1405 4192 1142 1406 4193 1151 3 4194 1141 3 4195 1148 3 4196 1133 0 4197 1138 0 4198 1346 0 4199 1137 1410 4200 1142 1410 4201 1138 1410 4202 1129 1232 4203 1146 1232 4204 1132 1232 4205 1128 1209 4206 1347 1209 4207 1126 1209 4208 1126 16 4209 1123 1418 4210 1125 1396 4211 1348 0 4212 1123 0 4213 1347 0 4214 1124 1419 4215 1350 1420 4216 1349 1335 4217 1122 1421 4218 1124 1421 4219 1349 1421 4220 1122 1223 4221 1351 1224 4222 1120 1225 4223 1352 1 4224 1349 1 4225 1350 1 4226 1353 1206 4227 1352 1207 4228 1350 1208 4229 1348 1268 4230 1353 1268 4231 1350 1268 4232 1354 2 4233 1356 2 4234 1355 2 4235 1356 1203 4236 1358 1204 4237 1355 1205 4238 1356 1209 4239 1359 1209 4240 1357 1209 4241 1357 1422 4242 1361 1423 4243 1360 1406 4244 1360 3 4245 1358 3 4246 1357 3 4247 1364 1200 4248 1360 1201 4249 1363 1202 4250 1365 2 4251 1364 2 4252 1363 2 4253 1363 1424 4254 1367 1425 4255 1365 1425 4256 1363 1199 4257 1360 1199 4258 1361 1199 4259 1368 0 4260 1361 0 4261 1359 0 4262 1367 1426 4263 1370 1427 4264 1369 1212 4265 1365 1421 4266 1367 1421 4267 1369 1421 4268 1365 1280 4269 1371 1281 4270 1366 1282 4271 1369 1 4272 1372 1 4273 1371 1 4274 1373 1206 4275 1372 1207 4276 1370 1208 4277 1368 1312 4278 1373 1312 4279 1370 1312 4280 1374 2 4281 1376 2 4282 1375 2 4283 1376 1289 4284 1378 1290 4285 1375 1291 4286 1376 1428 4287 1379 1428 4288 1377 1428 4289 1377 1429 4290 1381 1430 4291 1380 1366 4292 1377 3 4293 1382 3 4294 1378 3 4295 1384 1215 4296 1380 1216 4297 1383 1217 4298 1383 2 4299 1386 2 4300 1384 2 4301 1383 1196 4302 1387 1197 4303 1385 1198 4304 1383 1431 4305 1380 1431 4306 1381 1431 4307 1388 0 4308 1381 0 4309 1379 0 4310 1388 1432 4311 1390 1433 4312 1387 1434 4313 1388 2 4314 1391 2 4315 1389 2 4316 1392 1 4317 1390 1 4318 1389 1 4319 1395 1435 4320 1392 1436 4321 1394 1437 4322 1396 17 4323 1395 17 4324 1394 17 4325 1397 1438 4326 1378 1439 4327 1382 1360 4328 1384 1393 4329 1397 1393 4330 1382 1393 4331 1386 1193 4332 1397 1194 4333 1384 1195 4334 1395 1386 4335 1386 1386 4336 1393 1386 4337 1385 1342 4338 1393 1343 4339 1386 1344 4340 1385 1440 4341 1387 1440 4342 1390 1440 4343 1396 1399 4344 1375 1399 4345 1378 1399 4346 1392 2 4347 1398 2 4348 1394 2 4349 1374 1232 4350 1399 1232 4351 1372 1232 4352 1400 1441 4353 1372 1442 4354 1399 1443 4355 1401 17 4356 1400 17 4357 1399 17 4358 1402 1444 4359 1358 1445 4360 1362 1231 4361 1364 1192 4362 1402 1192 4363 1362 1192 4364 1366 1384 4365 1402 1446 4366 1364 1195 4367 1400 1386 4368 1366 1386 4369 1371 1386 4370 1401 1232 4371 1355 1232 4372 1358 1232 4373 1354 1447 4374 1113 1447 4375 1352 1447 4376 1116 1448 4377 1352 1449 4378 1113 1015 4379 1116 1450 4380 1120 1450 4381 1351 1450 4382 1114 1232 4383 1127 1232 4384 1118 1232 4385 1114 17 7815 1115 17 7816 1116 17 7817 1115 1189 7818 1114 2046 7819 1118 1190 7820 1120 1193 7821 1116 2047 7822 1115 1194 7823 1122 2 7824 1120 2 7825 1119 2 7826 1121 1196 7827 1123 2048 7828 1124 1197 7829 1119 1200 7830 1117 2049 7831 1125 1201 7832 1126 3 7833 1125 3 7834 1117 3 7835 1128 1203 7836 1126 2050 7837 1118 1204 7838 1129 2 7839 1130 2 7840 1128 2 7841 1130 1206 7842 1129 2051 7843 1132 1207 7844 1135 1210 7845 1133 2052 7846 1131 1211 7847 1137 1214 7848 1138 1214 7849 1135 1214 7850 1137 2 7851 1136 2 7852 1140 2 7853 1139 1215 7854 1141 2053 7855 1142 1216 7856 1140 1219 7857 1144 2054 7858 1143 1220 7859 1136 1223 7860 1134 2055 7861 1145 1224 7862 1132 1 7863 1145 1 7864 1134 1 7865 1144 1226 7866 1145 1285 7867 1132 1227 7868 1147 17 7869 1143 17 7870 1144 17 7871 1143 1229 7872 1147 2056 7873 1148 1230 7874 1150 1233 7875 1151 2057 7876 1148 1234 7877 1150 2 7878 1149 2 7879 1153 2 7880 1152 1236 7881 1153 2058 7882 1155 1237 7883 1158 1240 7884 1156 2059 7885 1154 1241 7886 1160 1246 7887 1161 2060 7888 1158 1247 7889 1163 2 7890 1160 2 7891 1159 2 7892 1162 1248 7893 1164 2054 7894 1165 1249 7895 1159 1253 7896 1157 2061 7897 1166 1254 7898 1155 1 7899 1166 1 7900 1157 1 7901 1155 1256 7902 1167 2062 7903 1164 1257 7904 1168 17 7905 1165 17 7906 1164 17 7907 1165 1260 7908 1168 2063 7909 1170 1261 7910 1163 1215 7911 1169 2053 7912 1171 1216 7913 1172 3 7914 1171 3 7915 1169 3 7916 1174 1262 7917 1172 2064 7918 1170 1263 7919 1174 2 7920 1173 2 7921 1176 2 7922 1175 1265 7923 1176 2065 7924 1178 1266 7925 1181 1269 7926 1179 2066 7927 1177 1270 7928 1183 1273 7929 1184 2067 7930 1181 1274 7931 1186 2 7932 1183 2 7933 1182 2 7934 1185 1276 7935 1187 2068 7936 1188 1277 7937 1182 1280 7938 1180 2069 7939 1189 1281 7940 1178 1 7941 1189 1 7942 1180 1 7943 1187 1283 7944 1189 2070 7945 1178 1284 7946 1191 17 7947 1188 17 7948 1187 17 7949 1188 1286 7950 1191 2071 7951 1193 1287 7952 1186 1215 7953 1192 2053 7954 1194 1216 7955 1195 3 7956 1194 3 7957 1192 3 7958 1197 1289 7959 1195 2072 7960 1193 1290 7961 1197 2 7962 1196 2 7963 1199 2 7964 1198 1206 7965 1199 2051 7966 1201 1207 7967 1204 1293 7968 1202 2073 7969 1200 1294 7970 1206 1295 7971 1207 2074 7972 1204 1296 7973 1205 2 7974 1208 2 7975 1209 2 7976 1205 1280 7977 1203 2069 7978 1210 1281 7979 1210 1 7980 1203 1 7981 1200 1 7982 1212 1298 7983 1210 2070 7984 1201 1299 7985 1213 17 7986 1214 17 7987 1212 17 7988 1214 1301 7989 1213 1302 7990 1216 1302 7991 1208 1303 7992 1212 2075 7993 1214 1304 7994 1209 1215 7995 1215 2053 7996 1217 1216 7997 1217 3 7998 1215 3 7999 1216 3 8000 1218 1308 8001 1219 2076 8002 1207 1309 8003 1220 1203 8004 1218 2050 8005 1216 1204 8006 1220 2 8007 1221 2 8008 1223 2 8009 1222 1206 8010 1223 2051 8011 1225 1207 8012 1228 1313 8013 1226 2077 8014 1224 1314 8015 1230 1196 8016 1231 2048 8017 1228 1197 8018 1229 2 8019 1232 2 8020 1233 2 8021 1229 1315 8022 1227 2078 8023 1234 1316 8024 1224 1 8025 1225 1 8026 1234 1 8027 1225 1318 8028 1235 2079 8029 1236 1319 8030 1237 17 8031 1238 17 8032 1236 17 8033 1238 1321 8034 1237 2080 8035 1240 1322 8036 1232 1193 8037 1236 2047 8038 1238 1194 8039 1233 1325 8040 1239 2081 8041 1241 1326 8042 1241 3 8043 1239 3 8044 1240 3 8045 1231 1328 8046 1241 2082 8047 1242 1329 8048 1226 0 8049 1228 0 8050 1231 0 8051 1244 1203 8052 1242 2050 8053 1240 1204 8054 1246 2 8055 1247 2 8056 1244 2 8057 1247 1206 8058 1246 2051 8059 1249 1207 8060 1252 1333 8061 1250 2083 8062 1248 1334 8063 1254 1214 8064 1255 1214 8065 1252 1337 8066 1254 2 8067 1253 2 8068 1257 2 8069 1256 1215 8070 1258 2053 8071 1259 1216 8072 1257 1339 8073 1261 123 8074 1260 1340 8075 1253 1342 8076 1251 2084 8077 1262 1343 8078 1249 1 8079 1262 1 8080 1251 1 8081 1261 1345 8082 1262 2085 8083 1249 1346 8084 1264 17 8085 1260 17 8086 1261 17 8087 1260 1348 8088 1264 2046 8089 1265 1349 8090 1267 1203 8091 1268 2050 8092 1265 1204 8093 1269 2 8094 1270 2 8095 1267 2 8096 1270 1206 8097 1269 2051 8098 1272 1207 8099 1275 1350 8100 1273 2086 8101 1271 1351 8102 1277 1196 8103 1278 2048 8104 1275 1197 8105 1280 2 8106 1277 2 8107 1276 2 8108 1279 1193 8109 1281 2047 8110 1282 1194 8111 1276 1342 8112 1274 2084 8113 1283 1343 8114 1271 1 8115 1272 1 8116 1283 1 8117 1281 1355 8118 1283 1016 8119 1272 1356 8120 1285 17 8121 1282 17 8122 1281 17 8123 1282 1358 8124 1285 2087 8125 1287 1359 8126 1280 1361 8127 1286 2088 8128 1288 1362 8129 1288 3 8130 1286 3 8131 1287 3 8132 1289 1364 8133 1290 2089 8134 1278 1365 8135 1291 1289 8136 1289 2072 8137 1287 1290 8138 1291 2 8139 1292 2 8140 1294 2 8141 1293 1265 8142 1294 2065 8143 1296 1266 8144 1299 1367 8145 1297 2090 8146 1295 1368 8147 1301 1371 8148 1302 1425 8149 1299 1372 8150 1303 2 8151 1304 2 8152 1301 2 8153 1300 1374 8154 1298 2091 8155 1305 1375 8156 1298 1 8157 1295 1 8158 1296 1 8159 1296 1377 8160 1306 2092 8161 1307 1378 8162 1308 17 8163 1309 17 8164 1307 17 8165 1309 1381 8166 1308 2093 8167 1311 1382 8168 1303 1383 8169 1307 2094 8170 1309 1384 8171 1304 1361 8172 1310 2088 8173 1312 1362 8174 1311 3 8175 1313 3 8176 1312 3 8177 1315 1289 8178 1313 2072 8179 1311 1290 8180 1315 2 8181 1314 2 8182 1317 2 8183 1316 1265 8184 1317 2065 8185 1319 1266 8186 1322 1387 8187 1320 2095 8188 1318 1388 8189 1324 1196 8190 1325 2048 8191 1322 1197 8192 1326 2 8193 1327 2 8194 1324 2 8195 1323 1374 8196 1321 2091 8197 1328 1375 8198 1321 1 8199 1318 1 8200 1319 1 8201 1330 1390 8202 1328 1379 8203 1319 1378 8204 1331 17 8205 1332 17 8206 1330 17 8207 1332 1391 8208 1331 2096 8209 1334 1392 8210 1326 1193 8211 1330 2047 8212 1332 1194 8213 1327 1325 8214 1333 2081 8215 1335 1326 8216 1334 3 8217 1336 3 8218 1335 3 8219 1338 1289 8220 1336 2072 8221 1334 1290 8222 1338 2 8223 1337 2 8224 1340 2 8225 1336 16 8226 1341 2097 8227 1325 1395 8228 1320 0 8229 1322 0 8230 1325 0 8231 1302 1400 8232 1312 1366 8233 1313 1401 8234 1297 0 8235 1299 0 8236 1302 0 8237 1273 0 8238 1275 0 8239 1278 0 8240 1268 1404 8241 1343 2098 8242 1255 1405 8243 1259 3 8244 1258 3 8245 1265 3 8246 1250 0 8247 1252 0 8248 1255 0 8249 1202 0 8250 1204 0 8251 1207 0 8252 1195 1413 8253 1344 2099 8254 1184 1414 8255 1179 0 8256 1181 0 8257 1184 0 8258 1161 1405 8259 1171 1406 8260 1172 1416 8261 1156 0 8262 1158 0 8263 1161 0 8264 1151 1404 8265 1346 2098 8266 1138 1405 8267 1151 3 8268 1142 3 8269 1141 3 8270 1133 0 8271 1135 0 8272 1138 0 8273 1126 16 8274 1347 2097 8275 1123 1418 8276 1348 0 8277 1124 0 8278 1123 0 8279 1124 1419 8280 1348 2100 8281 1350 1420 8282 1122 1223 8283 1349 2055 8284 1351 1224 8285 1352 1 8286 1351 1 8287 1349 1 8288 1353 1206 8289 1354 2051 8290 1352 1207 8291 1354 2 8292 1353 2 8293 1356 2 8294 1356 1203 8295 1357 2050 8296 1358 1204 8297 1357 1422 8298 1359 2101 8299 1361 1423 8300 1360 3 8301 1362 3 8302 1358 3 8303 1364 1200 8304 1362 2049 8305 1360 1201 8306 1365 2 8307 1366 2 8308 1364 2 8309 1363 1424 8310 1361 1198 8311 1367 1425 8312 1368 0 8313 1367 0 8314 1361 0 8315 1367 1426 8316 1368 2102 8317 1370 1427 8318 1365 1280 8319 1369 2069 8320 1371 1281 8321 1369 1 8322 1370 1 8323 1372 1 8324 1373 1206 8325 1374 2051 8326 1372 1207 8327 1374 2 8328 1373 2 8329 1376 2 8330 1376 1289 8331 1377 2072 8332 1378 1290 8333 1377 1429 8334 1379 2101 8335 1381 1430 8336 1377 3 8337 1380 3 8338 1382 3 8339 1384 1215 8340 1382 2053 8341 1380 1216 8342 1383 2 8343 1385 2 8344 1386 2 8345 1383 1196 8346 1381 2048 8347 1387 1197 8348 1388 0 8349 1387 0 8350 1381 0 8351 1388 1432 8352 1389 2103 8353 1390 1433 8354 1392 1 8355 1393 1 8356 1390 1 8357 1395 1435 8358 1393 2104 8359 1392 1436 8360 1396 17 8361 1397 17 8362 1395 17 8363 1397 1438 8364 1396 2105 8365 1378 1439 8366 1386 1193 8367 1395 2047 8368 1397 1194 8369 1385 1342 8370 1390 2084 8371 1393 1343 8372 1400 1441 8373 1371 1285 8374 1372 1442 8375 1401 17 8376 1402 17 8377 1400 17 8378 1402 1444 8379 1401 2106 8380 1358 1445 8381 1366 1384 8382 1400 1385 8383 1402 1446 8384 1116 1448 8385 1351 2085 8386 1352 1449 8387</p>
        </polylist>
        <polylist material="FrontColor_003-material" count="26">
          <input semantic="VERTEX" source="#Mesh12_Group10_Group3_Group1_Model-mesh-vertices" offset="0"/>
          <input semantic="NORMAL" source="#Mesh12_Group10_Group3_Group1_Model-mesh-normals" offset="1"/>
          <input semantic="TEXCOORD" source="#Mesh12_Group10_Group3_Group1_Model-mesh-map-0" offset="2" set="0"/>
          <vcount>3 3 3 3 3 3 3 3 3 3 3 3 3 3 3 3 3 3 3 3 3 3 3 3 3 3 </vcount>
          <p>1751 1 5532 1753 1 5533 1750 1 5534 1755 1794 5535 1751 1795 5536 1754 1795 5537 1757 0 5538 1754 0 5539 1756 0 5540 1759 1796 5541 1757 1797 5542 1758 1798 5543 1760 4 5544 1759 4 5545 1758 4 5546 1760 4 5547 1758 4 5548 1765 4 5549 1760 1799 5550 1769 1800 5551 1761 1801 5552 1771 17 5553 1768 17 5554 1770 17 5555 1771 1802 5556 1753 1803 5557 1769 1804 5558 1761 1805 5559 1769 1805 5560 1753 1805 5561 1761 1806 5562 1752 1806 5563 1759 1807 5564 1755 1808 5565 1759 1808 5566 1752 1808 5567 1751 1 9036 1752 1 9037 1753 1 9038 1755 1794 9039 1752 2156 9040 1751 1795 9041 1757 0 9042 1755 0 9043 1754 0 9044 1759 1796 9045 1755 2157 9046 1757 1797 9047 1760 4 9048 1761 4 9049 1759 4 9050 1758 4 9051 1762 4 9052 1763 4 9053 1763 4 9054 1764 4 9055 1758 4 9056 1765 4 9057 1766 4 9058 1760 4 9059 1766 4 9060 1767 4 9061 1760 4 9062 1758 4 9063 1764 4 9064 1765 4 9065 1760 1799 9066 1768 2158 9067 1769 1800 9068 1771 17 9069 1769 17 9070 1768 17 9071 1771 1802 9072 1750 1802 9073 1753 1803 9074 1761 1806 9075 1753 1807 9076 1752 1806 9077</p>
        </polylist>
      </mesh>
    </geometry>
  </library_geometries>
  <library_controllers/>
  <library_visual_scenes>
    <visual_scene id="Scene" name="Scene">
      <node id="Mesh12_Group10_Group3_Group1_Model" name="Mesh12_Group10_Group3_Group1_Model" type="NODE">
        <matrix sid="transform">1 0 0 0 0 -1.62921e-7 -1 0 0 1 -1.62921e-7 0 0 0 0 1</matrix>
        <instance_geometry url="#Mesh12_Group10_Group3_Group1_Model-mesh" name="Mesh12_Group10_Group3_Group1_Model">
          <bind_material>
            <technique_common>
              <instance_material symbol="Material_002-material" target="#Material_002-material">
                <bind_vertex_input semantic="UVMap" input_semantic="TEXCOORD" input_set="0"/>
              </instance_material>
              <instance_material symbol="FrontColor_002-material" target="#FrontColor_002-material">
                <bind_vertex_input semantic="UVMap" input_semantic="TEXCOORD" input_set="0"/>
              </instance_material>
              <instance_material symbol="FrontColor-material" target="#FrontColor-material">
                <bind_vertex_input semantic="UVMap" input_semantic="TEXCOORD" input_set="0"/>
              </instance_material>
              <instance_material symbol="FrontColor_004-material" target="#FrontColor_004-material">
                <bind_vertex_input semantic="UVMap" input_semantic="TEXCOORD" input_set="0"/>
              </instance_material>
              <instance_material symbol="FrontColor_006-material" target="#FrontColor_006-material">
                <bind_vertex_input semantic="UVMap" input_semantic="TEXCOORD" input_set="0"/>
              </instance_material>
              <instance_material symbol="FrontColor_001-material" target="#FrontColor_001-material">
                <bind_vertex_input semantic="UVMap" input_semantic="TEXCOORD" input_set="0"/>
              </instance_material>
              <instance_material symbol="FrontColor_005-material" target="#FrontColor_005-material">
                <bind_vertex_input semantic="UVMap" input_semantic="TEXCOORD" input_set="0"/>
              </instance_material>
              <instance_material symbol="FrontColor_003-material" target="#FrontColor_003-material">
                <bind_vertex_input semantic="UVMap" input_semantic="TEXCOORD" input_set="0"/>
              </instance_material>
            </technique_common>
          </bind_material>
        </instance_geometry>
      </node>
    </visual_scene>
  </library_visual_scenes>
  <scene>
    <instance_visual_scene url="#Scene"/>
  </scene>
</COLLADA>